/*Data for the table `act_ge_property` */

insert  into `act_ge_property`(`NAME_`,`VALUE_`,`REV_`) values ('next.dbid','1',1);
insert  into `act_ge_property`(`NAME_`,`VALUE_`,`REV_`) values ('schema.history','create(5.20.0.1)',1);
insert  into `act_ge_property`(`NAME_`,`VALUE_`,`REV_`) values ('schema.version','5.20.0.1',1);


/*!40000 ALTER TABLE `itsm_service_priority` DISABLE KEYS */;
insert  into `itsm_service_priority` (`id`, `name`) VALUES
	(1, '紧急'),
	(2, '高'),
	(3, '中'),
	(4, '低');
/*!40000 ALTER TABLE `itsm_service_priority` ENABLE KEYS */;

/*!40000 ALTER TABLE `plat_user` DISABLE KEYS */;
insert  into `plat_user` (`c_id`, `c_name`, `c_sex`, `c_account`, `c_password`, `c_user_type`, `c_mobile`, `c_email`, `c_status`, `c_creator_id`, `c_created_time`, `c_lock_type`, `c_lock_time`, `c_update_pass_time`, `c_pass_error_cnt`, `c_json`, `c_tag1`, `c_tag2`) VALUES
	(1, 'admin', 1, 'admin','21232f297a57a5a743894a0e4a801fc3', 3, '18888888888','admin@yourownorg.com', 1, 1, '2016-10-31 18:25:37', 0, '2016-12-13 00:02:43', NULL, 0, NULL, '', NULL);

/*!40000 ALTER TABLE `ves_sys_config` DISABLE KEYS */;
insert  into `ves_sys_config` (`id`, `content`, `description`) VALUES
	(1, '{"clientIp":"","clientPort":"","connectCount":"3","emailPassword":"guo520","emailPort":"25","emailSendEmail":"guo389305167@163.com","emailSmtp":"smtp.163.com","emailTestEmail":"guoj@vlinksoft.com","manufacturer":"WAVECOM MODEM","messageGatewayIp":"","messageLoginAccount":"","messagePassword":"","messagePort":"","messageSendType":"SMSGateway","messageTestPhone":"","messageType":"SMGP","model":"MULTIBAND  900E  1800","timeOut":"10"}','系统告警设置配置文件'),
	(2, '{"currentCopyRight":"北京维联众诚科技有限公司","defaultCopyRight":"北京维联众诚科技有限公司","loginDefaultLogo":"/static/dist/img/login-logo.png","logoPsdName":"System-Logo-psd.zip","systemCurrentLogo":"/static/dist/img//logo.png","systemCurrentLogoId":"1396000","systemDefaultLogo":"/static/dist/img/logo.png"}','系统图片管理配置文件管理'),
	(3, '{"accessType":"blackList","isEnable":true,"loginDeblockIsEnable":false,"loginDeblockMinutes":"30","loginFailTime":"9","loginFailTimeIsEnable":false,"loginPassValidityAlertDays":"7","loginPassValidityDays":"90","loginPassValidityIsEnable":false,"notAllowed":"192.168.17.123"}','访问控制配置文件'),
	(4, '514','syslog端口号'),
	(5, '162','snmptrap端口号'),
	(6, 'http://www.vlinksoft.com','故障知识下载地址'),
	(7, 'http://www.vlinksoft.com','能力知识下载地址'),
	(8, '{"auMode":"1","baseDn":"admin","encryptionMode":"simple","ip":"2.2.2.3","passWd":"admin","port":"139","userName":"ttt22"}','系统管理，认证方式配置文件'),
	(9, '{"selected":"darkgreen","skins":[{"style":"darkgreen","name":"墨绿"}]}','系统皮肤'),
	(10, '{"integrate":"false","ip":"","tcp":"","udp":""}','大数据配置'),
	(11, '{ "ip" : "127.0.0.1","open" : "false","port" : 9080,"url" : "http://127.0.0.1:9080/cas/login?username=admin&urlFlag=true&service=http://127.0.0.1:9080/itsm/","userName" : "admin" }','ITSM配置'),
	(12, '{"AVAILABLE":"false","LEVEL":"10,0","CODE":"2020","URL":"http://127.0.0.1:9080/itsm/schemas/alarm?wsdl"}','ITSM Web Service接口'),
	(13, '{"URL":"http://127.0.0.1:9080/cms/schemas/moservice?wsdl","open":false}','CMDB Webservice'),
	(14, 'top','系统风格'),
	(15, '{"key":"阿萨德","host":"33.10.2.168","port":"222"}','Redis 配置'),
	(704, '2017-11-4 13:40:01', NULL),
	(711,'levelManagerValue', '3');

/*!40000 ALTER TABLE `ves_sys_config` ENABLE KEYS */;

/*!40000 ALTER TABLE `ves_sys_dict` DISABLE KEYS */;
insert  into `ves_sys_dict` (`id`, `type`, `CODE`, `NAME`, `p_code`, `is_valid`, `description`) VALUES
	(1, 'sex','0','男','0', 1, NULL),
	(2, 'sex','1','女','0', 1, NULL),
	(3, 'sex','2','其他','0', 1, NULL),
	(4, 'updown_status','1','启用','0', 1, ''),
	(5, 'updown_status','0','停用','0', 1, ''),
	(6, 'message_send_type','SMSModem','短信猫','0', 1, NULL),
	(7, 'message_send_type','SMSGateway','短信网关','0', 1, NULL),
	(8, 'SMSModem','GSMModem','GSM Modem','SMSModem', 1, NULL),
	(9, 'SMSModem','CDMAModem','CDMA Modem','SMSModem', 1, NULL),
	(10, 'SMSModem','GPRSModem','GPRS Modem','SMSModem', 1, NULL),
	(11, 'SMSGateway','SGIP','联通SGIP','SMSGateway', 1, NULL),
	(12, 'SMSGateway','CMPP','移动CMPP','SMSGateway', 1, NULL),
	(13, 'SMSGateway','SMGP','电信SMGP','SMSGateway', 1, NULL),
	(14, 'user_type','1','普通用户','0', 1, '此类用户需要通过赋予角色授权。'),
	(15, 'user_type','2','域管理员','0', 1, '此类用户能维护管理整个域，具有域内我的项目最高权限。'),
	(16, 'user_type','3','系统管理员','0', 1, '此类用户能维护管理整个系统，具有最高权限。'),
	(17, 'user_type','4','超级管理员','0', 1, '此类用户能维护管理整个系统，具有最高权限。'),
	(18, 'knowledge_label','1','故障类型','0', 1, NULL),
	(19, 'knowledge_label','2','可能原因','0', 1, NULL),
	(20, 'knowledge_label','3','建议方案','0', 1, NULL),
	(21, 'knowledge_label','4','执行脚本','0', 1, NULL),
	(22, 'prototype_type','1','Telnet','0', 1, NULL),
	(23, 'prototype_type','2','Rlogin','0', 1, NULL),
	(24, 'prototype_type','3','SSH','0', 1, NULL),
	(25, 'prototype_type','4','Raw','0', 1, NULL),
	(26, 'res_indicator_alarm_status','CRITICAL','red','0', 1, '资源指标告警状态致命采用红色标识'),
	(27, 'res_indicator_alarm_status','SERIOUS','orange','0', 1, '资源指标告警状态严重采用橙色标识'),
	(28, 'res_indicator_alarm_status','WARN','yellow','0', 1, '资源指标告警状态警告采用橙色标识'),
	(29, 'res_indicator_alarm_status','UNKOWN','gray','0', 1, '资源指标告警状态未知采用灰色标识'),
	(30, 'res_indicator_alarm_status','NOT_MONITORED','white','0', 1, '资源指标告警状态未监控采用白色标识'),
	(31, 'res_indicator_alarm_status','NORMAL','green','0', 1, '资源指标告警状态正常采用绿色标识'),
	(32, 'syslog_level','0','Emergency','0', 1, NULL),
	(33, 'syslog_level','1','Alert','0', 1, NULL),
	(34, 'syslog_level','2','Critical','0', 1, NULL),
	(35, 'syslog_level','3','Error','0', 1, NULL),
	(36, 'syslog_level','4','Warning','0', 1, NULL),
	(37, 'syslog_level','5','Notice','0', 1, NULL),
	(38, 'syslog_level','6','Information','0', 1, NULL),
	(39, 'syslog_level','7','Debug','0', 1, NULL),
	(40, 'syslog_resource_is_monitor','0','停用','0', 1, NULL),
	(41, 'syslog_resource_is_monitor','1','启用','0', 1, NULL),
	(42, 'snmptrap_type','0','ColdStart','0', 1, NULL),
	(43, 'snmptrap_type','1','WarmStart','0', 1, NULL),
	(44, 'snmptrap_type','2','LinkDown','0', 1, NULL),
	(45, 'snmptrap_type','3','LinkUp','0', 1, NULL),
	(46, 'snmptrap_type','4','AuthenticationFailure','0', 1, NULL),
	(47, 'snmptrap_type','5','egpNeighborLoss','0', 1, NULL),
	(48, 'discoveryFailureCode','100','发现失败代码','0', 1, '已超过License规定数量'),
	(49, 'discoveryFailureCode','700','发现失败代码','0', 1, '操作数据库异常'),
	(50, 'discoveryFailureCode','701','发现失败代码','0', 1, 'memcache 加载失败'),
	(51, 'discoveryFailureCode','710','发现失败代码','0', 1, '资源实例重复'),
	(52, 'discoveryFailureCode','711','发现失败代码','0', 1, '资源库实例拦截器'),
	(53, 'discoveryFailureCode','712','发现失败代码','0', 1, '资源库实例属性拦截器'),
	(54, 'discoveryFailureCode','721','发现失败代码','0', 1, '发现的资源的名称属性id对应的属性不存在'),
	(55, 'discoveryFailureCode','722','发现失败代码','0', 1, '发现的资源的资源实例化依赖的ID属性id对应的属性不存在'),
	(56, 'discoveryFailureCode','723','发现失败代码','0', 1, '发现的资源的资源实例化依赖的ID属性不存在'),
	(57, 'discoveryFailureCode','724','发现失败代码','0', 1, '发现的资源的资源实例化时，指标执行参数依赖的属性ID对应的属性定义不存在'),
	(58, 'discoveryFailureCode','725','发现失败代码','0', 1, '发现失败，请检查发现信息'),
	(59, 'discoveryFailureCode','726','发现失败代码','0', 1, '发现的资源的资源实例化没有主资源实例。发现用的指标取不到值'),
	(60, 'discoveryFailureCode','727','发现失败代码','0', 1, '发现的网络设备时，systemoid找不到对应的模型id'),
	(61, 'discoveryFailureCode','728','发现失败代码','0', 1, '请检查IP地址、SNMP端口和团体名称等信息。并确认被发现设备的SNMP服务已启动且防火墙已开通'),
	(62, 'discoveryFailureCode','729','发现失败代码','0', 1, '模型实例化指标不存在'),
	(63, 'discoveryFailureCode','730','发现失败代码','0', 1, '资源已经添加到监控'),
	(64, 'discoveryFailureCode','731','发现失败代码','0', 1, '发现输入参数不正确'),
	(65, 'discoveryFailureCode','732','发现失败代码','0', 1, '发现的资源模型在采集器不存在'),
	(66, 'discoveryFailureCode','733','发现失败代码','0', 1, '发现的资源模型指标在采集器不存在'),
	(67, 'discoveryFailureCode','734','发现失败代码','0', 1, '资源策略不存在'),
	(68, 'discoveryFailureCode','735','发现失败代码','0', 1, '处理器的类名为空'),
	(69, 'discoveryFailureCode','736','发现失败代码','0', 1, '资源实例再采集器上查询为null'),
	(70, 'discoveryFailureCode','737','发现失败代码','0', 1, '在采集器上查询资源实例异常'),
	(71, 'discoveryFailureCode','738','发现失败代码','0', 1, '模型上的指标的采集协议没有定义'),
	(72, 'discoveryFailureCode','739','发现失败代码','0', 1, '模型上的指标的没有定义'),
	(73, 'discoveryFailureCode','740','发现失败代码','0', 1, '绑定查询参数失败'),
	(74, 'discoveryFailureCode','741','发现失败代码','0', 1, '指标执行超时'),
	(75, 'discoveryFailureCode','780','发现失败代码','0', 1, '系统内部执行异常'),
	(76, 'discoveryFailureCode','781','发现失败代码','0', 1, '系统内部执行异常'),
	(77, 'discoveryFailureCode','782','发现失败代码','0', 1, '系统内部执行异常'),
	(78, 'discoveryFailureCode','783','发现失败代码','0', 1, '系统内部执行异常'),
	(79, 'discoveryFailureCode','784','发现失败代码','0', 1, '无法取值请检查发现信息'),
	(80, 'discoveryFailureCode','790','发现失败代码','0', 1, '请检查采集器/处理器状态并重试'),
	(81, 'discoveryFailureCode','795','发现失败代码','0', 1, '系统内部执行异常'),
	(82, 'discoveryFailureCode','801','发现失败代码','0', 1, '采集失败'),
	(83, 'discoveryFailureCode','802','发现失败代码','0', 1, '没有采集命令'),
	(84, 'discoveryFailureCode','803','发现失败代码','0', 1, '采集失败'),
	(85, 'discoveryFailureCode','804','发现失败代码','0', 1, '采集失败'),
	(86, 'discoveryFailureCode','805','发现失败代码','0', 1, '连接失败'),
	(87, 'discoveryFailureCode','806','发现失败代码','0', 1, '发现参数错误'),
	(88, 'discoveryFailureCode','807','发现失败代码','0', 1, '登录失败'),
	(89, 'discoveryFailureCode','808','发现失败代码','0', 1, '加载配置文件失败'),
	(90, 'discoveryFailureCode','809','发现失败代码','0', 1, '用户名或密码错误'),
	(91, 'discoveryFailureCode','810','发现失败代码','0', 1, 'JDBC连接URL错误'),
	(92, 'discoveryFailureCode','811','发现失败代码','0', 1, '当前用户权限不足'),
	(93, 'discoveryFailureCode','812','发现失败代码','0', 1, '服务器拒绝连接，请确定IP和端口是否正确，以及相关服务是否启动'),
	(94, 'discoveryFailureCode','813','发现失败代码','0', 1, '密码中包含无效字符'),
	(95, 'discoveryFailureCode','814','发现失败代码','0', 1, '连接WMI Agent失败'),
	(96, 'discoveryFailureCode','815','发现失败代码','0', 1, '采集指标超时'),
	(97, 'discoveryFailureCode','816','发现失败代码','0', 1, 'JDBC登录连接超时，请检查发现参数是否正确以及网络环境是否稳定'),
	(98, 'discoveryFailureCode','817','发现失败代码','0', 1, 'Telnet命令读取数据超时'),
	(99, 'discoveryFailureCode','861','发现失败代码','0', 1, '空参数'),
	(100, 'discoveryFailureCode','862','发现失败代码','0', 1, '没标题列'),
	(101, 'discoveryFailureCode','863','发现失败代码','0', 1, '转换器空值错误'),
	(102, 'discoveryFailureCode','864','发现失败代码','0', 1, '实例key的值是空'),
	(103, 'discoveryFailureCode','865','发现失败代码','0', 1, '数据库类型是空');
/*!40000 ALTER TABLE `ves_sys_dict` ENABLE KEYS */;

insert  into `plat_company`(`company_id`,`company_short_name`,`company_full_name`,company_parentId) values (1,'集团公司','',0);

/*!40000 ALTER TABLE `plat_right` DISABLE KEYS */;

/*Data for the table `plat_right` */



/*INSERT INTO `plat_right` VALUES ('1','服务台','iconfont icon-shouye','2001','/ves/service/','首页模块','0','2','0','1','1','1','1','{deafult:false,cls: \"simple\"}','systemSet');
INSERT INTO `plat_right` VALUES ('2','系统管理','iconfont icon-shezhi','2002','/ves/system/','系统管理','0','8','0','0','0','1','1','{deafult: false,cls: \"deafult\"}','');
INSERT INTO `plat_right` VALUES ('3','运维中心','iconfont icon-ziyuan','2003','/ves/omcenter/','运维中心','0','4','0','0','1','1','1','{deafult: false,cls: \"deafult\"}','');
INSERT INTO `plat_right` VALUES ('4','服务流程','iconfont icon-shezhi','2004','/ves/serviceProcess/','服务流程','0','3','0','0','1','1','1','{deafult: false,cls: \"deafult\"}','');
INSERT INTO `plat_right` VALUES ('5','统计分析','iconfont icon-keshihua','2005','/ves/report/','统计分析','0','7','0','0','1','1','1','{deafult: false,cls: \"deafult\"}','');
INSERT INTO `plat_right` VALUES ('6','资产配置','iconfont icon-shezhi','2006','/ves/assetconfig/','资产配置管理','0','6','0','0','1','1','1','{deafult: false,cls: \"deafult\"}','');
INSERT INTO `plat_right` VALUES ('7','巡检管理','iconfont icon-shezhi','2007','/ves/inspection/','巡检管理','0','5','0','0','1','1','1','{deafult: false,cls: \"deafult\"}',NULL);
INSERT INTO `plat_right` VALUES ('8','工作台模式','iconfont icon-shouye','2008','/ves/workbench/','工作台模式','0','9','0','0','1','1','1','{deafult: false,cls: \"deafult\"}','');
INSERT INTO `plat_right` VALUES ('11','首页','iconfont icon-shouye','2000','/ves/homePage/','首页模块','0','1','0','1','1','1','1','{deafult:true,cls: \"simple\"}','systemSet');
INSERT INTO `plat_right` VALUES ('101', '待分派', 'iconfont icon-shezhi', '1001', '/ves/service/servicePanel/workOrderPool/waitAssign/', '待分派', '0', '101', '1', '0', '0', '0', '1', '{deafult: false,cls: \"deafult\"}', 'workOrderPool');
INSERT INTO `plat_right` VALUES ('102', '全部工单', 'iconfont icon-shezhi', '1002', '/ves/service/servicePanel/workOrderPool/alreadyAssign/', '已分派', '0', '102', '1', '0', '0', '0', '1', '{deafult: false,cls: \"deafult\"}', 'workOrderPool');
INSERT INTO `plat_right` VALUES ('103', '监控告警', 'iconfont icon-shezhi', '1003', '/ves/service/servicePanel/workOrderPool/monitoringAlarm/', '监控告警', '0', '103', '1', '0', '0', '0', '1', '{deafult: false,cls: \"deafult\"}', 'workOrderPool');
INSERT INTO `plat_right` VALUES ('111', '我的请求', 'iconfont icon-shezhi', '1011', '/ves/service/servicePanel/myWorkOrder/requestWork/', '我的请求工单', '0', '111', '1', '0', '0', '0', '0', '{deafult: false,cls: \"deafult\"}', 'myWorkOrderShow');
INSERT INTO `plat_right` VALUES ('112', '我的事件', 'iconfont icon-shezhi', '1012', '/ves/service/servicePanel/myWorkOrder/eventWork/', '我的事件工单', '0', '112', '1', '0', '0', '0', '1', '{deafult: false,cls: \"deafult\"}', 'myWorkOrderShow');
INSERT INTO `plat_right` VALUES ('113', '我的问题', 'iconfont icon-shezhi', '1013', '/ves/service/servicePanel/myWorkOrder/questionWork/', '我的问题工单', '0', '113', '1', '0', '0', '0', '1', '{deafult: false,cls: \"deafult\"}', 'myWorkOrderShow');
INSERT INTO `plat_right` VALUES ('114', '我的变更', 'iconfont icon-shezhi', '1014', '/ves/service/servicePanel/myWorkOrder/changeWork/', '我的变更工单', '0', '114', '1', '0', '0', '0', '1', '{deafult: false,cls: \"deafult\"}', 'myWorkOrderShow');
INSERT INTO `plat_right` VALUES ('121', '知识库', 'iconfont icon-shezhi', '1021', '/ves/omcenter/operatPanel/knowledgrPanel/', '知识库', '0', '121', '1', '0', '0', '0', '1', '{deafult: false,cls: \"deafult\"}', 'knowledgeBase');
INSERT INTO `plat_right` VALUES ('122', '我的知识', 'iconfont icon-shezhi', '1022', '/ves/omcenter/operatPanel/myknowledgePanel/', '我的知识', '0', '122', '1', '0', '0', '0', '1', '{deafult: false,cls: \"deafult\"}', 'knowledgeBase');
INSERT INTO `plat_right` VALUES ('123', '知识列表', 'iconfont icon-shezhi', '1023', '/ves/omcenter/operatPanel/knowledgeListPanel/', '知识列表', '0', '123', '1', '0', '0', '0', '1', '{deafult: false,cls: \"deafult\"}', 'knowledgeBase');
INSERT INTO `plat_right` VALUES ('131', '我的值班', 'iconfont icon-shezhi', '1031', '/ves/service/servicePanel/myDuty/myDuty/', '我的值班', '0', '131', '1', '0', '0', '0', '1', '{deafult: false,cls: \"deafult\"}', 'myduty');
INSERT INTO `plat_right` VALUES ('132', '我的请假', 'iconfont icon-shezhi', '1032', '/ves/service/servicePanel/myDuty/myLeave/', '我的请假', '0', '132', '1', '0', '0', '0', '1', '{deafult: false,cls: \"deafult\"}', 'myduty');
INSERT INTO `plat_right` VALUES ('133', '我的换班', 'iconfont icon-shezhi', '1033', '/ves/service/servicePanel/myDuty/myExchange/', '我的换班', '0', '133', '1', '0', '0', '0', '1', '{deafult: false,cls: \"deafult\"}', 'myduty');
INSERT INTO `plat_right` VALUES ('201', '用户管理', 'iconfont icon-shezhi', '201', '/ves/system/sysPanel/userPanel/', '用户管理', '0', '201', '2', '0', '0', '0', '1', '{deafult: false,cls: \"deafult\"}', 'organizationOfPerson');
INSERT INTO `plat_right` VALUES ('202', '角色管理', 'iconfont icon-shezhi', '202', '/ves/system/sysPanel/rolePanel/', '角色管理', '0', '202', '2', '0', '0', '0', '1', '{deafult: false,cls: \"deafult\"}', 'organizationOfPerson');
INSERT INTO `plat_right` VALUES ('203', '组织域', 'iconfont icon-shezhi', '203', '/ves/system/sysPanel/companyPanel/', '公司名称', '0', '203', '2', '0', '0', '0', '1', '{deafult: false,cls: \"deafult\"}', 'organizationOfPerson');
INSERT INTO `plat_right` VALUES ('204', '组织架构', 'iconfont icon-shezhi', '204', '/ves/system/sysPanel/organizationPanel/', '组织架构', '0', '204', '2', '0', '0', '0', '1', '{deafult: false,cls: \"deafult\"}', 'organizationOfPerson');
INSERT INTO `plat_right` VALUES ('206', '申请人管理', 'iconfont icon-shezhi', '206', '/ves/system/sysPanel/customerPanel/', '申请人管理', '0', '206', '2', '0', '0', '0', '1', '{deafult: false,cls: \"deafult\"}', 'systemSet');
INSERT INTO `plat_right` VALUES ('210', '流程管理', 'iconfont icon-shezhi', '210', '/ves/system/sysPanel/flowManage/', '流程管理', '0', '210', '2', '0', '0', '0', '1', '{deafult: false,cls: \"deafult\"}', 'operationsManage');
INSERT INTO `plat_right` VALUES ('207','工作组管理','iconfont icon-shezhi','207','/ves/system/sysPanel/workGroup/','工作组管理', '0', '207', '2', '0', '0', '0', '1','{deafult: false,cls: \"deafult\"}','systemSet');
INSERT INTO `plat_right` VALUES ('212', '满意度管理', 'iconfont icon-shezhi', '212', '/ves/system/sysPanel/satisfiedManage/', '满意度管理', '0', '212', '2', '0', '0', '0', '1', '{deafult: false,cls: \"deafult\"}', 'operationsManage');
INSERT INTO `plat_right` VALUES ('213', '图片设置', 'iconfont icon-shezhi', '213', '/ves/system/sysPanel/imagPanel/', '图片设置', '0', '213', '2', '0', '0', '0', '1', '{deafult: false,cls: \"deafult\"}', 'systemSet');
INSERT INTO `plat_right` VALUES ('220', '审计日志', 'iconfont icon-shezhi', '220', '/ves/system/sysPanel/auditLogPanel/', '审计日志', '0', '220', '2', '0', '0', '0', '1', '{deafult: false,cls: \"deafult\"}', 'auditLog');
INSERT INTO `plat_right` VALUES ('301', '知识审核', 'iconfont icon-shezhi', '3001', '/ves/omcenter/operatPanel/approveKnowledge/', '知识审核', '0', '301', '3', '0', '0', '0', '1', '{deafult: false,cls: \"deafult\"}', 'myReview');
INSERT INTO `plat_right` VALUES ('305', '目录管理', 'iconfont icon-shezhi', '3005', '/ves/omcenter/operatPanel/directorymamagePanel/', '目录管理', '0', '305', '3', '0', '0', '0', '1', '{deafult: false,cls: \"deafult\"}', 'serviceDirectory');
INSERT INTO `plat_right` VALUES ('307', 'SLA管理', 'iconfont icon-shezhi', '3007', '/ves/omcenter/operatPanel/SLAPanel/', 'SLA管理', '0', '307', '3', '0', '0', '0', '1', '{deafult: false,cls: \"deafult\"}', 'serviceDirectory');
INSERT INTO `plat_right` VALUES ('308', '值班管理', 'iconfont icon-shezhi', '3008', '/ves/omcenter/operatPanel/dutyviewPanel/', '值班管理', '0', '308', '3', '0', '0', '0', '1', '{deafult: false,cls: \"deafult\"}', 'dutyManagement');
INSERT INTO `plat_right` VALUES ('311', '班次管理', 'iconfont icon-shezhi', '3011', '/ves/omcenter/operatPanel/shiftmanagePanel/', '班次管理', '0', '311', '3', '0', '0', '0', '1', '{deafult: false,cls: \"deafult\"}', 'dutyManagement');
INSERT INTO `plat_right` VALUES ('312', '值班情况', 'iconfont icon-shezhi', '3012', '/ves/omcenter/operatPanel/dutySituation/', '值班情况', '0', '312', '3', '0', '0', '0', '1', '{deafult: false,cls: \"deafult\"}', 'dutyManagement');
INSERT INTO `plat_right` VALUES ('313', '知识库', 'iconfont icon-shezhi', '3013', '/ves/omcenter/operatPanel/knowledgeSum/', '知识库', '0', '313', '3', '0', '0', '0', '1', '{deafult: false,cls: \"deafult\"}', 'knowledgeManager');
INSERT INTO `plat_right` VALUES ('314', '通告管理', 'iconfont icon-shezhi', '3012', '/ves/omcenter/operatPanel/noticePanel/', '通告管理', '0', '314', '3', '0', '0', '0', '1', '{deafult: false,cls: \"deafult\"}', 'operationsNotify');
INSERT INTO `plat_right` VALUES ('399', '请假审核', 'iconfont icon-shezhi', '3099', '/ves/omcenter/operatPanel/leaveListPanel/', '请假审核', '0', '399', '3', '0', '0', '0', '1', '{deafult: false,cls: \"deafult\"}', 'myReview');
INSERT INTO `plat_right` VALUES ('400', '换班审核', 'iconfont icon-shezhi', '4000', '/ves/omcenter/operatPanel/exchangePanel/', '换班审核', '0', '400', '3', '0', '0', '0', '1', '{deafult: false,cls: \"deafult\"}', 'myReview');
INSERT INTO `plat_right` VALUES ('411', '提交请求', 'iconfont icon-shezhi', '4011', '/ves/serviceProcess/serviceProcessPanel/newRequestPanel/', '提交请求', '0', '411', '4', '0', '0', '0', '1', '{deafult: false,cls: \"deafult\"}', 'serviceRequest');
INSERT INTO `plat_right` VALUES ('412', '我的请求', 'iconfont icon-shezhi', '4012', '/ves/serviceProcess/serviceProcessPanel/myNewRequest/', '我的请求', '0', '412', '4', '0', '0', '0', '1', '{deafult: false,cls: \"deafult\"}', 'serviceRequest');
INSERT INTO `plat_right` VALUES ('413', '待办请求', 'iconfont icon-shezhi', '4013', '/ves/serviceProcess/serviceProcessPanel/noDealtRequest/', '待办请求', '0', '413', '4', '0', '0', '0', '1', '{deafult: false,cls: \"deafult\"}', 'serviceRequest');
INSERT INTO `plat_right` VALUES ('414', '请求查询', 'iconfont icon-shezhi', '4014', '/ves/serviceProcess/serviceProcessPanel/requestQuery/', '请求查询', '0', '414', '4', '0', '0', '0', '1', '{deafult: false,cls: \"deafult\"}', 'serviceRequest');
INSERT INTO `plat_right` VALUES ('421', '提交事件', 'iconfont icon-shezhi', '4021', '/ves/serviceProcess/serviceProcessPanel/newEventPanel/', '提交事件', '0', '421', '4', '0', '0', '0', '1', '{deafult: false,cls: \"deafult\"}', 'eventManage');
INSERT INTO `plat_right` VALUES ('422', '我的提交', 'iconfont icon-shezhi', '4022', '/ves/serviceProcess/serviceProcessPanel/myNewEvent/', '我的提交', '0', '422', '4', '0', '0', '0', '1', '{deafult: false,cls: \"deafult\"}', 'eventManage');
INSERT INTO `plat_right` VALUES ('423', '待办事件', 'iconfont icon-shezhi', '4023', '/ves/serviceProcess/serviceProcessPanel/noDealtEvent/', '待办事件', '0', '423', '4', '0', '0', '0', '1', '{deafult: false,cls: \"deafult\"}', 'eventManage');
INSERT INTO `plat_right` VALUES ('424', '事件查询', 'iconfont icon-shezhi', '4024', '/ves/serviceProcess/serviceProcessPanel/eventQuery/', '事件查询', '0', '424', '4', '0', '0', '0', '1', '{deafult: false,cls: \"deafult\"}', 'eventManage');
INSERT INTO `plat_right` VALUES ('431', '新增问题', 'iconfont icon-shezhi', '4031', '/ves/serviceProcess/serviceProcessPanel/newProblemPanel/', '新增问题', '0', '431', '4', '0', '0', '0', '1', '{deafult: false,cls: \"deafult\"}', 'problemManage');
INSERT INTO `plat_right` VALUES ('432', '我的新增', 'iconfont icon-shezhi', '4032', '/ves/serviceProcess/serviceProcessPanel/myNewProblem/', '我的新增', '0', '432', '4', '0', '0', '0', '1', '{deafult: false,cls: \"deafult\"}', 'problemManage');
INSERT INTO `plat_right` VALUES ('433', '待办问题', 'iconfont icon-shezhi', '4033', '/ves/serviceProcess/serviceProcessPanel/noDealtProblem/', '待办问题', '0', '433', '4', '0', '0', '0', '1', '{deafult: false,cls: \"deafult\"}', 'problemManage');
INSERT INTO `plat_right` VALUES ('434', '问题查询', 'iconfont icon-shezhi', '4034', '/ves/serviceProcess/serviceProcessPanel/problemQuery/', '问题查询', '0', '434', '4', '0', '0', '0', '1', '{deafult: false,cls: \"deafult\"}', 'problemManage');
INSERT INTO `plat_right` VALUES ('441', '新增变更', 'iconfont icon-shezhi', '4041', '/ves/serviceProcess/serviceProcessPanel/newChange/', '新增变更', '0', '441', '4', '0', '0', '0', '1', '{deafult: false,cls: \"deafult\"}', 'changeManage');
INSERT INTO `plat_right` VALUES ('442', '我的新增', 'iconfont icon-shezhi', '4042', '/ves/serviceProcess/serviceProcessPanel/myNewChange/', '我的新增', '0', '442', '4', '0', '0', '0', '1', '{deafult: false,cls: \"deafult\"}', 'changeManage');
INSERT INTO `plat_right` VALUES ('443', '待办变更', 'iconfont icon-shezhi', '4043', '/ves/serviceProcess/serviceProcessPanel/noDealtChange/', '待办变更', '0', '443', '4', '0', '0', '0', '1', '{deafult: false,cls: \"deafult\"}', 'changeManage');
INSERT INTO `plat_right` VALUES ('444', '变更日历', 'iconfont icon-shezhi', '4044', '/ves/serviceProcess/serviceProcessPanel/changeCalendar/', '变更日历', '0', '444', '4', '0', '0', '0', '1', '{deafult: false,cls: \"deafult\"}', 'changeManage');
INSERT INTO `plat_right` VALUES ('445', '变更查询', 'iconfont iocn-shezhi', '4045', '/ves/serviceProcess/serviceProcessPanel/changeQuery/', '变更查询', '0', '445', '4', '0', '0', '0', '1', '{deafult: false,cls: \"deafult\"}', 'changeManage');
INSERT INTO `plat_right` VALUES ('500', '当前状态', 'iconfont icon-shezhi', '5000', '/ves/report/reportPanel/workOrderStatisticsPanel/currentStateStatistics/', '当前状态', '0', '500', '5', '0', '0', '0', '1', '{deafult: false,cls: \"deafult\"}', 'workOrderStatistics');
INSERT INTO `plat_right` VALUES ('501', '服务目录', 'iconfont icon-shezhi', '5001', '/ves/report/reportPanel/workOrderStatisticsPanel/serviceCatalogStatistics/', '工单服务目录统计', '0', '501', '5', '0', '0', '0', '1', '{deafult: false,cls: \"deafult\"}', 'workOrderStatistics');
INSERT INTO `plat_right` VALUES ('502', '处理数量', 'iconfont icon-shezhi', '5002', '/ves/report/reportPanel/workOrderStatisticsPanel/disposeNumberStatistics/', '处理数量', '0', '502', '5', '0', '0', '0', '1', '{deafult: false,cls: \"deafult\"}', 'workOrderStatistics');
INSERT INTO `plat_right` VALUES ('503', '用户满意度', 'iconfont icon-shezhi', '5003', '/ves/report/reportPanel/workOrderStatisticsPanel/satisfactionStatistics/', '用户满意度', '0', '503', '5', '0', '0', '0', '1', '{deafult: false,cls: \"deafult\"}', 'workOrderStatistics');
INSERT INTO `plat_right` VALUES ('505', '资产类型', 'iconfont icon-shezhi', '5005', '/ves/report/reportPanel/cmdbStatisticsPanel/typeStatistics/', '资产统计', '0', '505', '5', '0', '0', '0', '1', '{deafult: false,cls: \"deafult\"}', 'cmdbStatistics');
INSERT INTO `plat_right` VALUES ('506', '资产分布', 'iconfont icon-shezhi', '5006', '/ves/report/reportPanel/cmdbStatisticsPanel/distributionStatistics/', '资产分布', '0', '506', '5', '0', '0', '0', '1', '{deafult: false,cls: \"deafult\"}', 'cmdbStatistics');
INSERT INTO `plat_right` VALUES ('507', '资产状态', 'iconfont icon-shezhi', '5007', '/ves/report/reportPanel/cmdbStatisticsPanel/stateStatistics/', '资产状态', '0', '507', '5', '0', '0', '0', '1', '{deafult: false,cls: \"deafult\"}', 'cmdbStatistics');
INSERT INTO `plat_right` VALUES ('508', '工作量统计', 'iconfont icon-shezhi', '5008', '/ves/report/reportPanel/workNumPanel/', '工作量统计', '0', '508', '5', '0', '0', '0', '1', '{deafult: false,cls: \"deafult\"}', 'personStatement');
INSERT INTO `plat_right` VALUES ('510', '满意度统计', 'iconfont icon-shezhi', '5010', '/ves/report/reportPanel/satisfiedPanel/', '满意度统计', '0', '510', '5', '0', '0', '0', '1', '{deafult: false,cls: \"deafult\"}', 'personStatement');
INSERT INTO `plat_right` VALUES ('511', '值班统计', 'iconfont icon-shezhi', '5011', '/ves/report/reportPanel/dutyPanel/', '值班统计', '0', '511', '5', '0', '0', '0', '1', '{deafult: false,cls: \"deafult\"}', 'personStatement');
INSERT INTO `plat_right` VALUES ('512', '知识贡献统计', 'iconfont icon-shezhi', '5012', '/ves/report/reportPanel/knowledgeNumberPanel/', '知识贡献统计', '0', '512', '5', '0', '0', '0', '1', '{deafult: false,cls: \"deafult\"}', 'personStatement');
INSERT INTO `plat_right` VALUES ('522', '知识统计', 'iconfont icon-shezhi', '5022', '/ves/report/reportPanel/knowledgePanel/', '知识统计', '0', '522', '5', '0', '0', '0', '1', '{deafult: false,cls: \"deafult\"}', 'knowledgeStatistics');
INSERT INTO `plat_right` VALUES ('640', '资产管理', 'iconfont icon-shezhi', '6040', '/ves/assetconfig/assetPanel/assetManagementPanel/', '资产管理', '0', '640', '999', '0', '0', '0', '1', '{deafult: false,cls: \"deafult\"}', 'assetManagement');
INSERT INTO `plat_right` VALUES ('644', '资产统计', 'iconfont icon-shezhi', '6041', '/ves/assetconfig/assetPanel/assetStatisticsPanel/', '资产统计', '0', '645', '6', '0', '0', '0', '1', '{deafult: false,cls: \"deafult\"}', 'assetManagement');
INSERT INTO `plat_right` VALUES ('641','资产盘点','iconfont icon-shezhi','6062','/ves/assetconfig/assetPanel/assetInventory/','资产盘点','0','641','6','0','0','0','1','{deafult: false,cls: \"deafult\"}','assetManagement');
INSERT INTO `plat_right` VALUES ('642','资产登记','iconfont icon-shezhi','6063','/ves/assetconfig/assetPanel/assetRegister/','资产登记','0','642','6','0','0','0','1','{deafult: false,cls: \"deafult\"}','assetManagement');
INSERT INTO `plat_right` VALUES ('643','资产管理','iconfont icon-shezhi','6064','/ves/assetconfig/assetPanel/assetManagment/','资产管理','0','643','6','0','0','0','1','{deafult: false,cls: \"deafult\"}','assetManagement');
INSERT INTO `plat_right` VALUES ('639', '概览', 'iconfont icon-shezhi', '6050', '/ves/assetconfig/assetPanel/cmdbPanel/', '概览', '0', '650', '6', '0', '0', '0', '1', '{deafult: false,cls: \"deafult\"}', 'configureManagement');
INSERT INTO `plat_right` VALUES ('651', '位置', 'iconfont icon-shezhi', '6051', '/ves/assetconfig/assetPanel/positionPanel/', '位置', '0', '651', '6', '0', '0', '0', '1', '{deafult: false,cls: \"deafult\"}', 'configureManagement');
INSERT INTO `plat_right` VALUES ('652', '文档', 'iconfont icon-shezhi', '6052', '/ves/assetconfig/assetPanel/filePanel/', '文档', '0', '652', '6', '0', '0', '0', '1', '{deafult: false,cls: \"deafult\"}', 'configureManagement');
INSERT INTO `plat_right` VALUES ('653', '联系人', 'iconfont icon-shezhi', '6053', '/ves/assetconfig/assetPanel/linkmanPanel/', '联系人', '0', '653', '6', '0', '0', '0', '1', '{deafult: false,cls: \"deafult\"}', 'configureManagement');
INSERT INTO `plat_right` VALUES ('654', '软件目录', 'iconfont icon-shezhi', '6054', '/ves/assetconfig/assetPanel/softwarePanel/', '软件目录', '0', '654', '6', '0', '0', '0', '1', '{deafult: false,cls: \"deafult\"}', 'configureManagement');
INSERT INTO `plat_right` VALUES ('655', '合同管理', 'iconfont icon-shezhi', '6055', '/ves/assetconfig/assetPanel/contractManagePanel/', '合同管理', '0', '655', '6', '0', '0', '0', '1', '{deafult: false,cls: \"deafult\"}', 'configureManagement');
INSERT INTO `plat_right` VALUES ('656', '供应商管理', 'iconfont icon-shezhi', '6056', '/ves/assetconfig/assetPanel/clientManagePanel/', '供应商管理', '0', '656', '6', '0', '0', '0', '1', '{deafult: false,cls: \"deafult\"}', 'configureManagement');
INSERT INTO `plat_right` VALUES ('657', '类型配置', 'iconfont icon-shezhi', '6057', '/ves/assetconfig/assetPanel/typePanel/', '类型配置', '0', '657', '6', '0', '0', '0', '1', '{deafult: false,cls: \"deafult\"}', 'configureManagement');
INSERT INTO `plat_right` VALUES ('658', '数据同步', 'iconfont icon-shezhi', '6058', '/ves/assetconfig/assetPanel/dataSyncPanel/', '数据同步', '0', '658', '6', '0', '0', '0', '1', '{deafult: false,cls: \"deafult\"}', 'configureManagement');
INSERT INTO `plat_right` VALUES ('660', 'CI建模', 'iconfont icon-shezhi', '6060', '/ves/assetconfig/assetPanel/CIManagePanel/', 'CI建模', '0', '660', '6', '0', '0', '0', '1', '{deafult: false,cls: \"deafult\"}', 'configManagement');
INSERT INTO `plat_right` VALUES ('661', '属性管理', 'iconfont icon-shezhi', '6061', '/ves/assetconfig/assetPanel/attrManagePanel/', '属性管理', '0', '661', '6', '0', '0', '0', '1', '{deafult: false,cls: \"deafult\"}', 'configManagement');
INSERT INTO `plat_right` VALUES ('701', '待办巡检', 'iconfont icon-shezhi', '7001', '/ves/inspection/inspectionPanel/noInspection/', '待办巡检', '0', '701', '7', '0', '0', '0', '1', '{deafult: false,cls: \"deafult\"}', 'myInspection');
INSERT INTO `plat_right` VALUES ('702', '全部巡检', 'iconfont icon-shezhi', '7002', '/ves/inspection/inspectionPanel/allInspection/', '全部巡检', '0', '702', '7', '0', '0', '0', '1', '{deafult: false,cls: \"deafult\"}', 'myInspection');
INSERT INTO `plat_right` VALUES ('703', '巡检任务', 'iconfont icon-shezhi', '7003', '/ves/inspection/inspectionPanel/inspectionTask/', '巡检任务', '0', '703', '7', '0', '0', '0', '1', '{deafult: false,cls: \"deafult\"}', 'inspectionTask');
INSERT INTO `plat_right` VALUES ('704', '巡检计划', 'iconfont icon-shezhi', '7004', '/ves/inspection/inspectionPanel/inspectionPlan/', '巡检计划', '0', '704', '7', '0', '0', '0', '1', '{deafult: false,cls: \"deafult\"}', 'inspectionPlan');*/
/*!40000 ALTER TABLE `plat_right` ENABLE KEYS */;

/*!40000 ALTER TABLE `plat_role` DISABLE KEYS */;
/*Data for the table `plat_role` */


insert into `plat_right` (`id`, `NAME`, `icon`, `file_id`, `url`, `description`, `type`, `sort`, `pid`, `is_select`, `is_role_used`, `STATUS`, `is_new_tag`, `json`, `grpcode`) values('1','服务台','iconfont icon-shouye','2001','/ves/service/','首页模块','0','2','0','1','1','1','1','{deafult:false,cls: \"simple\"}','systemSet');
insert into `plat_right` (`id`, `NAME`, `icon`, `file_id`, `url`, `description`, `type`, `sort`, `pid`, `is_select`, `is_role_used`, `STATUS`, `is_new_tag`, `json`, `grpcode`) values('2','系统管理','iconfont icon-shezhi','2002','/ves/system/','系统管理','0','8','0','0','0','1','1','{deafult: false,cls: \"deafult\"}','');
insert into `plat_right` (`id`, `NAME`, `icon`, `file_id`, `url`, `description`, `type`, `sort`, `pid`, `is_select`, `is_role_used`, `STATUS`, `is_new_tag`, `json`, `grpcode`) values('3','知识库','iconfont icon-ziyuan','2003','/ves/omcenter/','知识库','0','4','0','0','1','1','1','{deafult: false,cls: \"deafult\"}','');
insert into `plat_right` (`id`, `NAME`, `icon`, `file_id`, `url`, `description`, `type`, `sort`, `pid`, `is_select`, `is_role_used`, `STATUS`, `is_new_tag`, `json`, `grpcode`) values('4','服务管理','iconfont icon-shezhi','2004','/ves/serviceProcess/','服务管理','0','3','0','0','1','1','1','{deafult: false,cls: \"deafult\"}','');
insert into `plat_right` (`id`, `NAME`, `icon`, `file_id`, `url`, `description`, `type`, `sort`, `pid`, `is_select`, `is_role_used`, `STATUS`, `is_new_tag`, `json`, `grpcode`) values('5','统计报告','iconfont icon-keshihua','2005','/ves/report/','统计报告','0','7','0','0','1','1','1','{deafult: false,cls: \"deafult\"}','');
insert into `plat_right` (`id`, `NAME`, `icon`, `file_id`, `url`, `description`, `type`, `sort`, `pid`, `is_select`, `is_role_used`, `STATUS`, `is_new_tag`, `json`, `grpcode`) values('6','资产配置','iconfont icon-shezhi','2006','/ves/assetconfig/','资产配置管理','0','6','0','0','1','1','1','{deafult: false,cls: \"deafult\"}','');
insert into `plat_right` (`id`, `NAME`, `icon`, `file_id`, `url`, `description`, `type`, `sort`, `pid`, `is_select`, `is_role_used`, `STATUS`, `is_new_tag`, `json`, `grpcode`) values('7','值班巡检','iconfont icon-shezhi','2007','/ves/inspection/','巡检管理','0','5','0','0','1','1','1','{deafult: false,cls: \"deafult\"}',NULL);
insert into `plat_right` (`id`, `NAME`, `icon`, `file_id`, `url`, `description`, `type`, `sort`, `pid`, `is_select`, `is_role_used`, `STATUS`, `is_new_tag`, `json`, `grpcode`) values('8','工作台模式','iconfont icon-shouye','2008','/ves/workbench/','工作台模式','0','9','0','0','1','1','1','{deafult: false,cls: \"deafult\"}','');
insert into `plat_right` (`id`, `NAME`, `icon`, `file_id`, `url`, `description`, `type`, `sort`, `pid`, `is_select`, `is_role_used`, `STATUS`, `is_new_tag`, `json`, `grpcode`) values('11','首页','iconfont icon-shouye','2000','/ves/newHomePage/','首页模块','0','1','0','1','1','1','1','{deafult:true,cls: \"simple\"}','systemSet');
insert into `plat_right` (`id`, `NAME`, `icon`, `file_id`, `url`, `description`, `type`, `sort`, `pid`, `is_select`, `is_role_used`, `STATUS`, `is_new_tag`, `json`, `grpcode`) values('92','巡检报告','iconfont icon-shezhi','7003','/ves/inspection/inspectionPanel/inspectionTask/','巡检报告','0','92','7','0','0','0','1','{deafult: false,cls: \"deafult\"}','myInspection');
insert into `plat_right` (`id`, `NAME`, `icon`, `file_id`, `url`, `description`, `type`, `sort`, `pid`, `is_select`, `is_role_used`, `STATUS`, `is_new_tag`, `json`, `grpcode`) values('93','巡检计划','iconfont icon-shezhi','7004','/ves/inspection/inspectionPanel/inspectionPlan/','巡检计划','0','93','7','0','0','0','1','{deafult: false,cls: \"deafult\"}','myInspection');
insert into `plat_right` (`id`, `NAME`, `icon`, `file_id`, `url`, `description`, `type`, `sort`, `pid`, `is_select`, `is_role_used`, `STATUS`, `is_new_tag`, `json`, `grpcode`) values('95','巡检统计','iconfont icon-shezhi','7002','/ves/inspection/inspectionPanel/allInspection/','巡检统计','0','95','7','0','0','0','1','{deafult: false,cls: \"deafult\"}','myInspection');
insert into `plat_right` (`id`, `NAME`, `icon`, `file_id`, `url`, `description`, `type`, `sort`, `pid`, `is_select`, `is_role_used`, `STATUS`, `is_new_tag`, `json`, `grpcode`) values('96','巡检模板','iconfont icon-shezhi','7005','/ves/inspection/inspectionPanel/inspectionMould/','巡检模板','0','96','7','0','0','0','1','{deafult: false,cls: \"deafult\"}','myInspection');
insert into `plat_right` (`id`, `NAME`, `icon`, `file_id`, `url`, `description`, `type`, `sort`, `pid`, `is_select`, `is_role_used`, `STATUS`, `is_new_tag`, `json`, `grpcode`) values('100','创建工单','iconfont icon-shezhi','1000','/ves/serviceProcess/serviceProcessPanel/newRequestPanel/','创建工单','0','100','1','0','0','0','1','{deafult: false,cls: \"deafult\"}','workOrderPool');
insert into `plat_right` (`id`, `NAME`, `icon`, `file_id`, `url`, `description`, `type`, `sort`, `pid`, `is_select`, `is_role_used`, `STATUS`, `is_new_tag`, `json`, `grpcode`) values('101','待分派','iconfont icon-shezhi','1001','/ves/service/servicePanel/workOrderPool/waitAssign/','待分派','0','101','1','0','0','0','1','{deafult: false,cls: \"deafult\"}','workOrderPool');
insert into `plat_right` (`id`, `NAME`, `icon`, `file_id`, `url`, `description`, `type`, `sort`, `pid`, `is_select`, `is_role_used`, `STATUS`, `is_new_tag`, `json`, `grpcode`) values('102','待审核','iconfont icon-shezhi','1002','/ves/service/servicePanel/workOrderPool/alreadyAssign/','待审核','0','102','1','0','0','0','1','{deafult: false,cls: \"deafult\"}','workOrderPool');
insert into `plat_right` (`id`, `NAME`, `icon`, `file_id`, `url`, `description`, `type`, `sort`, `pid`, `is_select`, `is_role_used`, `STATUS`, `is_new_tag`, `json`, `grpcode`) values('111','请求处理','iconfont icon-shezhi','1011','/ves/service/servicePanel/myWorkOrder/requestWork/','请求处理','0','111','1','0','0','0','0','{deafult: false,cls: \"deafult\"}','myWorkOrderShow');
insert into `plat_right` (`id`, `NAME`, `icon`, `file_id`, `url`, `description`, `type`, `sort`, `pid`, `is_select`, `is_role_used`, `STATUS`, `is_new_tag`, `json`, `grpcode`) values('112','事件处理','iconfont icon-shezhi','1012','/ves/service/servicePanel/myWorkOrder/eventWork/','事件处理','0','112','1','0','0','0','1','{deafult: false,cls: \"deafult\"}','myWorkOrderShow');
insert into `plat_right` (`id`, `NAME`, `icon`, `file_id`, `url`, `description`, `type`, `sort`, `pid`, `is_select`, `is_role_used`, `STATUS`, `is_new_tag`, `json`, `grpcode`) values('113','问题处理','iconfont icon-shezhi','1013','/ves/service/servicePanel/myWorkOrder/questionWork/','问题处理','0','113','1','0','0','0','1','{deafult: false,cls: \"deafult\"}','myWorkOrderShow');
insert into `plat_right` (`id`, `NAME`, `icon`, `file_id`, `url`, `description`, `type`, `sort`, `pid`, `is_select`, `is_role_used`, `STATUS`, `is_new_tag`, `json`, `grpcode`) values('114','变更处理','iconfont icon-shezhi','1014','/ves/service/servicePanel/myWorkOrder/changeWork/','变更处理','0','114','1','0','0','0','1','{deafult: false,cls: \"deafult\"}','myWorkOrderShow');
insert into `plat_right` (`id`, `NAME`, `icon`, `file_id`, `url`, `description`, `type`, `sort`, `pid`, `is_select`, `is_role_used`, `STATUS`, `is_new_tag`, `json`, `grpcode`) values('115','发布处理','iconfont icon-shezhi','1015','/ves/service/servicePanel/myWorkOrder/publicWork/','发布处理','0','115','1','0','0','0','1','{deafult: false,cls: \"deafult\"}','myWorkOrderShow');
insert into `plat_right` (`id`, `NAME`, `icon`, `file_id`, `url`, `description`, `type`, `sort`, `pid`, `is_select`, `is_role_used`, `STATUS`, `is_new_tag`, `json`, `grpcode`) values('116','工单统计','iconfont icon-shezhi','1016','/ves/report/reportPanel/workOrderStatisticsPanel/currentStateStatistics/','工单统计','0','116','1','0','0','0','1','{deafult: false,cls: \"deafult\"}','workOrderCount');
insert into `plat_right` (`id`, `NAME`, `icon`, `file_id`, `url`, `description`, `type`, `sort`, `pid`, `is_select`, `is_role_used`, `STATUS`, `is_new_tag`, `json`, `grpcode`) values('117','工单查询','iconfont icon-shezhi','1017','/ves/service/servicePanel/workOrderPool/alreadyAssign/','工单查询','0','117','1','0','0','0','1','{deafult: false,cls: \"deafult\"}','workOrderCount');
insert into `plat_right` (`id`, `NAME`, `icon`, `file_id`, `url`, `description`, `type`, `sort`, `pid`, `is_select`, `is_role_used`, `STATUS`, `is_new_tag`, `json`, `grpcode`) values('118','回访统计','iconfont icon-shezhi','1018','/ves/report/reportPanel/workOrderStatisticsPanel/disposeNumberStatistics/','回访统计','0','117','1','0','0','0','1','{deafult: false,cls: \"deafult\"}','workOrderCount');
insert into `plat_right` (`id`, `NAME`, `icon`, `file_id`, `url`, `description`, `type`, `sort`, `pid`, `is_select`, `is_role_used`, `STATUS`, `is_new_tag`, `json`, `grpcode`) values('119','公告管理','iconfont icon-shezhi','119','/ves/omcenter/operatPanel/noticePanel/','公告管理','0','119','1','0','0','0','1','{deafult: false,cls: \"deafult\"}','OperAndNotice');
insert into `plat_right` (`id`, `NAME`, `icon`, `file_id`, `url`, `description`, `type`, `sort`, `pid`, `is_select`, `is_role_used`, `STATUS`, `is_new_tag`, `json`, `grpcode`) values('120','发送通知','iconfont icon-shezhi','120','/ves/omcenter/operatPanel/noticePanel/','发送通知','0','120','1','0','0','0','1','{deafult: false,cls: \"deafult\"}','OperAndNotice');
insert into `plat_right` (`id`, `NAME`, `icon`, `file_id`, `url`, `description`, `type`, `sort`, `pid`, `is_select`, `is_role_used`, `STATUS`, `is_new_tag`, `json`, `grpcode`) values('122','我的知识','iconfont icon-shezhi','1022','/ves/omcenter/operatPanel/myknowledgePanel/','我的知识','0','122','3','0','0','0','1','{deafult: false,cls: \"deafult\"}','knowledgeManagement');
insert into `plat_right` (`id`, `NAME`, `icon`, `file_id`, `url`, `description`, `type`, `sort`, `pid`, `is_select`, `is_role_used`, `STATUS`, `is_new_tag`, `json`, `grpcode`) values('123','知识列表','iconfont icon-shezhi','1023','/ves/omcenter/operatPanel/knowledgeListPanel/','知识列表','0','123','3','0','0','0','1','{deafult: false,cls: \"deafult\"}','knowledgeManagement');
insert into `plat_right` (`id`, `NAME`, `icon`, `file_id`, `url`, `description`, `type`, `sort`, `pid`, `is_select`, `is_role_used`, `STATUS`, `is_new_tag`, `json`, `grpcode`) values('124','文档模板','iconfont icon-shezhi','1024','/ves/omcenter/operatPanel/knowledgeMouldPanel/','文档模板','0','124','3','0','0','0','1','{deafult: false,cls: \"deafult\"}','knowledgeManagement');
insert into `plat_right` (`id`, `NAME`, `icon`, `file_id`, `url`, `description`, `type`, `sort`, `pid`, `is_select`, `is_role_used`, `STATUS`, `is_new_tag`, `json`, `grpcode`) values('201','用户管理','iconfont icon-shezhi','201','/ves/system/sysPanel/userPanel/','用户管理','0','201','2','0','0','0','1','{deafult: false,cls: \"deafult\"}','organizationOfPerson');
insert into `plat_right` (`id`, `NAME`, `icon`, `file_id`, `url`, `description`, `type`, `sort`, `pid`, `is_select`, `is_role_used`, `STATUS`, `is_new_tag`, `json`, `grpcode`) values('202','角色管理','iconfont icon-shezhi','202','/ves/system/sysPanel/rolePanel/','角色管理','0','202','2','0','0','0','1','{deafult: false,cls: \"deafult\"}','organizationOfPerson');
insert into `plat_right` (`id`, `NAME`, `icon`, `file_id`, `url`, `description`, `type`, `sort`, `pid`, `is_select`, `is_role_used`, `STATUS`, `is_new_tag`, `json`, `grpcode`) values('203','组织域','iconfont icon-shezhi','203','/ves/system/sysPanel/companyPanel/','公司名称','0','203','2','0','0','0','1','{deafult: false,cls: \"deafult\"}','organizationOfPerson');
insert into `plat_right` (`id`, `NAME`, `icon`, `file_id`, `url`, `description`, `type`, `sort`, `pid`, `is_select`, `is_role_used`, `STATUS`, `is_new_tag`, `json`, `grpcode`) values('204','组织架构','iconfont icon-shezhi','204','/ves/system/sysPanel/organizationPanel/','组织架构','0','204','2','0','0','0','1','{deafult: false,cls: \"deafult\"}','organizationOfPerson');
insert into `plat_right` (`id`, `NAME`, `icon`, `file_id`, `url`, `description`, `type`, `sort`, `pid`, `is_select`, `is_role_used`, `STATUS`, `is_new_tag`, `json`, `grpcode`) values('206','申请人管理','iconfont icon-shezhi','206','/ves/system/sysPanel/customerPanel/','申请人管理','0','206','2','0','0','0','1','{deafult: false,cls: \"deafult\"}','systemSet');
insert into `plat_right` (`id`, `NAME`, `icon`, `file_id`, `url`, `description`, `type`, `sort`, `pid`, `is_select`, `is_role_used`, `STATUS`, `is_new_tag`, `json`, `grpcode`) values('207','工作组管理','iconfont icon-shezhi','207','/ves/system/sysPanel/workGroup/','工作组管理','0','207','2','0','0','0','1','{deafult: false,cls: \"deafult\"}','systemSet');
insert into `plat_right` (`id`, `NAME`, `icon`, `file_id`, `url`, `description`, `type`, `sort`, `pid`, `is_select`, `is_role_used`, `STATUS`, `is_new_tag`, `json`, `grpcode`) values('210','流程管理','iconfont icon-shezhi','210','/ves/system/sysPanel/flowManage/','流程管理','0','210','2','0','0','0','1','{deafult: false,cls: \"deafult\"}','operationsManage');
insert into `plat_right` (`id`, `NAME`, `icon`, `file_id`, `url`, `description`, `type`, `sort`, `pid`, `is_select`, `is_role_used`, `STATUS`, `is_new_tag`, `json`, `grpcode`) values('212','满意度管理','iconfont icon-shezhi','212','/ves/system/sysPanel/satisfiedManage/','满意度管理','0','212','2','0','0','0','1','{deafult: false,cls: \"deafult\"}','operationsManage');
insert into `plat_right` (`id`, `NAME`, `icon`, `file_id`, `url`, `description`, `type`, `sort`, `pid`, `is_select`, `is_role_used`, `STATUS`, `is_new_tag`, `json`, `grpcode`) values('213','图片设置','iconfont icon-shezhi','213','/ves/system/sysPanel/imagPanel/','图片设置','0','213','2','0','0','0','1','{deafult: false,cls: \"deafult\"}','systemSet');
insert into `plat_right` (`id`, `NAME`, `icon`, `file_id`, `url`, `description`, `type`, `sort`, `pid`, `is_select`, `is_role_used`, `STATUS`, `is_new_tag`, `json`, `grpcode`) values('220','审计日志','iconfont icon-shezhi','220','/ves/system/sysPanel/auditLogPanel/','审计日志','0','220','2','0','0','0','1','{deafult: false,cls: \"deafult\"}','auditLog');
insert into `plat_right` (`id`, `NAME`, `icon`, `file_id`, `url`, `description`, `type`, `sort`, `pid`, `is_select`, `is_role_used`, `STATUS`, `is_new_tag`, `json`, `grpcode`) values('301','知识审核','iconfont icon-shezhi','3001','/ves/omcenter/operatPanel/approveKnowledge/','知识审核','0','301','3','0','0','0','1','{deafult: false,cls: \"deafult\"}','knowledgeManagement');
insert into `plat_right` (`id`, `NAME`, `icon`, `file_id`, `url`, `description`, `type`, `sort`, `pid`, `is_select`, `is_role_used`, `STATUS`, `is_new_tag`, `json`, `grpcode`) values('311','排班管理','iconfont icon-shezhi','3011','/ves/omcenter/operatPanel/dutyviewPanel/','排班管理','0','311','7','0','0','0','1','{deafult: false,cls: \"deafult\"}','dutyManagement');
insert into `plat_right` (`id`, `NAME`, `icon`, `file_id`, `url`, `description`, `type`, `sort`, `pid`, `is_select`, `is_role_used`, `STATUS`, `is_new_tag`, `json`, `grpcode`) values('313','知识库','iconfont icon-shezhi','3013','/ves/omcenter/operatPanel/knowledgeSum/','知识库','0','313','3','0','0','0','1','{deafult: false,cls: \"deafult\"}','knowledgeManagement');
insert into `plat_right` (`id`, `NAME`, `icon`, `file_id`, `url`, `description`, `type`, `sort`, `pid`, `is_select`, `is_role_used`, `STATUS`, `is_new_tag`, `json`, `grpcode`) values('401','客户合同服务','iconfont icon-shezhi','4001','/ves/assetconfig/assetPanel/contractManageShowPanel/','客户合同服务','0','4001','4','0','0','0','1','{deafult: false,cls: \"deafult\"}','overview');
insert into `plat_right` (`id`, `NAME`, `icon`, `file_id`, `url`, `description`, `type`, `sort`, `pid`, `is_select`, `is_role_used`, `STATUS`, `is_new_tag`, `json`, `grpcode`) values('402','供应商合同','iconfont icon-shezhi','4002','/ves/assetconfig/assetPanel/clientManageShowPanel/','供应商合同','0','4002','4','0','0','0','1','{deafult: false,cls: \"deafult\"}','overview');
insert into `plat_right` (`id`, `NAME`, `icon`, `file_id`, `url`, `description`, `type`, `sort`, `pid`, `is_select`, `is_role_used`, `STATUS`, `is_new_tag`, `json`, `grpcode`) values('403','服务等级协议','iconfont icon-shezhi','4003','/ves/omcenter/operatPanel/directorymamagePanel/','服务等级协议','0','4003','4','0','0','0','1','{deafult: false,cls: \"deafult\"}','overview');
insert into `plat_right` (`id`, `NAME`, `icon`, `file_id`, `url`, `description`, `type`, `sort`, `pid`, `is_select`, `is_role_used`, `STATUS`, `is_new_tag`, `json`, `grpcode`) values('404','全部工单','iconfont icon-shezhi','4004','/ves/service/servicePanel/workOrderPool/alreadyAssign/','全部工单','0','4004','4','0','0','0','1','{deafult: false,cls: \"deafult\"}','overview');
insert into `plat_right` (`id`, `NAME`, `icon`, `file_id`, `url`, `description`, `type`, `sort`, `pid`, `is_select`, `is_role_used`, `STATUS`, `is_new_tag`, `json`, `grpcode`) values('406','提交事件','iconfont icon-shezhi','4021','/ves/serviceProcess/serviceProcessPanel/newEventPanel/','提交事件','0','421','4','0','0','0','1','{deafult: false,cls: \"deafult\"}','eventManage');
insert into `plat_right` (`id`, `NAME`, `icon`, `file_id`, `url`, `description`, `type`, `sort`, `pid`, `is_select`, `is_role_used`, `STATUS`, `is_new_tag`, `json`, `grpcode`) values('407','待办事件','iconfont icon-shezhi','4023','/ves/serviceProcess/serviceProcessPanel/noDealtEvent/','待办事件','0','423','4','0','0','0','1','{deafult: false,cls: \"deafult\"}','eventManage');
insert into `plat_right` (`id`, `NAME`, `icon`, `file_id`, `url`, `description`, `type`, `sort`, `pid`, `is_select`, `is_role_used`, `STATUS`, `is_new_tag`, `json`, `grpcode`) values('408','我的提交','iconfont icon-shezhi','4022','/ves/serviceProcess/serviceProcessPanel/myNewEvent/','我的提交','0','422','4','0','0','0','1','{deafult: false,cls: \"deafult\"}','eventManage');
insert into `plat_right` (`id`, `NAME`, `icon`, `file_id`, `url`, `description`, `type`, `sort`, `pid`, `is_select`, `is_role_used`, `STATUS`, `is_new_tag`, `json`, `grpcode`) values('412','待办请求','iconfont icon-shezhi','4013','/ves/serviceProcess/serviceProcessPanel/noDealtRequest/','待办请求','0','412','4','0','0','0','1','{deafult: false,cls: \"deafult\"}','serviceRequest');
insert into `plat_right` (`id`, `NAME`, `icon`, `file_id`, `url`, `description`, `type`, `sort`, `pid`, `is_select`, `is_role_used`, `STATUS`, `is_new_tag`, `json`, `grpcode`) values('413','我的请求','iconfont icon-shezhi','4012','/ves/serviceProcess/serviceProcessPanel/myNewRequest/','我的请求','0','413','4','0','0','0','1','{deafult: false,cls: \"deafult\"}','serviceRequest');
insert into `plat_right` (`id`, `NAME`, `icon`, `file_id`, `url`, `description`, `type`, `sort`, `pid`, `is_select`, `is_role_used`, `STATUS`, `is_new_tag`, `json`, `grpcode`) values('431','新增问题','iconfont icon-shezhi','4031','/ves/serviceProcess/serviceProcessPanel/newProblemPanel/','新增问题','0','431','4','0','0','0','1','{deafult: false,cls: \"deafult\"}','problemManage');
insert into `plat_right` (`id`, `NAME`, `icon`, `file_id`, `url`, `description`, `type`, `sort`, `pid`, `is_select`, `is_role_used`, `STATUS`, `is_new_tag`, `json`, `grpcode`) values('432','待办问题','iconfont icon-shezhi','4032','/ves/serviceProcess/serviceProcessPanel/noDealtProblem/','待办问题','0','432','4','0','0','0','1','{deafult: false,cls: \"deafult\"}','problemManage');
insert into `plat_right` (`id`, `NAME`, `icon`, `file_id`, `url`, `description`, `type`, `sort`, `pid`, `is_select`, `is_role_used`, `STATUS`, `is_new_tag`, `json`, `grpcode`) values('433','我的新增','iconfont icon-shezhi','4032','/ves/serviceProcess/serviceProcessPanel/myNewProblem/','我的新增','0','432','4','0','0','0','1','{deafult: false,cls: \"deafult\"}','problemManage');
insert into `plat_right` (`id`, `NAME`, `icon`, `file_id`, `url`, `description`, `type`, `sort`, `pid`, `is_select`, `is_role_used`, `STATUS`, `is_new_tag`, `json`, `grpcode`) values('441','新增变更','iconfont icon-shezhi','4041','/ves/serviceProcess/serviceProcessPanel/newChange/','新增变更','0','441','4','0','0','0','1','{deafult: false,cls: \"deafult\"}','changeManage');
insert into `plat_right` (`id`, `NAME`, `icon`, `file_id`, `url`, `description`, `type`, `sort`, `pid`, `is_select`, `is_role_used`, `STATUS`, `is_new_tag`, `json`, `grpcode`) values('442','待办变更','iconfont icon-shezhi','4043','/ves/serviceProcess/serviceProcessPanel/noDealtChange/','待办变更','0','443','4','0','0','0','1','{deafult: false,cls: \"deafult\"}','changeManage');
insert into `plat_right` (`id`, `NAME`, `icon`, `file_id`, `url`, `description`, `type`, `sort`, `pid`, `is_select`, `is_role_used`, `STATUS`, `is_new_tag`, `json`, `grpcode`) values('443','我的新增','iconfont icon-shezhi','4042','/ves/serviceProcess/serviceProcessPanel/myNewChange/','我的新增','0','442','4','0','0','0','1','{deafult: false,cls: \"deafult\"}','changeManage');
insert into `plat_right` (`id`, `NAME`, `icon`, `file_id`, `url`, `description`, `type`, `sort`, `pid`, `is_select`, `is_role_used`, `STATUS`, `is_new_tag`, `json`, `grpcode`) values('444','提交发布','iconfont icon-shezhi','444','/ves/serviceProcess/serviceProcessPanel/newPublic/','提交发布','0','444','4','0','0','0','1','{deafult: false,cls: \"deafult\"}','releaseManagement');
insert into `plat_right` (`id`, `NAME`, `icon`, `file_id`, `url`, `description`, `type`, `sort`, `pid`, `is_select`, `is_role_used`, `STATUS`, `is_new_tag`, `json`, `grpcode`) values('445','待办发布','iconfont icon-shezhi','445','/ves/serviceProcess/serviceProcessPanel/noDealtPublic/','待办发布','0','445','4','0','0','0','1','{deafult: false,cls: \"deafult\"}','releaseManagement');
insert into `plat_right` (`id`, `NAME`, `icon`, `file_id`, `url`, `description`, `type`, `sort`, `pid`, `is_select`, `is_role_used`, `STATUS`, `is_new_tag`, `json`, `grpcode`) values('446','我的发布','iconfont icon-shezhi','446','/ves/serviceProcess/serviceProcessPanel/myNewPublic/','我的发布','0','446','4','0','0','0','1','{deafult: false,cls: \"deafult\"}','releaseManagement');
insert into `plat_right` (`id`, `NAME`, `icon`, `file_id`, `url`, `description`, `type`, `sort`, `pid`, `is_select`, `is_role_used`, `STATUS`, `is_new_tag`, `json`, `grpcode`) values('447','服务目录','iconfont icon-shezhi','447','/ves/omcenter/operatPanel/directorymamagePanel/','服务目录','0','447','4','0','0','0','1','{deafult: false,cls: \"deafult\"}','serviceManagement');
insert into `plat_right` (`id`, `NAME`, `icon`, `file_id`, `url`, `description`, `type`, `sort`, `pid`, `is_select`, `is_role_used`, `STATUS`, `is_new_tag`, `json`, `grpcode`) values('448','SLA设置','iconfont icon-shezhi','448','/ves/omcenter/operatPanel/SLAPanel/','SLA设置','0','448','4','0','0','0','1','{deafult: false,cls: \"deafult\"}','serviceManagement');
insert into `plat_right` (`id`, `NAME`, `icon`, `file_id`, `url`, `description`, `type`, `sort`, `pid`, `is_select`, `is_role_used`, `STATUS`, `is_new_tag`, `json`, `grpcode`) values('449','级别设置','iconfont icon-shezhi','449','/ves/omcenter/operatPanel/levelSettingPanel/','级别设置','0','449','4','0','0','0','1','{deafult: false,cls: \"deafult\"}','serviceManagement');
insert into `plat_right` (`id`, `NAME`, `icon`, `file_id`, `url`, `description`, `type`, `sort`, `pid`, `is_select`, `is_role_used`, `STATUS`, `is_new_tag`, `json`, `grpcode`) values('500','当前状态','iconfont icon-shezhi','5000','/ves/report/reportPanel/workOrderStatisticsPanel/currentStateStatistics/','当前状态','0','505','5','0','0','0','1','{deafult: false,cls: \"deafult\"}','workOrderStatistics');
insert into `plat_right` (`id`, `NAME`, `icon`, `file_id`, `url`, `description`, `type`, `sort`, `pid`, `is_select`, `is_role_used`, `STATUS`, `is_new_tag`, `json`, `grpcode`) values('501','服务目录','iconfont icon-shezhi','5001','/ves/report/reportPanel/workOrderStatisticsPanel/serviceCatalogStatistics/','工单服务目录统计','0','506','5','0','0','0','1','{deafult: false,cls: \"deafult\"}','workOrderStatistics');
insert into `plat_right` (`id`, `NAME`, `icon`, `file_id`, `url`, `description`, `type`, `sort`, `pid`, `is_select`, `is_role_used`, `STATUS`, `is_new_tag`, `json`, `grpcode`) values('502','处理数量','iconfont icon-shezhi','5002','/ves/report/reportPanel/workOrderStatisticsPanel/disposeNumberStatistics/','处理数量','0','507','5','0','0','0','1','{deafult: false,cls: \"deafult\"}','workOrderStatistics');
insert into `plat_right` (`id`, `NAME`, `icon`, `file_id`, `url`, `description`, `type`, `sort`, `pid`, `is_select`, `is_role_used`, `STATUS`, `is_new_tag`, `json`, `grpcode`) values('503','用户满意度','iconfont icon-shezhi','5003','/ves/report/reportPanel/workOrderStatisticsPanel/satisfactionStatistics/','用户满意度','0','508','5','0','0','0','1','{deafult: false,cls: \"deafult\"}','workOrderStatistics');
insert into `plat_right` (`id`, `NAME`, `icon`, `file_id`, `url`, `description`, `type`, `sort`, `pid`, `is_select`, `is_role_used`, `STATUS`, `is_new_tag`, `json`, `grpcode`) values('505','资产类型','iconfont icon-shezhi','5005','/ves/report/reportPanel/cmdbStatisticsPanel/typeStatistics/','资产统计','0','509','5','0','0','0','1','{deafult: false,cls: \"deafult\"}','cmdbStatistics');
insert into `plat_right` (`id`, `NAME`, `icon`, `file_id`, `url`, `description`, `type`, `sort`, `pid`, `is_select`, `is_role_used`, `STATUS`, `is_new_tag`, `json`, `grpcode`) values('506','资产分布','iconfont icon-shezhi','5006','/ves/report/reportPanel/cmdbStatisticsPanel/distributionStatistics/','资产分布','0','510','5','0','0','0','1','{deafult: false,cls: \"deafult\"}','cmdbStatistics');
insert into `plat_right` (`id`, `NAME`, `icon`, `file_id`, `url`, `description`, `type`, `sort`, `pid`, `is_select`, `is_role_used`, `STATUS`, `is_new_tag`, `json`, `grpcode`) values('507','资产状态','iconfont icon-shezhi','5007','/ves/report/reportPanel/cmdbStatisticsPanel/stateStatistics/','资产状态','0','511','5','0','0','0','1','{deafult: false,cls: \"deafult\"}','cmdbStatistics');
insert into `plat_right` (`id`, `NAME`, `icon`, `file_id`, `url`, `description`, `type`, `sort`, `pid`, `is_select`, `is_role_used`, `STATUS`, `is_new_tag`, `json`, `grpcode`) values('508','工作量统计','iconfont icon-shezhi','5008','/ves/report/reportPanel/workNumPanel/','工作量统计','0','512','5','0','0','0','1','{deafult: false,cls: \"deafult\"}','personStatement');
insert into `plat_right` (`id`, `NAME`, `icon`, `file_id`, `url`, `description`, `type`, `sort`, `pid`, `is_select`, `is_role_used`, `STATUS`, `is_new_tag`, `json`, `grpcode`) values('510','满意度统计','iconfont icon-shezhi','5010','/ves/report/reportPanel/satisfiedPanel/','满意度统计','0','513','5','0','0','0','1','{deafult: false,cls: \"deafult\"}','personStatement');
insert into `plat_right` (`id`, `NAME`, `icon`, `file_id`, `url`, `description`, `type`, `sort`, `pid`, `is_select`, `is_role_used`, `STATUS`, `is_new_tag`, `json`, `grpcode`) values('511','值班统计','iconfont icon-shezhi','5011','/ves/report/reportPanel/dutyPanel/','值班统计','0','514','5','0','0','0','1','{deafult: false,cls: \"deafult\"}','personStatement');
insert into `plat_right` (`id`, `NAME`, `icon`, `file_id`, `url`, `description`, `type`, `sort`, `pid`, `is_select`, `is_role_used`, `STATUS`, `is_new_tag`, `json`, `grpcode`) values('512','知识贡献统计','iconfont icon-shezhi','5012','/ves/report/reportPanel/knowledgeNumberPanel/','知识贡献统计','0','515','5','0','0','0','1','{deafult: false,cls: \"deafult\"}','personStatement');
insert into `plat_right` (`id`, `NAME`, `icon`, `file_id`, `url`, `description`, `type`, `sort`, `pid`, `is_select`, `is_role_used`, `STATUS`, `is_new_tag`, `json`, `grpcode`) values('522','知识统计','iconfont icon-shezhi','5022','/ves/report/reportPanel/knowledgePanel/','知识统计','0','516','5','0','0','0','1','{deafult: false,cls: \"deafult\"}','knowledgeStatistics');
insert into `plat_right` (`id`, `NAME`, `icon`, `file_id`, `url`, `description`, `type`, `sort`, `pid`, `is_select`, `is_role_used`, `STATUS`, `is_new_tag`, `json`, `grpcode`) values('530','运行报告','iconfont icon-shezhi','5030','/ves/report/reportPanel/operationalReport/','运行报告','0','500','5','0','0','0','1','{deafult: false,cls: \"deafult\"}','operationalStatistics');
insert into `plat_right` (`id`, `NAME`, `icon`, `file_id`, `url`, `description`, `type`, `sort`, `pid`, `is_select`, `is_role_used`, `STATUS`, `is_new_tag`, `json`, `grpcode`) values('531','事件报告','iconfont icon-shezhi','5031','/ves/report/reportPanel/eventReport/','事件报告','0','501','5','0','0','0','1','{deafult: false,cls: \"deafult\"}','operationalStatistics');
insert into `plat_right` (`id`, `NAME`, `icon`, `file_id`, `url`, `description`, `type`, `sort`, `pid`, `is_select`, `is_role_used`, `STATUS`, `is_new_tag`, `json`, `grpcode`) values('532','事件SLA','iconfont icon-shezhi','5032','/ves/report/reportPanel/eventSLAReport/','事件SLA','0','502','5','0','0','0','1','{deafult: false,cls: \"deafult\"}','operationalStatistics');
insert into `plat_right` (`id`, `NAME`, `icon`, `file_id`, `url`, `description`, `type`, `sort`, `pid`, `is_select`, `is_role_used`, `STATUS`, `is_new_tag`, `json`, `grpcode`) values('533','问题报表','iconfont icon-shezhi','5033','/ves/report/reportPanel/problemReport/','问题报表','0','503','5','0','0','0','1','{deafult: false,cls: \"deafult\"}','operationalStatistics');
insert into `plat_right` (`id`, `NAME`, `icon`, `file_id`, `url`, `description`, `type`, `sort`, `pid`, `is_select`, `is_role_used`, `STATUS`, `is_new_tag`, `json`, `grpcode`) values('534','变更报表','iconfont icon-shezhi','5034','/ves/report/reportPanel/changeReport/','变更报表','0','504','5','0','0','0','1','{deafult: false,cls: \"deafult\"}','operationalStatistics');
insert into `plat_right` (`id`, `NAME`, `icon`, `file_id`, `url`, `description`, `type`, `sort`, `pid`, `is_select`, `is_role_used`, `STATUS`, `is_new_tag`, `json`, `grpcode`) values('535','资产配置报表','iconfont icon-shezhi','5035','/ves/report/reportPanel/assetReport/','资产配置报表','0','505','5','0','0','0','1','{deafult: false,cls: \"deafult\"}','operationalStatistics');
insert into `plat_right` (`id`, `NAME`, `icon`, `file_id`, `url`, `description`, `type`, `sort`, `pid`, `is_select`, `is_role_used`, `STATUS`, `is_new_tag`, `json`, `grpcode`) values('639','概览','iconfont icon-shezhi','6050','/ves/assetconfig/assetPanel/cmdbPanel/','概览','0','641','6','0','0','0','1','{deafult: false,cls: \"deafult\"}','configureManagement');
insert into `plat_right` (`id`, `NAME`, `icon`, `file_id`, `url`, `description`, `type`, `sort`, `pid`, `is_select`, `is_role_used`, `STATUS`, `is_new_tag`, `json`, `grpcode`) values('640','资产管理','iconfont icon-shezhi','6040','/ves/assetconfig/assetPanel/assetManagementPanel/','资产管理','0','640','999','0','0','0','1','{deafult: false,cls: \"deafult\"}','assetManagement');
insert into `plat_right` (`id`, `NAME`, `icon`, `file_id`, `url`, `description`, `type`, `sort`, `pid`, `is_select`, `is_role_used`, `STATUS`, `is_new_tag`, `json`, `grpcode`) values('641','资产盘点','iconfont icon-shezhi','6062','/ves/assetconfig/assetPanel/assetInventory/','资产盘点','0','641','6','0','0','0','1','{deafult: false,cls: \"deafult\"}','assetManagement');
insert into `plat_right` (`id`, `NAME`, `icon`, `file_id`, `url`, `description`, `type`, `sort`, `pid`, `is_select`, `is_role_used`, `STATUS`, `is_new_tag`, `json`, `grpcode`) values('642','资产登记','iconfont icon-shezhi','6063','/ves/assetconfig/assetPanel/assetRegister/','资产登记','0','642','6','0','0','0','1','{deafult: false,cls: \"deafult\"}','assetManagement');
insert into `plat_right` (`id`, `NAME`, `icon`, `file_id`, `url`, `description`, `type`, `sort`, `pid`, `is_select`, `is_role_used`, `STATUS`, `is_new_tag`, `json`, `grpcode`) values('643','资产管理','iconfont icon-shezhi','6064','/ves/assetconfig/assetPanel/assetManagment/','资产管理','0','643','6','0','0','0','1','{deafult: false,cls: \"deafult\"}','assetManagement');
insert into `plat_right` (`id`, `NAME`, `icon`, `file_id`, `url`, `description`, `type`, `sort`, `pid`, `is_select`, `is_role_used`, `STATUS`, `is_new_tag`, `json`, `grpcode`) values('644','资产统计','iconfont icon-shezhi','6041','/ves/assetconfig/assetPanel/assetStatisticsPanel/','资产统计','0','645','6','0','0','0','1','{deafult: false,cls: \"deafult\"}','assetManagement');
insert into `plat_right` (`id`, `NAME`, `icon`, `file_id`, `url`, `description`, `type`, `sort`, `pid`, `is_select`, `is_role_used`, `STATUS`, `is_new_tag`, `json`, `grpcode`) values('650','联系人管理','iconfont icon-shezhi','6053','/ves/assetconfig/assetPanel/linkmanPanel/','联系人','0','653','6','0','0','0','1','{deafult: false,cls: \"deafult\"}','configureManagement');
insert into `plat_right` (`id`, `NAME`, `icon`, `file_id`, `url`, `description`, `type`, `sort`, `pid`, `is_select`, `is_role_used`, `STATUS`, `is_new_tag`, `json`, `grpcode`) values('651','位置管理','iconfont icon-shezhi','6051','/ves/assetconfig/assetPanel/positionPanel/','位置','0','651','6','0','0','0','1','{deafult: false,cls: \"deafult\"}','configureManagement');
insert into `plat_right` (`id`, `NAME`, `icon`, `file_id`, `url`, `description`, `type`, `sort`, `pid`, `is_select`, `is_role_used`, `STATUS`, `is_new_tag`, `json`, `grpcode`) values('652','配置项管理','iconfont icon-shezhi','6057','/ves/assetconfig/assetPanel/typePanel/','类型配置','0','657','6','0','0','0','1','{deafult: false,cls: \"deafult\"}','configureManagement');
insert into `plat_right` (`id`, `NAME`, `icon`, `file_id`, `url`, `description`, `type`, `sort`, `pid`, `is_select`, `is_role_used`, `STATUS`, `is_new_tag`, `json`, `grpcode`) values('654','软件目录','iconfont icon-shezhi','6054','/ves/assetconfig/assetPanel/softwarePanel/','软件目录','0','654','6','0','0','0','1','{deafult: false,cls: \"deafult\"}','configureManagement');
insert into `plat_right` (`id`, `NAME`, `icon`, `file_id`, `url`, `description`, `type`, `sort`, `pid`, `is_select`, `is_role_used`, `STATUS`, `is_new_tag`, `json`, `grpcode`) values('655','合同管理','iconfont icon-shezhi','6055','/ves/assetconfig/assetPanel/contractManagePanel/','合同管理','0','655','6','0','0','0','1','{deafult: false,cls: \"deafult\"}','configureManagement');
insert into `plat_right` (`id`, `NAME`, `icon`, `file_id`, `url`, `description`, `type`, `sort`, `pid`, `is_select`, `is_role_used`, `STATUS`, `is_new_tag`, `json`, `grpcode`) values('656','供应商管理','iconfont icon-shezhi','6056','/ves/assetconfig/assetPanel/clientManagePanel/','供应商管理','0','656','6','0','0','0','1','{deafult: false,cls: \"deafult\"}','configureManagement');
insert into `plat_right` (`id`, `NAME`, `icon`, `file_id`, `url`, `description`, `type`, `sort`, `pid`, `is_select`, `is_role_used`, `STATUS`, `is_new_tag`, `json`, `grpcode`) values('658','数据同步','iconfont icon-shezhi','6058','/ves/assetconfig/assetPanel/dataSyncPanel/','数据同步','0','658','6','0','0','0','1','{deafult: false,cls: \"deafult\"}','configureManagement');
insert into `plat_right` (`id`, `NAME`, `icon`, `file_id`, `url`, `description`, `type`, `sort`, `pid`, `is_select`, `is_role_used`, `STATUS`, `is_new_tag`, `json`, `grpcode`) values('660','CI建模','iconfont icon-shezhi','6060','/ves/assetconfig/assetPanel/CIManagePanel/','CI拓扑关系','0','660','6','0','0','0','1','{deafult: false,cls: \"deafult\"}','configureManagement');
insert into `plat_right` (`id`, `NAME`, `icon`, `file_id`, `url`, `description`, `type`, `sort`, `pid`, `is_select`, `is_role_used`, `STATUS`, `is_new_tag`, `json`, `grpcode`) values('661','属性管理','iconfont icon-shezhi','6061','/ves/assetconfig/assetPanel/attrManagePanel/','备件库','0','661','6','0','0','0','1','{deafult: false,cls: \"deafult\"}','configureManagement');
insert into `plat_right` (`id`, `NAME`, `icon`, `file_id`, `url`, `description`, `type`, `sort`, `pid`, `is_select`, `is_role_used`, `STATUS`, `is_new_tag`, `json`, `grpcode`) values('670','班次管理','iconfont icon-shezhi','670','/ves/omcenter/operatPanel/shiftmanagePanel/','班次管理','0','670','7','0','0','0','1','{deafult: false,cls: \"deafult\"}','dutyManagement');
insert into `plat_right` (`id`, `NAME`, `icon`, `file_id`, `url`, `description`, `type`, `sort`, `pid`, `is_select`, `is_role_used`, `STATUS`, `is_new_tag`, `json`, `grpcode`) values('671','交接班管理','iconfont icon-shezhi','671','/ves/service/servicePanel/myDuty/myDuty/','交接班管理','0','671','7','0','0','0','1','{deafult: false,cls: \"deafult\"}','dutyManagement');
insert into `plat_right` (`id`, `NAME`, `icon`, `file_id`, `url`, `description`, `type`, `sort`, `pid`, `is_select`, `is_role_used`, `STATUS`, `is_new_tag`, `json`, `grpcode`) values('672','值班管理','iconfont icon-shezhi','671','/ves/service/servicePanel/myDuty/dutyManage/','值班管理','0','312','7','0','0','0','1','{deafult: false,cls: \"deafult\"}','dutyManagement');

--
--
-- insert into `plat_right` (`id`, `NAME`, `icon`, `file_id`, `url`, `description`, `type`, `sort`, `pid`, `is_select`, `is_role_used`, `STATUS`, `is_new_tag`, `json`, `grpcode`) values('1','服务台','iconfont icon-shouye','2001','/ves/service/','首页模块','0','2','0','1','1','1','1','{deafult:false,cls: \"simple\"}','systemSet');
-- insert into `plat_right` (`id`, `NAME`, `icon`, `file_id`, `url`, `description`, `type`, `sort`, `pid`, `is_select`, `is_role_used`, `STATUS`, `is_new_tag`, `json`, `grpcode`) values('2','系统管理','iconfont icon-shezhi','2002','/ves/system/','系统管理','0','8','0','0','0','1','1','{deafult: false,cls: \"deafult\"}','');
-- insert into `plat_right` (`id`, `NAME`, `icon`, `file_id`, `url`, `description`, `type`, `sort`, `pid`, `is_select`, `is_role_used`, `STATUS`, `is_new_tag`, `json`, `grpcode`) values('3','知识库','iconfont icon-ziyuan','2003','/ves/omcenter/','知识库','0','4','0','0','1','1','1','{deafult: false,cls: \"deafult\"}','');
-- insert into `plat_right` (`id`, `NAME`, `icon`, `file_id`, `url`, `description`, `type`, `sort`, `pid`, `is_select`, `is_role_used`, `STATUS`, `is_new_tag`, `json`, `grpcode`) values('4','服务管理','iconfont icon-shezhi','2004','/ves/serviceProcess/','服务管理','0','3','0','0','1','1','1','{deafult: false,cls: \"deafult\"}','');
-- insert into `plat_right` (`id`, `NAME`, `icon`, `file_id`, `url`, `description`, `type`, `sort`, `pid`, `is_select`, `is_role_used`, `STATUS`, `is_new_tag`, `json`, `grpcode`) values('5','统计报告','iconfont icon-keshihua','2005','/ves/report/','统计报告','0','7','0','0','1','1','1','{deafult: false,cls: \"deafult\"}','');
-- insert into `plat_right` (`id`, `NAME`, `icon`, `file_id`, `url`, `description`, `type`, `sort`, `pid`, `is_select`, `is_role_used`, `STATUS`, `is_new_tag`, `json`, `grpcode`) values('6','资产配置','iconfont icon-shezhi','2006','/ves/assetconfig/','资产配置管理','0','6','0','0','1','1','1','{deafult: false,cls: \"deafult\"}','');
-- insert into `plat_right` (`id`, `NAME`, `icon`, `file_id`, `url`, `description`, `type`, `sort`, `pid`, `is_select`, `is_role_used`, `STATUS`, `is_new_tag`, `json`, `grpcode`) values('7','值班巡检','iconfont icon-shezhi','2007','/ves/inspection/','巡检管理','0','5','0','0','1','1','1','{deafult: false,cls: \"deafult\"}',NULL);
-- insert into `plat_right` (`id`, `NAME`, `icon`, `file_id`, `url`, `description`, `type`, `sort`, `pid`, `is_select`, `is_role_used`, `STATUS`, `is_new_tag`, `json`, `grpcode`) values('8','工作台模式','iconfont icon-shouye','2008','/ves/workbench/','工作台模式','0','9','0','0','1','1','1','{deafult: false,cls: \"deafult\"}','');
-- insert into `plat_right` (`id`, `NAME`, `icon`, `file_id`, `url`, `description`, `type`, `sort`, `pid`, `is_select`, `is_role_used`, `STATUS`, `is_new_tag`, `json`, `grpcode`) values('11','首页','iconfont icon-shouye','2000','/ves/newHomePage/','首页模块','0','1','0','1','1','1','1','{deafult:true,cls: \"simple\"}','systemSet');
-- insert into `plat_right` (`id`, `NAME`, `icon`, `file_id`, `url`, `description`, `type`, `sort`, `pid`, `is_select`, `is_role_used`, `STATUS`, `is_new_tag`, `json`, `grpcode`) values('100','创建工单','iconfont icon-shezhi','1000','/ves/serviceProcess/serviceProcessPanel/newRequestPanel/','创建工单','0','100','1','0','0','0','1','{deafult: false,cls: \"deafult\"}','workOrderPool');
-- insert into `plat_right` (`id`, `NAME`, `icon`, `file_id`, `url`, `description`, `type`, `sort`, `pid`, `is_select`, `is_role_used`, `STATUS`, `is_new_tag`, `json`, `grpcode`) values('101','待分派','iconfont icon-shezhi','1001','/ves/service/servicePanel/workOrderPool/waitAssign/','待分派','0','101','1','0','0','0','1','{deafult: false,cls: \"deafult\"}','workOrderPool');
-- insert into `plat_right` (`id`, `NAME`, `icon`, `file_id`, `url`, `description`, `type`, `sort`, `pid`, `is_select`, `is_role_used`, `STATUS`, `is_new_tag`, `json`, `grpcode`) values('102','待审核','iconfont icon-shezhi','1002','/ves/service/servicePanel/workOrderPool/waitAudited/','待审核','0','102','1','0','0','0','1','{deafult: false,cls: \"deafult\"}','workOrderPool');
-- insert into `plat_right` (`id`, `NAME`, `icon`, `file_id`, `url`, `description`, `type`, `sort`, `pid`, `is_select`, `is_role_used`, `STATUS`, `is_new_tag`, `json`, `grpcode`) values('111','请求处理','iconfont icon-shezhi','1011','/ves/service/servicePanel/myWorkOrder/requestWork/','请求处理','0','111','1','0','0','0','0','{deafult: false,cls: \"deafult\"}','myWorkOrderShow');
-- insert into `plat_right` (`id`, `NAME`, `icon`, `file_id`, `url`, `description`, `type`, `sort`, `pid`, `is_select`, `is_role_used`, `STATUS`, `is_new_tag`, `json`, `grpcode`) values('112','事件处理','iconfont icon-shezhi','1012','/ves/service/servicePanel/myWorkOrder/eventWork/','事件处理','0','112','1','0','0','0','1','{deafult: false,cls: \"deafult\"}','myWorkOrderShow');
-- insert into `plat_right` (`id`, `NAME`, `icon`, `file_id`, `url`, `description`, `type`, `sort`, `pid`, `is_select`, `is_role_used`, `STATUS`, `is_new_tag`, `json`, `grpcode`) values('113','问题处理','iconfont icon-shezhi','1013','/ves/service/servicePanel/myWorkOrder/questionWork/','问题处理','0','113','1','0','0','0','1','{deafult: false,cls: \"deafult\"}','myWorkOrderShow');
-- insert into `plat_right` (`id`, `NAME`, `icon`, `file_id`, `url`, `description`, `type`, `sort`, `pid`, `is_select`, `is_role_used`, `STATUS`, `is_new_tag`, `json`, `grpcode`) values('114','变更处理','iconfont icon-shezhi','1014','/ves/service/servicePanel/myWorkOrder/changeWork/','变更处理','0','114','1','0','0','0','1','{deafult: false,cls: \"deafult\"}','myWorkOrderShow');
-- insert into `plat_right` (`id`, `NAME`, `icon`, `file_id`, `url`, `description`, `type`, `sort`, `pid`, `is_select`, `is_role_used`, `STATUS`, `is_new_tag`, `json`, `grpcode`) values('115','发布处理','iconfont icon-shezhi','1015','/ves/service/servicePanel/myWorkOrder/publicWork/','发布处理','0','115','1','0','0','0','1','{deafult: false,cls: \"deafult\"}','myWorkOrderShow');
-- insert into `plat_right` (`id`, `NAME`, `icon`, `file_id`, `url`, `description`, `type`, `sort`, `pid`, `is_select`, `is_role_used`, `STATUS`, `is_new_tag`, `json`, `grpcode`) values('116','工单统计','iconfont icon-shezhi','1016','/ves/report/reportPanel/workOrderStatisticsPanel/currentStateStatistics/','工单统计','0','116','1','0','0','0','1','{deafult: false,cls: \"deafult\"}','workOrderCount');
-- insert into `plat_right` (`id`, `NAME`, `icon`, `file_id`, `url`, `description`, `type`, `sort`, `pid`, `is_select`, `is_role_used`, `STATUS`, `is_new_tag`, `json`, `grpcode`) values('117','工单查询','iconfont icon-shezhi','1017','/ves/service/servicePanel/workOrderPool/alreadyAssign/','工单查询','0','117','1','0','0','0','1','{deafult: false,cls: \"deafult\"}','workOrderCount');
-- insert into `plat_right` (`id`, `NAME`, `icon`, `file_id`, `url`, `description`, `type`, `sort`, `pid`, `is_select`, `is_role_used`, `STATUS`, `is_new_tag`, `json`, `grpcode`) values('118','回访统计','iconfont icon-shezhi','1018','/ves/report/reportPanel/workOrderStatisticsPanel/disposeNumberStatistics/','回访统计','0','117','1','0','0','0','1','{deafult: false,cls: \"deafult\"}','workOrderCount');
-- insert into `plat_right` (`id`, `NAME`, `icon`, `file_id`, `url`, `description`, `type`, `sort`, `pid`, `is_select`, `is_role_used`, `STATUS`, `is_new_tag`, `json`, `grpcode`) values('119','公告管理','iconfont icon-shezhi','119','/ves/omcenter/operatPanel/noticePanel/','公告管理','0','119','1','0','0','0','1','{deafult: false,cls: \"deafult\"}','OperAndNotice');
-- insert into `plat_right` (`id`, `NAME`, `icon`, `file_id`, `url`, `description`, `type`, `sort`, `pid`, `is_select`, `is_role_used`, `STATUS`, `is_new_tag`, `json`, `grpcode`) values('120','发送通知','iconfont icon-shezhi','120','/ves/omcenter/operatPanel/noticePanel/','发送通知','0','120','1','0','0','0','1','{deafult: false,cls: \"deafult\"}','OperAndNotice');
-- insert into `plat_right` (`id`, `NAME`, `icon`, `file_id`, `url`, `description`, `type`, `sort`, `pid`, `is_select`, `is_role_used`, `STATUS`, `is_new_tag`, `json`, `grpcode`) values('122','我的知识','iconfont icon-shezhi','1022','/ves/omcenter/operatPanel/myknowledgePanel/','我的知识','0','122','3','0','0','0','1','{deafult: false,cls: \"deafult\"}','knowledgeManagement');
-- insert into `plat_right` (`id`, `NAME`, `icon`, `file_id`, `url`, `description`, `type`, `sort`, `pid`, `is_select`, `is_role_used`, `STATUS`, `is_new_tag`, `json`, `grpcode`) values('123','知识列表','iconfont icon-shezhi','1023','/ves/omcenter/operatPanel/knowledgeListPanel/','知识列表','0','123','3','0','0','0','1','{deafult: false,cls: \"deafult\"}','knowledgeManagement');
-- insert into `plat_right` (`id`, `NAME`, `icon`, `file_id`, `url`, `description`, `type`, `sort`, `pid`, `is_select`, `is_role_used`, `STATUS`, `is_new_tag`, `json`, `grpcode`) values('124','文档模板','iconfont icon-shezhi','1024','/ves/omcenter/operatPanel/knowledgeMouldPanel/','文档模板','0','124','3','0','0','0','1','{deafult: false,cls: \"deafult\"}','knowledgeManagement');
-- insert into `plat_right` (`id`, `NAME`, `icon`, `file_id`, `url`, `description`, `type`, `sort`, `pid`, `is_select`, `is_role_used`, `STATUS`, `is_new_tag`, `json`, `grpcode`) values('201','用户管理','iconfont icon-shezhi','201','/ves/system/sysPanel/userPanel/','用户管理','0','201','2','0','0','0','1','{deafult: false,cls: \"deafult\"}','organizationOfPerson');
-- insert into `plat_right` (`id`, `NAME`, `icon`, `file_id`, `url`, `description`, `type`, `sort`, `pid`, `is_select`, `is_role_used`, `STATUS`, `is_new_tag`, `json`, `grpcode`) values('202','角色管理','iconfont icon-shezhi','202','/ves/system/sysPanel/rolePanel/','角色管理','0','202','2','0','0','0','1','{deafult: false,cls: \"deafult\"}','organizationOfPerson');
-- insert into `plat_right` (`id`, `NAME`, `icon`, `file_id`, `url`, `description`, `type`, `sort`, `pid`, `is_select`, `is_role_used`, `STATUS`, `is_new_tag`, `json`, `grpcode`) values('203','组织域','iconfont icon-shezhi','203','/ves/system/sysPanel/companyPanel/','公司名称','0','203','2','0','0','0','1','{deafult: false,cls: \"deafult\"}','organizationOfPerson');
-- insert into `plat_right` (`id`, `NAME`, `icon`, `file_id`, `url`, `description`, `type`, `sort`, `pid`, `is_select`, `is_role_used`, `STATUS`, `is_new_tag`, `json`, `grpcode`) values('204','组织架构','iconfont icon-shezhi','204','/ves/system/sysPanel/organizationPanel/','组织架构','0','204','2','0','0','0','1','{deafult: false,cls: \"deafult\"}','organizationOfPerson');
-- insert into `plat_right` (`id`, `NAME`, `icon`, `file_id`, `url`, `description`, `type`, `sort`, `pid`, `is_select`, `is_role_used`, `STATUS`, `is_new_tag`, `json`, `grpcode`) values('206','申请人管理','iconfont icon-shezhi','206','/ves/system/sysPanel/customerPanel/','申请人管理','0','206','2','0','0','0','1','{deafult: false,cls: \"deafult\"}','systemSet');
-- insert into `plat_right` (`id`, `NAME`, `icon`, `file_id`, `url`, `description`, `type`, `sort`, `pid`, `is_select`, `is_role_used`, `STATUS`, `is_new_tag`, `json`, `grpcode`) values('207','工作组管理','iconfont icon-shezhi','207','/ves/system/sysPanel/workGroup/','工作组管理','0','207','2','0','0','0','1','{deafult: false,cls: \"deafult\"}','systemSet');
-- insert into `plat_right` (`id`, `NAME`, `icon`, `file_id`, `url`, `description`, `type`, `sort`, `pid`, `is_select`, `is_role_used`, `STATUS`, `is_new_tag`, `json`, `grpcode`) values('210','流程管理','iconfont icon-shezhi','210','/ves/system/sysPanel/flowManage/','流程管理','0','210','2','0','0','0','1','{deafult: false,cls: \"deafult\"}','operationsManage');
-- insert into `plat_right` (`id`, `NAME`, `icon`, `file_id`, `url`, `description`, `type`, `sort`, `pid`, `is_select`, `is_role_used`, `STATUS`, `is_new_tag`, `json`, `grpcode`) values('212','满意度管理','iconfont icon-shezhi','212','/ves/system/sysPanel/satisfiedManage/','满意度管理','0','212','2','0','0','0','1','{deafult: false,cls: \"deafult\"}','operationsManage');
-- insert into `plat_right` (`id`, `NAME`, `icon`, `file_id`, `url`, `description`, `type`, `sort`, `pid`, `is_select`, `is_role_used`, `STATUS`, `is_new_tag`, `json`, `grpcode`) values('213','图片设置','iconfont icon-shezhi','213','/ves/system/sysPanel/imagPanel/','图片设置','0','213','2','0','0','0','1','{deafult: false,cls: \"deafult\"}','systemSet');
-- insert into `plat_right` (`id`, `NAME`, `icon`, `file_id`, `url`, `description`, `type`, `sort`, `pid`, `is_select`, `is_role_used`, `STATUS`, `is_new_tag`, `json`, `grpcode`) values('220','审计日志','iconfont icon-shezhi','220','/ves/system/sysPanel/auditLogPanel/','审计日志','0','220','2','0','0','0','1','{deafult: false,cls: \"deafult\"}','auditLog');
-- insert into `plat_right` (`id`, `NAME`, `icon`, `file_id`, `url`, `description`, `type`, `sort`, `pid`, `is_select`, `is_role_used`, `STATUS`, `is_new_tag`, `json`, `grpcode`) values('301','知识审核','iconfont icon-shezhi','3001','/ves/omcenter/operatPanel/approveKnowledge/','知识审核','0','301','3','0','0','0','1','{deafult: false,cls: \"deafult\"}','knowledgeManagement');
-- insert into `plat_right` (`id`, `NAME`, `icon`, `file_id`, `url`, `description`, `type`, `sort`, `pid`, `is_select`, `is_role_used`, `STATUS`, `is_new_tag`, `json`, `grpcode`) values('311','班次管理','iconfont icon-shezhi','3011','/ves/omcenter/operatPanel/shiftmanagePanel/','班次管理','0','311','3','0','0','0','1','{deafult: false,cls: \"deafult\"}','dutyManagement');
-- INSERT INTO `plat_right` VALUES ('131', '我的值班', 'iconfont icon-shezhi', '1031', '/ves/service/servicePanel/myDuty/myDuty/', '我的值班', '0', '131', '3', '0', '0', '0', '1', '{deafult: false,cls: \"deafult\"}', 'dutyManagement');
-- INSERT INTO `plat_right` VALUES ('308', '值班管理', 'iconfont icon-shezhi', '3008', '/ves/omcenter/operatPanel/dutyviewPanel/', '值班管理', '0', '308', '3', '0', '0', '0', '1', '{deafult: false,cls: \"deafult\"}', 'dutyManagement');
-- INSERT INTO `plat_right` VALUES ('312', '值班情况', 'iconfont icon-shezhi', '3012', '/ves/omcenter/operatPanel/dutySituation/', '值班情况', '0', '312', '3', '0', '0', '0', '1', '{deafult: false,cls: \"deafult\"}', 'dutyManagement');
-- insert into `plat_right` (`id`, `NAME`, `icon`, `file_id`, `url`, `description`, `type`, `sort`, `pid`, `is_select`, `is_role_used`, `STATUS`, `is_new_tag`, `json`, `grpcode`) values('401','客户合同服务','iconfont icon-shezhi','4001','/ves/assetconfig/assetPanel/contractManagePanel/','客户合同服务','0','4001','4','0','0','0','1','{deafult: false,cls: \"deafult\"}','overview');
-- insert into `plat_right` (`id`, `NAME`, `icon`, `file_id`, `url`, `description`, `type`, `sort`, `pid`, `is_select`, `is_role_used`, `STATUS`, `is_new_tag`, `json`, `grpcode`) values('402','供应商合同','iconfont icon-shezhi','4002','/ves/assetconfig/assetPanel/clientManagePanel/','供应商合同','0','4002','4','0','0','0','1','{deafult: false,cls: \"deafult\"}','overview');
-- insert into `plat_right` (`id`, `NAME`, `icon`, `file_id`, `url`, `description`, `type`, `sort`, `pid`, `is_select`, `is_role_used`, `STATUS`, `is_new_tag`, `json`, `grpcode`) values('403','服务等级协议','iconfont icon-shezhi','4003','/ves/omcenter/operatPanel/directorymamagePanel/','服务等级协议','0','4003','4','0','0','0','1','{deafult: false,cls: \"deafult\"}','overview');
-- insert into `plat_right` (`id`, `NAME`, `icon`, `file_id`, `url`, `description`, `type`, `sort`, `pid`, `is_select`, `is_role_used`, `STATUS`, `is_new_tag`, `json`, `grpcode`) values('404','全部工单','iconfont icon-shezhi','4004','/ves/service/servicePanel/workOrderPool/alreadyAssign/','全部工单','0','4004','4','0','0','0','1','{deafult: false,cls: \"deafult\"}','overview');
-- -- insert into `plat_right` (`id`, `NAME`, `icon`, `file_id`, `url`, `description`, `type`, `sort`, `pid`, `is_select`, `is_role_used`, `STATUS`, `is_new_tag`, `json`, `grpcode`) values('405','服务目录','iconfont icon-shezhi','4005','/ves/omcenter/operatPanel/directorymamagePanel/','服务目录','0','447','4','0','0','0','1','{deafult: false,cls: \"deafult\"}','overview');
-- insert into `plat_right` (`id`, `NAME`, `icon`, `file_id`, `url`, `description`, `type`, `sort`, `pid`, `is_select`, `is_role_used`, `STATUS`, `is_new_tag`, `json`, `grpcode`) values('406','提交事件','iconfont icon-shezhi','4021','/ves/serviceProcess/serviceProcessPanel/newEventPanel/','提交事件','0','421','4','0','0','0','1','{deafult: false,cls: \"deafult\"}','eventManage');
-- insert into `plat_right` (`id`, `NAME`, `icon`, `file_id`, `url`, `description`, `type`, `sort`, `pid`, `is_select`, `is_role_used`, `STATUS`, `is_new_tag`, `json`, `grpcode`) values('407','待办事件','iconfont icon-shezhi','4023','/ves/serviceProcess/serviceProcessPanel/noDealtEvent/','待办事件','0','423','4','0','0','0','1','{deafult: false,cls: \"deafult\"}','eventManage');
-- insert into `plat_right` (`id`, `NAME`, `icon`, `file_id`, `url`, `description`, `type`, `sort`, `pid`, `is_select`, `is_role_used`, `STATUS`, `is_new_tag`, `json`, `grpcode`) values('408','我的提交','iconfont icon-shezhi','4022','/ves/serviceProcess/serviceProcessPanel/myNewEvent/','我的提交','0','422','4','0','0','0','1','{deafult: false,cls: \"deafult\"}','eventManage');
-- -- insert into `plat_right` (`id`, `NAME`, `icon`, `file_id`, `url`, `description`, `type`, `sort`, `pid`, `is_select`, `is_role_used`, `STATUS`, `is_new_tag`, `json`, `grpcode`) values('411','提交请求','iconfont icon-shezhi','4011','/ves/serviceProcess/serviceProcessPanel/newRequestPanel/','提交请求','0','411','4','0','0','0','1','{deafult: false,cls: \"deafult\"}','serviceRequest');
-- insert into `plat_right` (`id`, `NAME`, `icon`, `file_id`, `url`, `description`, `type`, `sort`, `pid`, `is_select`, `is_role_used`, `STATUS`, `is_new_tag`, `json`, `grpcode`) values('412','待办请求','iconfont icon-shezhi','4013','/ves/serviceProcess/serviceProcessPanel/noDealtRequest/','待办请求','0','412','4','0','0','0','1','{deafult: false,cls: \"deafult\"}','serviceRequest');
-- insert into `plat_right` (`id`, `NAME`, `icon`, `file_id`, `url`, `description`, `type`, `sort`, `pid`, `is_select`, `is_role_used`, `STATUS`, `is_new_tag`, `json`, `grpcode`) values('413','我的请求','iconfont icon-shezhi','4012','/ves/serviceProcess/serviceProcessPanel/myNewRequest/','我的请求','0','413','4','0','0','0','1','{deafult: false,cls: \"deafult\"}','serviceRequest');
-- insert into `plat_right` (`id`, `NAME`, `icon`, `file_id`, `url`, `description`, `type`, `sort`, `pid`, `is_select`, `is_role_used`, `STATUS`, `is_new_tag`, `json`, `grpcode`) values('431','新增问题','iconfont icon-shezhi','4031','/ves/serviceProcess/serviceProcessPanel/newProblemPanel/','新增问题','0','431','4','0','0','0','1','{deafult: false,cls: \"deafult\"}','problemManage');
-- insert into `plat_right` (`id`, `NAME`, `icon`, `file_id`, `url`, `description`, `type`, `sort`, `pid`, `is_select`, `is_role_used`, `STATUS`, `is_new_tag`, `json`, `grpcode`) values('432','待办问题','iconfont icon-shezhi','4032','/ves/serviceProcess/serviceProcessPanel/noDealtProblem/','待办问题','0','432','4','0','0','0','1','{deafult: false,cls: \"deafult\"}','problemManage');
-- insert into `plat_right` (`id`, `NAME`, `icon`, `file_id`, `url`, `description`, `type`, `sort`, `pid`, `is_select`, `is_role_used`, `STATUS`, `is_new_tag`, `json`, `grpcode`) values('433','我的新增','iconfont icon-shezhi','4032','/ves/serviceProcess/serviceProcessPanel/myNewProblem/','我的新增','0','432','4','0','0','0','1','{deafult: false,cls: \"deafult\"}','problemManage');
-- insert into `plat_right` (`id`, `NAME`, `icon`, `file_id`, `url`, `description`, `type`, `sort`, `pid`, `is_select`, `is_role_used`, `STATUS`, `is_new_tag`, `json`, `grpcode`) values('441','新增变更','iconfont icon-shezhi','4041','/ves/serviceProcess/serviceProcessPanel/newChange/','新增变更','0','441','4','0','0','0','1','{deafult: false,cls: \"deafult\"}','changeManage');
-- insert into `plat_right` (`id`, `NAME`, `icon`, `file_id`, `url`, `description`, `type`, `sort`, `pid`, `is_select`, `is_role_used`, `STATUS`, `is_new_tag`, `json`, `grpcode`) values('442','待办变更','iconfont icon-shezhi','4043','/ves/serviceProcess/serviceProcessPanel/noDealtChange/','待办变更','0','443','4','0','0','0','1','{deafult: false,cls: \"deafult\"}','changeManage');
-- insert into `plat_right` (`id`, `NAME`, `icon`, `file_id`, `url`, `description`, `type`, `sort`, `pid`, `is_select`, `is_role_used`, `STATUS`, `is_new_tag`, `json`, `grpcode`) values('443','我的新增','iconfont icon-shezhi','4042','/ves/serviceProcess/serviceProcessPanel/myNewChange/','我的新增','0','442','4','0','0','0','1','{deafult: false,cls: \"deafult\"}','changeManage');
-- insert into `plat_right` (`id`, `NAME`, `icon`, `file_id`, `url`, `description`, `type`, `sort`, `pid`, `is_select`, `is_role_used`, `STATUS`, `is_new_tag`, `json`, `grpcode`) values('444','提交发布','iconfont icon-shezhi','444','/ves/serviceProcess/serviceProcessPanel/newPublic/','提交发布','0','444','4','0','0','0','1','{deafult: false,cls: \"deafult\"}','releaseManagement');
-- insert into `plat_right` (`id`, `NAME`, `icon`, `file_id`, `url`, `description`, `type`, `sort`, `pid`, `is_select`, `is_role_used`, `STATUS`, `is_new_tag`, `json`, `grpcode`) values('445','待办发布','iconfont icon-shezhi','445','/ves/serviceProcess/serviceProcessPanel/noDealtPublic/','待办发布','0','445','4','0','0','0','1','{deafult: false,cls: \"deafult\"}','releaseManagement');
-- insert into `plat_right` (`id`, `NAME`, `icon`, `file_id`, `url`, `description`, `type`, `sort`, `pid`, `is_select`, `is_role_used`, `STATUS`, `is_new_tag`, `json`, `grpcode`) values('446','我的发布','iconfont icon-shezhi','446','/ves/serviceProcess/serviceProcessPanel/myNewPublic/','我的发布','0','446','4','0','0','0','1','{deafult: false,cls: \"deafult\"}','releaseManagement');
-- insert into `plat_right` (`id`, `NAME`, `icon`, `file_id`, `url`, `description`, `type`, `sort`, `pid`, `is_select`, `is_role_used`, `STATUS`, `is_new_tag`, `json`, `grpcode`) values('447','服务目录','iconfont icon-shezhi','447','/ves/omcenter/operatPanel/directorymamagePanel/','服务目录','0','447','4','0','0','0','1','{deafult: false,cls: \"deafult\"}','serviceManagement');
-- insert into `plat_right` (`id`, `NAME`, `icon`, `file_id`, `url`, `description`, `type`, `sort`, `pid`, `is_select`, `is_role_used`, `STATUS`, `is_new_tag`, `json`, `grpcode`) values('448','SLA设置','iconfont icon-shezhi','448','/ves/omcenter/operatPanel/SLAPanel/','SLA设置','0','448','4','0','0','0','1','{deafult: false,cls: \"deafult\"}','serviceManagement');
-- insert into `plat_right` (`id`, `NAME`, `icon`, `file_id`, `url`, `description`, `type`, `sort`, `pid`, `is_select`, `is_role_used`, `STATUS`, `is_new_tag`, `json`, `grpcode`) values('449','级别设置','iconfont icon-shezhi','449','/ves/omcenter/operatPanel/levelSettingPanel/','级别设置','0','449','4','0','0','0','1','{deafult: false,cls: \"deafult\"}','serviceManagement');
-- insert into `plat_right` (`id`, `NAME`, `icon`, `file_id`, `url`, `description`, `type`, `sort`, `pid`, `is_select`, `is_role_used`, `STATUS`, `is_new_tag`, `json`, `grpcode`) values('500','当前状态','iconfont icon-shezhi','5000','/ves/report/reportPanel/workOrderStatisticsPanel/currentStateStatistics/','当前状态','0','500','5','0','0','0','1','{deafult: false,cls: \"deafult\"}','workOrderStatistics');
-- insert into `plat_right` (`id`, `NAME`, `icon`, `file_id`, `url`, `description`, `type`, `sort`, `pid`, `is_select`, `is_role_used`, `STATUS`, `is_new_tag`, `json`, `grpcode`) values('501','服务目录','iconfont icon-shezhi','5001','/ves/report/reportPanel/workOrderStatisticsPanel/serviceCatalogStatistics/','工单服务目录统计','0','501','5','0','0','0','1','{deafult: false,cls: \"deafult\"}','workOrderStatistics');
-- insert into `plat_right` (`id`, `NAME`, `icon`, `file_id`, `url`, `description`, `type`, `sort`, `pid`, `is_select`, `is_role_used`, `STATUS`, `is_new_tag`, `json`, `grpcode`) values('502','处理数量','iconfont icon-shezhi','5002','/ves/report/reportPanel/workOrderStatisticsPanel/disposeNumberStatistics/','处理数量','0','502','5','0','0','0','1','{deafult: false,cls: \"deafult\"}','workOrderStatistics');
-- insert into `plat_right` (`id`, `NAME`, `icon`, `file_id`, `url`, `description`, `type`, `sort`, `pid`, `is_select`, `is_role_used`, `STATUS`, `is_new_tag`, `json`, `grpcode`) values('503','用户满意度','iconfont icon-shezhi','5003','/ves/report/reportPanel/workOrderStatisticsPanel/satisfactionStatistics/','用户满意度','0','503','5','0','0','0','1','{deafult: false,cls: \"deafult\"}','workOrderStatistics');
-- insert into `plat_right` (`id`, `NAME`, `icon`, `file_id`, `url`, `description`, `type`, `sort`, `pid`, `is_select`, `is_role_used`, `STATUS`, `is_new_tag`, `json`, `grpcode`) values('505','资产类型','iconfont icon-shezhi','5005','/ves/report/reportPanel/cmdbStatisticsPanel/typeStatistics/','资产统计','0','505','5','0','0','0','1','{deafult: false,cls: \"deafult\"}','cmdbStatistics');
-- insert into `plat_right` (`id`, `NAME`, `icon`, `file_id`, `url`, `description`, `type`, `sort`, `pid`, `is_select`, `is_role_used`, `STATUS`, `is_new_tag`, `json`, `grpcode`) values('506','资产分布','iconfont icon-shezhi','5006','/ves/report/reportPanel/cmdbStatisticsPanel/distributionStatistics/','资产分布','0','506','5','0','0','0','1','{deafult: false,cls: \"deafult\"}','cmdbStatistics');
-- insert into `plat_right` (`id`, `NAME`, `icon`, `file_id`, `url`, `description`, `type`, `sort`, `pid`, `is_select`, `is_role_used`, `STATUS`, `is_new_tag`, `json`, `grpcode`) values('507','资产状态','iconfont icon-shezhi','5007','/ves/report/reportPanel/cmdbStatisticsPanel/stateStatistics/','资产状态','0','507','5','0','0','0','1','{deafult: false,cls: \"deafult\"}','cmdbStatistics');
-- insert into `plat_right` (`id`, `NAME`, `icon`, `file_id`, `url`, `description`, `type`, `sort`, `pid`, `is_select`, `is_role_used`, `STATUS`, `is_new_tag`, `json`, `grpcode`) values('508','工作量统计','iconfont icon-shezhi','5008','/ves/report/reportPanel/workNumPanel/','工作量统计','0','508','5','0','0','0','1','{deafult: false,cls: \"deafult\"}','personStatement');
-- insert into `plat_right` (`id`, `NAME`, `icon`, `file_id`, `url`, `description`, `type`, `sort`, `pid`, `is_select`, `is_role_used`, `STATUS`, `is_new_tag`, `json`, `grpcode`) values('510','满意度统计','iconfont icon-shezhi','5010','/ves/report/reportPanel/satisfiedPanel/','满意度统计','0','510','5','0','0','0','1','{deafult: false,cls: \"deafult\"}','personStatement');
-- insert into `plat_right` (`id`, `NAME`, `icon`, `file_id`, `url`, `description`, `type`, `sort`, `pid`, `is_select`, `is_role_used`, `STATUS`, `is_new_tag`, `json`, `grpcode`) values('511','值班统计','iconfont icon-shezhi','5011','/ves/report/reportPanel/dutyPanel/','值班统计','0','511','5','0','0','0','1','{deafult: false,cls: \"deafult\"}','personStatement');
-- insert into `plat_right` (`id`, `NAME`, `icon`, `file_id`, `url`, `description`, `type`, `sort`, `pid`, `is_select`, `is_role_used`, `STATUS`, `is_new_tag`, `json`, `grpcode`) values('512','知识贡献统计','iconfont icon-shezhi','5012','/ves/report/reportPanel/knowledgeNumberPanel/','知识贡献统计','0','512','5','0','0','0','1','{deafult: false,cls: \"deafult\"}','personStatement');
-- insert into `plat_right` (`id`, `NAME`, `icon`, `file_id`, `url`, `description`, `type`, `sort`, `pid`, `is_select`, `is_role_used`, `STATUS`, `is_new_tag`, `json`, `grpcode`) values('522','知识统计','iconfont icon-shezhi','5022','/ves/report/reportPanel/knowledgePanel/','知识统计','0','522','5','0','0','0','1','{deafult: false,cls: \"deafult\"}','knowledgeStatistics');
-- insert into `plat_right` (`id`, `NAME`, `icon`, `file_id`, `url`, `description`, `type`, `sort`, `pid`, `is_select`, `is_role_used`, `STATUS`, `is_new_tag`, `json`, `grpcode`) values('639','概览','iconfont icon-shezhi','6050','/ves/assetconfig/assetPanel/cmdbPanel/','概览','0','641','6','0','0','0','1','{deafult: false,cls: \"deafult\"}','configureManagement');
-- insert into `plat_right` (`id`, `NAME`, `icon`, `file_id`, `url`, `description`, `type`, `sort`, `pid`, `is_select`, `is_role_used`, `STATUS`, `is_new_tag`, `json`, `grpcode`) values('640','资产管理','iconfont icon-shezhi','6040','/ves/assetconfig/assetPanel/assetManagementPanel/','资产管理','0','640','999','0','0','0','1','{deafult: false,cls: \"deafult\"}','assetManagement');
-- insert into `plat_right` (`id`, `NAME`, `icon`, `file_id`, `url`, `description`, `type`, `sort`, `pid`, `is_select`, `is_role_used`, `STATUS`, `is_new_tag`, `json`, `grpcode`) values('641','资产盘点','iconfont icon-shezhi','6062','/ves/assetconfig/assetPanel/assetInventory/','资产盘点','0','641','6','0','0','0','1','{deafult: false,cls: \"deafult\"}','assetManagement');
-- insert into `plat_right` (`id`, `NAME`, `icon`, `file_id`, `url`, `description`, `type`, `sort`, `pid`, `is_select`, `is_role_used`, `STATUS`, `is_new_tag`, `json`, `grpcode`) values('642','资产登记','iconfont icon-shezhi','6063','/ves/assetconfig/assetPanel/assetRegister/','资产登记','0','642','6','0','0','0','1','{deafult: false,cls: \"deafult\"}','assetManagement');
-- insert into `plat_right` (`id`, `NAME`, `icon`, `file_id`, `url`, `description`, `type`, `sort`, `pid`, `is_select`, `is_role_used`, `STATUS`, `is_new_tag`, `json`, `grpcode`) values('643','资产管理','iconfont icon-shezhi','6064','/ves/assetconfig/assetPanel/assetManagment/','资产管理','0','643','6','0','0','0','1','{deafult: false,cls: \"deafult\"}','assetManagement');
-- insert into `plat_right` (`id`, `NAME`, `icon`, `file_id`, `url`, `description`, `type`, `sort`, `pid`, `is_select`, `is_role_used`, `STATUS`, `is_new_tag`, `json`, `grpcode`) values('644','资产统计','iconfont icon-shezhi','6041','/ves/assetconfig/assetPanel/assetStatisticsPanel/','资产统计','0','645','6','0','0','0','1','{deafult: false,cls: \"deafult\"}','assetManagement');
-- insert into `plat_right` (`id`, `NAME`, `icon`, `file_id`, `url`, `description`, `type`, `sort`, `pid`, `is_select`, `is_role_used`, `STATUS`, `is_new_tag`, `json`, `grpcode`) values('650','联系人管理','iconfont icon-shezhi','6053','/ves/assetconfig/assetPanel/linkmanPanel/','联系人','0','653','6','0','0','0','1','{deafult: false,cls: \"deafult\"}','configureManagement');
-- insert into `plat_right` (`id`, `NAME`, `icon`, `file_id`, `url`, `description`, `type`, `sort`, `pid`, `is_select`, `is_role_used`, `STATUS`, `is_new_tag`, `json`, `grpcode`) values('651','位置管理','iconfont icon-shezhi','6051','/ves/assetconfig/assetPanel/positionPanel/','位置','0','651','6','0','0','0','1','{deafult: false,cls: \"deafult\"}','configureManagement');
-- insert into `plat_right` (`id`, `NAME`, `icon`, `file_id`, `url`, `description`, `type`, `sort`, `pid`, `is_select`, `is_role_used`, `STATUS`, `is_new_tag`, `json`, `grpcode`) values('673','使用单位','iconfont icon-shezhi','6051','/ves/assetconfig/assetPanel/organizationPanel/','使用单位','0','645','6','0','0','0','1','{deafult: false,cls: \"deafult\"}','configureManagement');
-- insert into `plat_right` (`id`, `NAME`, `icon`, `file_id`, `url`, `description`, `type`, `sort`, `pid`, `is_select`, `is_role_used`, `STATUS`, `is_new_tag`, `json`, `grpcode`) values('652','配置项管理','iconfont icon-shezhi','6057','/ves/assetconfig/assetPanel/typePanel/','类型配置','0','657','6','0','0','0','1','{deafult: false,cls: \"deafult\"}','configureManagement');
-- -- insert into `plat_right` (`id`, `NAME`, `icon`, `file_id`, `url`, `description`, `type`, `sort`, `pid`, `is_select`, `is_role_used`, `STATUS`, `is_new_tag`, `json`, `grpcode`) values('653','联系人','iconfont icon-shezhi','6053','/ves/assetconfig/assetPanel/linkmanPanel/','联系人','0','653','6','0','0','0','1','{deafult: false,cls: \"deafult\"}','configureManagement');
-- insert into `plat_right` (`id`, `NAME`, `icon`, `file_id`, `url`, `description`, `type`, `sort`, `pid`, `is_select`, `is_role_used`, `STATUS`, `is_new_tag`, `json`, `grpcode`) values('654','软件目录','iconfont icon-shezhi','6054','/ves/assetconfig/assetPanel/softwarePanel/','软件目录','0','654','6','0','0','0','1','{deafult: false,cls: \"deafult\"}','configureManagement');
-- insert into `plat_right` (`id`, `NAME`, `icon`, `file_id`, `url`, `description`, `type`, `sort`, `pid`, `is_select`, `is_role_used`, `STATUS`, `is_new_tag`, `json`, `grpcode`) values('655','合同管理','iconfont icon-shezhi','6055','/ves/assetconfig/assetPanel/contractManagePanel/','合同管理','0','655','6','0','0','0','1','{deafult: false,cls: \"deafult\"}','configureManagement');
-- insert into `plat_right` (`id`, `NAME`, `icon`, `file_id`, `url`, `description`, `type`, `sort`, `pid`, `is_select`, `is_role_used`, `STATUS`, `is_new_tag`, `json`, `grpcode`) values('656','供应商管理','iconfont icon-shezhi','6056','/ves/assetconfig/assetPanel/clientManagePanel/','供应商管理','0','656','6','0','0','0','1','{deafult: false,cls: \"deafult\"}','configureManagement');
-- -- insert into `plat_right` (`id`, `NAME`, `icon`, `file_id`, `url`, `description`, `type`, `sort`, `pid`, `is_select`, `is_role_used`, `STATUS`, `is_new_tag`, `json`, `grpcode`) values('657','类型配置','iconfont icon-shezhi','6057','/ves/assetconfig/assetPanel/typePanel/','类型配置','0','657','6','0','0','0','1','{deafult: false,cls: \"deafult\"}','configureManagement');
-- insert into `plat_right` (`id`, `NAME`, `icon`, `file_id`, `url`, `description`, `type`, `sort`, `pid`, `is_select`, `is_role_used`, `STATUS`, `is_new_tag`, `json`, `grpcode`) values('658','数据同步','iconfont icon-shezhi','6058','/ves/assetconfig/assetPanel/dataSyncPanel/','数据同步','0','658','6','0','0','0','1','{deafult: false,cls: \"deafult\"}','configureManagement');
-- insert into `plat_right` (`id`, `NAME`, `icon`, `file_id`, `url`, `description`, `type`, `sort`, `pid`, `is_select`, `is_role_used`, `STATUS`, `is_new_tag`, `json`, `grpcode`) values('660','CI拓扑关系','iconfont icon-shezhi','6060','/ves/assetconfig/assetPanel/CIManagePanel/','CI拓扑关系','0','660','6','0','0','0','1','{deafult: false,cls: \"deafult\"}','configureManagement');
-- insert into `plat_right` (`id`, `NAME`, `icon`, `file_id`, `url`, `description`, `type`, `sort`, `pid`, `is_select`, `is_role_used`, `STATUS`, `is_new_tag`, `json`, `grpcode`) values('661','备件库','iconfont icon-shezhi','6061','/ves/assetconfig/assetPanel/attrManagePanel/','备件库','0','661','6','0','0','0','1','{deafult: false,cls: \"deafult\"}','configureManagement');
-- insert into `plat_right` (`id`, `NAME`, `icon`, `file_id`, `url`, `description`, `type`, `sort`, `pid`, `is_select`, `is_role_used`, `STATUS`, `is_new_tag`, `json`, `grpcode`) values('670','排班功能','iconfont icon-shezhi','670','/ves/omcenter/operatPanel/dutyviewPanel/','排班功能','0','670','7','0','0','0','1','{deafult: false,cls: \"deafult\"}','dutyManagement');
-- insert into `plat_right` (`id`, `NAME`, `icon`, `file_id`, `url`, `description`, `type`, `sort`, `pid`, `is_select`, `is_role_used`, `STATUS`, `is_new_tag`, `json`, `grpcode`) values('671','交接班管理','iconfont icon-shezhi','671','/ves/service/servicePanel/myDuty/myDuty/','交接班管理','0','671','7','0','0','0','1','{deafult: false,cls: \"deafult\"}','dutyManagement');
-- insert into `plat_right` (`id`, `NAME`, `icon`, `file_id`, `url`, `description`, `type`, `sort`, `pid`, `is_select`, `is_role_used`, `STATUS`, `is_new_tag`, `json`, `grpcode`) values('92','巡检报告','iconfont icon-shezhi','7003','/ves/inspection/inspectionPanel/inspectionTask/','巡检报告','0','92','3','0','0','0','1','{deafult: false,cls: \"deafult\"}','myInspection');
-- insert into `plat_right` (`id`, `NAME`, `icon`, `file_id`, `url`, `description`, `type`, `sort`, `pid`, `is_select`, `is_role_used`, `STATUS`, `is_new_tag`, `json`, `grpcode`) values('93','巡检计划','iconfont icon-shezhi','7004','/ves/inspection/inspectionPanel/inspectionPlan/','巡检计划','0','93','3','0','0','0','1','{deafult: false,cls: \"deafult\"}','myInspection');
-- insert into `plat_right` (`id`, `NAME`, `icon`, `file_id`, `url`, `description`, `type`, `sort`, `pid`, `is_select`, `is_role_used`, `STATUS`, `is_new_tag`, `json`, `grpcode`) values('95','巡检统计','iconfont icon-shezhi','7002','/ves/inspection/inspectionPanel/allInspection/','巡检统计','0','95','3','0','0','0','1','{deafult: false,cls: \"deafult\"}','myInspection');
-- insert into `plat_right` (`id`, `NAME`, `icon`, `file_id`, `url`, `description`, `type`, `sort`, `pid`, `is_select`, `is_role_used`, `STATUS`, `is_new_tag`, `json`, `grpcode`) values('96','巡检模板','iconfont icon-shezhi','7005','/ves/inspection/inspectionPanel/inspectionMould/','巡检模板','0','96','3','0','0','0','1','{deafult: false,cls: \"deafult\"}','myInspection');
-- INSERT INTO `plat_right` (`id`, `NAME`, `icon`, `file_id`, `url`, `description`, `type`, `sort`, `pid`, `is_select`, `is_role_used`, `STATUS`, `is_new_tag`, `json`, `grpcode`) VALUES('530','运行报告','iconfont icon-shezhi','5030','/ves/report/reportPanel/operationalStatistics/opertionalReport/','运行报告','0','495','5','0','0','0','1','{deafult: false,cls: \"deafult\"}','operationalStatistics');
-- INSERT INTO `plat_right` (`id`, `NAME`, `icon`, `file_id`, `url`, `description`, `type`, `sort`, `pid`, `is_select`, `is_role_used`, `STATUS`, `is_new_tag`, `json`, `grpcode`) VALUES('531','事件报告','iconfont icon-shezhi','5031','/ves/report/reportPanel/operationalStatistics/eventReport/','事件报告','0','496','5','0','0','0','1','{deafult: false,cls: \"deafult\"}','operationalStatistics');
-- INSERT INTO `plat_right` (`id`, `NAME`, `icon`, `file_id`, `url`, `description`, `type`, `sort`, `pid`, `is_select`, `is_role_used`, `STATUS`, `is_new_tag`, `json`, `grpcode`) VALUES('532','事件SLA','iconfont icon-shezhi','5032','/ves/report/reportPanel/operationalStatistics/eventSLA/','事件SLA','0','497','5','0','0','0','1','{deafult: false,cls: \"deafult\"}','operationalStatistics');
-- INSERT INTO `plat_right` (`id`, `NAME`, `icon`, `file_id`, `url`, `description`, `type`, `sort`, `pid`, `is_select`, `is_role_used`, `STATUS`, `is_new_tag`, `json`, `grpcode`) VALUES('533','问题报表','iconfont icon-shezhi','5033','/ves/report/reportPanel/operationalStatistics/trobuleTricket/','问题报表','0','498','5','0','0','0','1','{deafult: false,cls: \"deafult\"}','operationalStatistics');
-- INSERT INTO `plat_right` (`id`, `NAME`, `icon`, `file_id`, `url`, `description`, `type`, `sort`, `pid`, `is_select`, `is_role_used`, `STATUS`, `is_new_tag`, `json`, `grpcode`) VALUES('534','资产配置报表','iconfont icon-shezhi','5034','/ves/report/reportPanel/operationalStatistics/assetAlloctionReport/','资产配置报表','0','499','5','0','0','0','1','{deafult: false,cls: \"deafult\"}','operationalStatistics');
-- INSERT INTO `plat_right` (`id`, `NAME`, `icon`, `file_id`, `url`, `description`, `type`, `sort`, `pid`, `is_select`, `is_role_used`, `STATUS`, `is_new_tag`, `json`, `grpcode`) VALUES('313','知识库','iconfont icon-shezhi','3013','/ves/omcenter/operatPanel/knowledgeSum/','知识库','0','313','3','0','0','0','1','{deafult: false,cls: \"deafult\"}','knowledgeManagement');


insert into `plat_role` (`id`, `NAME`, `STATUS`, `is_operate`, `creator_id`, `created_time`, `description`) values('424500','服务台','1','0','1','2017-12-05 12:00:27','掌控工单');
insert into `plat_role` (`id`, `NAME`, `STATUS`, `is_operate`, `creator_id`, `created_time`, `description`) values('424501','一线工程师','1','0','1','2017-12-05 12:01:04','一线工程师');
insert into `plat_role` (`id`, `NAME`, `STATUS`, `is_operate`, `creator_id`, `created_time`, `description`) values('424502','二线工程师','1','0','1','2017-12-05 12:01:19','二线工程师');
insert into `plat_role` (`id`, `NAME`, `STATUS`, `is_operate`, `creator_id`, `created_time`, `description`) values('424503','领导','1','1','0','2017-12-05 12:01:32','领导');
insert into `plat_role` (`id`, `NAME`, `STATUS`, `is_operate`, `creator_id`, `created_time`, `description`) values('499500','服务台经理','1','0','1','2017-12-05 11:27:45','管理工单模块');
insert into `plat_role` (`id`, `NAME`, `STATUS`, `is_operate`, `creator_id`, `created_time`, `description`) values('503000','部门管理者','1','0','1','2018-09-25 20:41:48','');
insert into `plat_role` (`id`, `NAME`, `STATUS`, `is_operate`, `creator_id`, `created_time`, `description`) values('518500','运维专家','1','0','1','2018-09-17 15:32:33','评估变更方案和诊断分析问题');
insert into `plat_role` (`id`, `NAME`, `STATUS`, `is_operate`, `creator_id`, `created_time`, `description`) values('518501','变更经理','1','0','1','2018-09-17 15:33:11','变更请求和确认');
insert into `plat_role` (`id`, `NAME`, `STATUS`, `is_operate`, `creator_id`, `created_time`, `description`) values('518503','资产管理员','1','0','1','2018-09-17 15:33:55','');
insert into `plat_role` (`id`, `NAME`, `STATUS`, `is_operate`, `creator_id`, `created_time`, `description`) values('519000','问题经理','1','0','1','2018-09-17 15:33:55','问题请求和解决方案确认');
insert into `plat_role` (`id`, `NAME`, `STATUS`, `is_operate`, `creator_id`, `created_time`, `description`) values('519500','信息部审批','1','1','1','2020-02-25 19:39:56','');
insert into `plat_role` (`id`, `NAME`, `STATUS`, `is_operate`, `creator_id`, `created_time`, `description`) values('523000','政数局','1','1','1','2020-01-08 15:12:28','政数局');
insert into `plat_role` (`id`, `NAME`, `STATUS`, `is_operate`, `creator_id`, `created_time`, `description`) values('523001','外协专家','1','1','1','2020-01-08 15:12:40','外协专家');
insert into `plat_role` (`id`, `NAME`, `STATUS`, `is_operate`, `creator_id`, `created_time`, `description`) values('544500','访客','1','1','1','2020-03-02 15:25:33','访客');
/*Data for the table `plat_role_right_rel` */

insert  into plat_role_right_rel(role_id,right_id,button_ids) values (424500,1,'');
insert  into plat_role_right_rel(role_id,right_id,button_ids) values (424500,4,'');
insert  into plat_role_right_rel(role_id,right_id,button_ids) values (424500,5,'');
insert  into plat_role_right_rel(role_id,right_id,button_ids) values (424500,7,'');
insert  into plat_role_right_rel(role_id,right_id,button_ids) values (424500,11,'');
insert  into plat_role_right_rel(role_id,right_id,button_ids) values (424500,101,'');
insert  into plat_role_right_rel(role_id,right_id,button_ids) values (424500,102,'');
insert  into plat_role_right_rel(role_id,right_id,button_ids) values (424500,103,'');
insert  into plat_role_right_rel(role_id,right_id,button_ids) values (424500,111,'');
insert  into plat_role_right_rel(role_id,right_id,button_ids) values (424500,112,'');
insert  into plat_role_right_rel(role_id,right_id,button_ids) values (424500,113,'');
insert  into plat_role_right_rel(role_id,right_id,button_ids) values (424500,114,'');
insert  into plat_role_right_rel(role_id,right_id,button_ids) values (424500,121,'');
insert  into plat_role_right_rel(role_id,right_id,button_ids) values (424500,122,'');
insert  into plat_role_right_rel(role_id,right_id,button_ids) values (424500,131,'');
insert  into plat_role_right_rel(role_id,right_id,button_ids) values (424500,132,'');
insert  into plat_role_right_rel(role_id,right_id,button_ids) values (424500,133,'');
insert  into plat_role_right_rel(role_id,right_id,button_ids) values (424500,411,'');
insert  into plat_role_right_rel(role_id,right_id,button_ids) values (424500,412,'');
insert  into plat_role_right_rel(role_id,right_id,button_ids) values (424500,413,'');
insert  into plat_role_right_rel(role_id,right_id,button_ids) values (424500,414,'');
insert  into plat_role_right_rel(role_id,right_id,button_ids) values (424500,421,'');
insert  into plat_role_right_rel(role_id,right_id,button_ids) values (424500,422,'');
insert  into plat_role_right_rel(role_id,right_id,button_ids) values (424500,423,'');
insert  into plat_role_right_rel(role_id,right_id,button_ids) values (424500,424,'');
insert  into plat_role_right_rel(role_id,right_id,button_ids) values (424500,500,'');
insert  into plat_role_right_rel(role_id,right_id,button_ids) values (424500,501,'');
insert  into plat_role_right_rel(role_id,right_id,button_ids) values (424500,502,'');
insert  into plat_role_right_rel(role_id,right_id,button_ids) values (424500,503,'');
insert  into plat_role_right_rel(role_id,right_id,button_ids) values (424500,505,'');
insert  into plat_role_right_rel(role_id,right_id,button_ids) values (424500,506,'');
insert  into plat_role_right_rel(role_id,right_id,button_ids) values (424500,507,'');
insert  into plat_role_right_rel(role_id,right_id,button_ids) values (424500,508,'');
insert  into plat_role_right_rel(role_id,right_id,button_ids) values (424500,510,'');
insert  into plat_role_right_rel(role_id,right_id,button_ids) values (424500,511,'');
insert  into plat_role_right_rel(role_id,right_id,button_ids) values (424500,512,'');
insert  into plat_role_right_rel(role_id,right_id,button_ids) values (424500,522,'');
insert  into plat_role_right_rel(role_id,right_id,button_ids) values (424500,701,'');
insert  into plat_role_right_rel(role_id,right_id,button_ids) values (424500,702,'');
insert  into plat_role_right_rel(role_id,right_id,button_ids) values (424501,1,'');
insert  into plat_role_right_rel(role_id,right_id,button_ids) values (424501,4,'');
insert  into plat_role_right_rel(role_id,right_id,button_ids) values (424501,5,'');
insert  into plat_role_right_rel(role_id,right_id,button_ids) values (424501,7,'');
insert  into plat_role_right_rel(role_id,right_id,button_ids) values (424501,11,'');
insert  into plat_role_right_rel(role_id,right_id,button_ids) values (424501,101,'');
insert  into plat_role_right_rel(role_id,right_id,button_ids) values (424501,102,'');
insert  into plat_role_right_rel(role_id,right_id,button_ids) values (424501,103,'');
insert  into plat_role_right_rel(role_id,right_id,button_ids) values (424501,111,'');
insert  into plat_role_right_rel(role_id,right_id,button_ids) values (424501,112,'');
insert  into plat_role_right_rel(role_id,right_id,button_ids) values (424501,113,'');
insert  into plat_role_right_rel(role_id,right_id,button_ids) values (424501,114,'');
insert  into plat_role_right_rel(role_id,right_id,button_ids) values (424501,121,'');
insert  into plat_role_right_rel(role_id,right_id,button_ids) values (424501,122,'');
insert  into plat_role_right_rel(role_id,right_id,button_ids) values (424501,131,'');
insert  into plat_role_right_rel(role_id,right_id,button_ids) values (424501,132,'');
insert  into plat_role_right_rel(role_id,right_id,button_ids) values (424501,133,'');
insert  into plat_role_right_rel(role_id,right_id,button_ids) values (424501,411,'');
insert  into plat_role_right_rel(role_id,right_id,button_ids) values (424501,412,'');
insert  into plat_role_right_rel(role_id,right_id,button_ids) values (424501,413,'');
insert  into plat_role_right_rel(role_id,right_id,button_ids) values (424501,414,'');
insert  into plat_role_right_rel(role_id,right_id,button_ids) values (424501,421,'');
insert  into plat_role_right_rel(role_id,right_id,button_ids) values (424501,422,'');
insert  into plat_role_right_rel(role_id,right_id,button_ids) values (424501,423,'');
insert  into plat_role_right_rel(role_id,right_id,button_ids) values (424501,424,'');
insert  into plat_role_right_rel(role_id,right_id,button_ids) values (424501,431,'');
insert  into plat_role_right_rel(role_id,right_id,button_ids) values (424501,432,'');
insert  into plat_role_right_rel(role_id,right_id,button_ids) values (424501,433,'');
insert  into plat_role_right_rel(role_id,right_id,button_ids) values (424501,434,'');
insert  into plat_role_right_rel(role_id,right_id,button_ids) values (424501,441,'');
insert  into plat_role_right_rel(role_id,right_id,button_ids) values (424501,442,'');
insert  into plat_role_right_rel(role_id,right_id,button_ids) values (424501,443,'');
insert  into plat_role_right_rel(role_id,right_id,button_ids) values (424501,444,'');
insert  into plat_role_right_rel(role_id,right_id,button_ids) values (424501,445,'');
insert  into plat_role_right_rel(role_id,right_id,button_ids) values (424501,500,'');
insert  into plat_role_right_rel(role_id,right_id,button_ids) values (424501,501,'');
insert  into plat_role_right_rel(role_id,right_id,button_ids) values (424501,502,'');
insert  into plat_role_right_rel(role_id,right_id,button_ids) values (424501,503,'');
insert  into plat_role_right_rel(role_id,right_id,button_ids) values (424501,505,'');
insert  into plat_role_right_rel(role_id,right_id,button_ids) values (424501,506,'');
insert  into plat_role_right_rel(role_id,right_id,button_ids) values (424501,507,'');
insert  into plat_role_right_rel(role_id,right_id,button_ids) values (424501,508,'');
insert  into plat_role_right_rel(role_id,right_id,button_ids) values (424501,510,'');
insert  into plat_role_right_rel(role_id,right_id,button_ids) values (424501,511,'');
insert  into plat_role_right_rel(role_id,right_id,button_ids) values (424501,512,'');
insert  into plat_role_right_rel(role_id,right_id,button_ids) values (424501,522,'');
insert  into plat_role_right_rel(role_id,right_id,button_ids) values (424501,701,'');
insert  into plat_role_right_rel(role_id,right_id,button_ids) values (424501,702,'');
insert  into plat_role_right_rel(role_id,right_id,button_ids) values (424502,1,'');
insert  into plat_role_right_rel(role_id,right_id,button_ids) values (424502,4,'');
insert  into plat_role_right_rel(role_id,right_id,button_ids) values (424502,5,'');
insert  into plat_role_right_rel(role_id,right_id,button_ids) values (424502,7,'');
insert  into plat_role_right_rel(role_id,right_id,button_ids) values (424502,11,'');
insert  into plat_role_right_rel(role_id,right_id,button_ids) values (424502,101,'');
insert  into plat_role_right_rel(role_id,right_id,button_ids) values (424502,102,'');
insert  into plat_role_right_rel(role_id,right_id,button_ids) values (424502,103,'');
insert  into plat_role_right_rel(role_id,right_id,button_ids) values (424502,111,'');
insert  into plat_role_right_rel(role_id,right_id,button_ids) values (424502,112,'');
insert  into plat_role_right_rel(role_id,right_id,button_ids) values (424502,113,'');
insert  into plat_role_right_rel(role_id,right_id,button_ids) values (424502,114,'');
insert  into plat_role_right_rel(role_id,right_id,button_ids) values (424502,121,'');
insert  into plat_role_right_rel(role_id,right_id,button_ids) values (424502,122,'');
insert  into plat_role_right_rel(role_id,right_id,button_ids) values (424502,131,'');
insert  into plat_role_right_rel(role_id,right_id,button_ids) values (424502,132,'');
insert  into plat_role_right_rel(role_id,right_id,button_ids) values (424502,133,'');
insert  into plat_role_right_rel(role_id,right_id,button_ids) values (424502,411,'');
insert  into plat_role_right_rel(role_id,right_id,button_ids) values (424502,412,'');
insert  into plat_role_right_rel(role_id,right_id,button_ids) values (424502,413,'');
insert  into plat_role_right_rel(role_id,right_id,button_ids) values (424502,414,'');
insert  into plat_role_right_rel(role_id,right_id,button_ids) values (424502,421,'');
insert  into plat_role_right_rel(role_id,right_id,button_ids) values (424502,422,'');
insert  into plat_role_right_rel(role_id,right_id,button_ids) values (424502,423,'');
insert  into plat_role_right_rel(role_id,right_id,button_ids) values (424502,424,'');
insert  into plat_role_right_rel(role_id,right_id,button_ids) values (424502,431,'');
insert  into plat_role_right_rel(role_id,right_id,button_ids) values (424502,432,'');
insert  into plat_role_right_rel(role_id,right_id,button_ids) values (424502,433,'');
insert  into plat_role_right_rel(role_id,right_id,button_ids) values (424502,434,'');
insert  into plat_role_right_rel(role_id,right_id,button_ids) values (424502,441,'');
insert  into plat_role_right_rel(role_id,right_id,button_ids) values (424502,442,'');
insert  into plat_role_right_rel(role_id,right_id,button_ids) values (424502,443,'');
insert  into plat_role_right_rel(role_id,right_id,button_ids) values (424502,444,'');
insert  into plat_role_right_rel(role_id,right_id,button_ids) values (424502,445,'');
insert  into plat_role_right_rel(role_id,right_id,button_ids) values (424502,500,'');
insert  into plat_role_right_rel(role_id,right_id,button_ids) values (424502,501,'');
insert  into plat_role_right_rel(role_id,right_id,button_ids) values (424502,502,'');
insert  into plat_role_right_rel(role_id,right_id,button_ids) values (424502,503,'');
insert  into plat_role_right_rel(role_id,right_id,button_ids) values (424502,505,'');
insert  into plat_role_right_rel(role_id,right_id,button_ids) values (424502,506,'');
insert  into plat_role_right_rel(role_id,right_id,button_ids) values (424502,507,'');
insert  into plat_role_right_rel(role_id,right_id,button_ids) values (424502,508,'');
insert  into plat_role_right_rel(role_id,right_id,button_ids) values (424502,510,'');
insert  into plat_role_right_rel(role_id,right_id,button_ids) values (424502,511,'');
insert  into plat_role_right_rel(role_id,right_id,button_ids) values (424502,512,'');
insert  into plat_role_right_rel(role_id,right_id,button_ids) values (424502,522,'');
insert  into plat_role_right_rel(role_id,right_id,button_ids) values (424502,701,'');
insert  into plat_role_right_rel(role_id,right_id,button_ids) values (424502,702,'');
insert  into plat_role_right_rel(role_id,right_id,button_ids) values (424503,1,'');
insert  into plat_role_right_rel(role_id,right_id,button_ids) values (424503,4,'');
insert  into plat_role_right_rel(role_id,right_id,button_ids) values (424503,5,'');
insert  into plat_role_right_rel(role_id,right_id,button_ids) values (424503,6,'');
insert  into plat_role_right_rel(role_id,right_id,button_ids) values (424503,7,'');
insert  into plat_role_right_rel(role_id,right_id,button_ids) values (424503,11,'');
insert  into plat_role_right_rel(role_id,right_id,button_ids) values (424503,101,'');
insert  into plat_role_right_rel(role_id,right_id,button_ids) values (424503,102,'');
insert  into plat_role_right_rel(role_id,right_id,button_ids) values (424503,103,'');
insert  into plat_role_right_rel(role_id,right_id,button_ids) values (424503,111,'');
insert  into plat_role_right_rel(role_id,right_id,button_ids) values (424503,112,'');
insert  into plat_role_right_rel(role_id,right_id,button_ids) values (424503,113,'');
insert  into plat_role_right_rel(role_id,right_id,button_ids) values (424503,114,'');
insert  into plat_role_right_rel(role_id,right_id,button_ids) values (424503,121,'');
insert  into plat_role_right_rel(role_id,right_id,button_ids) values (424503,122,'');
insert  into plat_role_right_rel(role_id,right_id,button_ids) values (424503,131,'');
insert  into plat_role_right_rel(role_id,right_id,button_ids) values (424503,132,'');
insert  into plat_role_right_rel(role_id,right_id,button_ids) values (424503,133,'');
insert  into plat_role_right_rel(role_id,right_id,button_ids) values (424503,411,'');
insert  into plat_role_right_rel(role_id,right_id,button_ids) values (424503,412,'');
insert  into plat_role_right_rel(role_id,right_id,button_ids) values (424503,413,'');
insert  into plat_role_right_rel(role_id,right_id,button_ids) values (424503,414,'');
insert  into plat_role_right_rel(role_id,right_id,button_ids) values (424503,421,'');
insert  into plat_role_right_rel(role_id,right_id,button_ids) values (424503,422,'');
insert  into plat_role_right_rel(role_id,right_id,button_ids) values (424503,423,'');
insert  into plat_role_right_rel(role_id,right_id,button_ids) values (424503,424,'');
insert  into plat_role_right_rel(role_id,right_id,button_ids) values (424503,431,'');
insert  into plat_role_right_rel(role_id,right_id,button_ids) values (424503,432,'');
insert  into plat_role_right_rel(role_id,right_id,button_ids) values (424503,433,'');
insert  into plat_role_right_rel(role_id,right_id,button_ids) values (424503,434,'');
insert  into plat_role_right_rel(role_id,right_id,button_ids) values (424503,441,'');
insert  into plat_role_right_rel(role_id,right_id,button_ids) values (424503,442,'');
insert  into plat_role_right_rel(role_id,right_id,button_ids) values (424503,443,'');
insert  into plat_role_right_rel(role_id,right_id,button_ids) values (424503,444,'');
insert  into plat_role_right_rel(role_id,right_id,button_ids) values (424503,445,'');
insert  into plat_role_right_rel(role_id,right_id,button_ids) values (424503,500,'');
insert  into plat_role_right_rel(role_id,right_id,button_ids) values (424503,501,'');
insert  into plat_role_right_rel(role_id,right_id,button_ids) values (424503,502,'');
insert  into plat_role_right_rel(role_id,right_id,button_ids) values (424503,503,'');
insert  into plat_role_right_rel(role_id,right_id,button_ids) values (424503,505,'');
insert  into plat_role_right_rel(role_id,right_id,button_ids) values (424503,506,'');
insert  into plat_role_right_rel(role_id,right_id,button_ids) values (424503,507,'');
insert  into plat_role_right_rel(role_id,right_id,button_ids) values (424503,508,'');
insert  into plat_role_right_rel(role_id,right_id,button_ids) values (424503,510,'');
insert  into plat_role_right_rel(role_id,right_id,button_ids) values (424503,511,'');
insert  into plat_role_right_rel(role_id,right_id,button_ids) values (424503,512,'');
insert  into plat_role_right_rel(role_id,right_id,button_ids) values (424503,522,'');
insert  into plat_role_right_rel(role_id,right_id,button_ids) values (424503,640,'');
insert  into plat_role_right_rel(role_id,right_id,button_ids) values (424503,641,'');
insert  into plat_role_right_rel(role_id,right_id,button_ids) values (424503,650,'');
insert  into plat_role_right_rel(role_id,right_id,button_ids) values (424503,651,'');
insert  into plat_role_right_rel(role_id,right_id,button_ids) values (424503,652,'');
insert  into plat_role_right_rel(role_id,right_id,button_ids) values (424503,653,'');
insert  into plat_role_right_rel(role_id,right_id,button_ids) values (424503,654,'');
insert  into plat_role_right_rel(role_id,right_id,button_ids) values (424503,655,'');
insert  into plat_role_right_rel(role_id,right_id,button_ids) values (424503,656,'');
insert  into plat_role_right_rel(role_id,right_id,button_ids) values (424503,657,'');
insert  into plat_role_right_rel(role_id,right_id,button_ids) values (424503,660,'');
insert  into plat_role_right_rel(role_id,right_id,button_ids) values (424503,661,'');
insert  into plat_role_right_rel(role_id,right_id,button_ids) values (424503,701,'');
insert  into plat_role_right_rel(role_id,right_id,button_ids) values (424503,702,'');
insert  into plat_role_right_rel(role_id,right_id,button_ids) values (424503,703,'');
insert  into plat_role_right_rel(role_id,right_id,button_ids) values (424503,704,'');
insert  into plat_role_right_rel(role_id,right_id,button_ids) values (499500,1,'');
insert  into plat_role_right_rel(role_id,right_id,button_ids) values (499500,3,'');
insert  into plat_role_right_rel(role_id,right_id,button_ids) values (499500,4,'');
insert  into plat_role_right_rel(role_id,right_id,button_ids) values (499500,5,'');
insert  into plat_role_right_rel(role_id,right_id,button_ids) values (499500,7,'');
insert  into plat_role_right_rel(role_id,right_id,button_ids) values (499500,11,'');
insert  into plat_role_right_rel(role_id,right_id,button_ids) values (499500,101,'');
insert  into plat_role_right_rel(role_id,right_id,button_ids) values (499500,102,'');
insert  into plat_role_right_rel(role_id,right_id,button_ids) values (499500,103,'');
insert  into plat_role_right_rel(role_id,right_id,button_ids) values (499500,111,'');
insert  into plat_role_right_rel(role_id,right_id,button_ids) values (499500,112,'');
insert  into plat_role_right_rel(role_id,right_id,button_ids) values (499500,113,'');
insert  into plat_role_right_rel(role_id,right_id,button_ids) values (499500,114,'');
insert  into plat_role_right_rel(role_id,right_id,button_ids) values (499500,121,'');
insert  into plat_role_right_rel(role_id,right_id,button_ids) values (499500,122,'');
insert  into plat_role_right_rel(role_id,right_id,button_ids) values (499500,131,'');
insert  into plat_role_right_rel(role_id,right_id,button_ids) values (499500,132,'');
insert  into plat_role_right_rel(role_id,right_id,button_ids) values (499500,133,'');
insert  into plat_role_right_rel(role_id,right_id,button_ids) values (499500,301,'');
insert  into plat_role_right_rel(role_id,right_id,button_ids) values (499500,305,'');
insert  into plat_role_right_rel(role_id,right_id,button_ids) values (499500,307,'');
insert  into plat_role_right_rel(role_id,right_id,button_ids) values (499500,308,'');
insert  into plat_role_right_rel(role_id,right_id,button_ids) values (499500,311,'');
insert  into plat_role_right_rel(role_id,right_id,button_ids) values (499500,312,'');
insert  into plat_role_right_rel(role_id,right_id,button_ids) values (499500,313,'');
insert  into plat_role_right_rel(role_id,right_id,button_ids) values (499500,314,'');
insert  into plat_role_right_rel(role_id,right_id,button_ids) values (499500,399,'');
insert  into plat_role_right_rel(role_id,right_id,button_ids) values (499500,400,'');
insert  into plat_role_right_rel(role_id,right_id,button_ids) values (499500,411,'');
insert  into plat_role_right_rel(role_id,right_id,button_ids) values (499500,412,'');
insert  into plat_role_right_rel(role_id,right_id,button_ids) values (499500,413,'');
insert  into plat_role_right_rel(role_id,right_id,button_ids) values (499500,414,'');
insert  into plat_role_right_rel(role_id,right_id,button_ids) values (499500,421,'');
insert  into plat_role_right_rel(role_id,right_id,button_ids) values (499500,422,'');
insert  into plat_role_right_rel(role_id,right_id,button_ids) values (499500,423,'');
insert  into plat_role_right_rel(role_id,right_id,button_ids) values (499500,424,'');
insert  into plat_role_right_rel(role_id,right_id,button_ids) values (499500,431,'');
insert  into plat_role_right_rel(role_id,right_id,button_ids) values (499500,432,'');
insert  into plat_role_right_rel(role_id,right_id,button_ids) values (499500,433,'');
insert  into plat_role_right_rel(role_id,right_id,button_ids) values (499500,434,'');
insert  into plat_role_right_rel(role_id,right_id,button_ids) values (499500,441,'');
insert  into plat_role_right_rel(role_id,right_id,button_ids) values (499500,442,'');
insert  into plat_role_right_rel(role_id,right_id,button_ids) values (499500,443,'');
insert  into plat_role_right_rel(role_id,right_id,button_ids) values (499500,444,'');
insert  into plat_role_right_rel(role_id,right_id,button_ids) values (499500,445,'');
insert  into plat_role_right_rel(role_id,right_id,button_ids) values (499500,500,'');
insert  into plat_role_right_rel(role_id,right_id,button_ids) values (499500,501,'');
insert  into plat_role_right_rel(role_id,right_id,button_ids) values (499500,502,'');
insert  into plat_role_right_rel(role_id,right_id,button_ids) values (499500,503,'');
insert  into plat_role_right_rel(role_id,right_id,button_ids) values (499500,505,'');
insert  into plat_role_right_rel(role_id,right_id,button_ids) values (499500,506,'');
insert  into plat_role_right_rel(role_id,right_id,button_ids) values (499500,507,'');
insert  into plat_role_right_rel(role_id,right_id,button_ids) values (499500,508,'');
insert  into plat_role_right_rel(role_id,right_id,button_ids) values (499500,510,'');
insert  into plat_role_right_rel(role_id,right_id,button_ids) values (499500,511,'');
insert  into plat_role_right_rel(role_id,right_id,button_ids) values (499500,512,'');
insert  into plat_role_right_rel(role_id,right_id,button_ids) values (499500,522,'');
insert  into plat_role_right_rel(role_id,right_id,button_ids) values (499500,701,'');
insert  into plat_role_right_rel(role_id,right_id,button_ids) values (499500,702,'');
insert  into plat_role_right_rel(role_id,right_id,button_ids) values (499500,703,'');
insert  into plat_role_right_rel(role_id,right_id,button_ids) values (499500,704,'');
insert  into plat_role_right_rel(role_id,right_id,button_ids) values (502001,1,'');
insert  into plat_role_right_rel(role_id,right_id,button_ids) values (502001,5,'');
insert  into plat_role_right_rel(role_id,right_id,button_ids) values (502001,6,'');
insert  into plat_role_right_rel(role_id,right_id,button_ids) values (502001,11,'');
insert  into plat_role_right_rel(role_id,right_id,button_ids) values (502001,121,'');
insert  into plat_role_right_rel(role_id,right_id,button_ids) values (502001,122,'');
insert  into plat_role_right_rel(role_id,right_id,button_ids) values (502001,131,'');
insert  into plat_role_right_rel(role_id,right_id,button_ids) values (502001,132,'');
insert  into plat_role_right_rel(role_id,right_id,button_ids) values (502001,133,'');
insert  into plat_role_right_rel(role_id,right_id,button_ids) values (502001,500,'');
insert  into plat_role_right_rel(role_id,right_id,button_ids) values (502001,501,'');
insert  into plat_role_right_rel(role_id,right_id,button_ids) values (502001,502,'');
insert  into plat_role_right_rel(role_id,right_id,button_ids) values (502001,503,'');
insert  into plat_role_right_rel(role_id,right_id,button_ids) values (502001,505,'');
insert  into plat_role_right_rel(role_id,right_id,button_ids) values (502001,506,'');
insert  into plat_role_right_rel(role_id,right_id,button_ids) values (502001,507,'');
insert  into plat_role_right_rel(role_id,right_id,button_ids) values (502001,508,'');
insert  into plat_role_right_rel(role_id,right_id,button_ids) values (502001,510,'');
insert  into plat_role_right_rel(role_id,right_id,button_ids) values (502001,511,'');
insert  into plat_role_right_rel(role_id,right_id,button_ids) values (502001,512,'');
insert  into plat_role_right_rel(role_id,right_id,button_ids) values (502001,522,'');
insert  into plat_role_right_rel(role_id,right_id,button_ids) values (502001,640,'');
insert  into plat_role_right_rel(role_id,right_id,button_ids) values (502001,641,'');
insert  into plat_role_right_rel(role_id,right_id,button_ids) values (502001,650,'');
insert  into plat_role_right_rel(role_id,right_id,button_ids) values (502001,651,'');
insert  into plat_role_right_rel(role_id,right_id,button_ids) values (502001,652,'');
insert  into plat_role_right_rel(role_id,right_id,button_ids) values (502001,653,'');
insert  into plat_role_right_rel(role_id,right_id,button_ids) values (502001,654,'');
insert  into plat_role_right_rel(role_id,right_id,button_ids) values (502001,655,'');
insert  into plat_role_right_rel(role_id,right_id,button_ids) values (502001,656,'');
insert  into plat_role_right_rel(role_id,right_id,button_ids) values (502001,657,'');
insert  into plat_role_right_rel(role_id,right_id,button_ids) values (502001,660,'');
insert  into plat_role_right_rel(role_id,right_id,button_ids) values (502001,661,'');
insert  into plat_role_right_rel(role_id,right_id,button_ids) values (503000,1,'');
insert  into plat_role_right_rel(role_id,right_id,button_ids) values (503000,4,'');
insert  into plat_role_right_rel(role_id,right_id,button_ids) values (503000,5,'');
insert  into plat_role_right_rel(role_id,right_id,button_ids) values (503000,11,'');
insert  into plat_role_right_rel(role_id,right_id,button_ids) values (503000,102,'');
insert  into plat_role_right_rel(role_id,right_id,button_ids) values (503000,113,'');
insert  into plat_role_right_rel(role_id,right_id,button_ids) values (503000,114,'');
insert  into plat_role_right_rel(role_id,right_id,button_ids) values (503000,121,'');
insert  into plat_role_right_rel(role_id,right_id,button_ids) values (503000,122,'');
insert  into plat_role_right_rel(role_id,right_id,button_ids) values (503000,432,'');
insert  into plat_role_right_rel(role_id,right_id,button_ids) values (503000,433,'');
insert  into plat_role_right_rel(role_id,right_id,button_ids) values (503000,434,'');
insert  into plat_role_right_rel(role_id,right_id,button_ids) values (503000,442,'');
insert  into plat_role_right_rel(role_id,right_id,button_ids) values (503000,443,'');
insert  into plat_role_right_rel(role_id,right_id,button_ids) values (503000,444,'');
insert  into plat_role_right_rel(role_id,right_id,button_ids) values (503000,445,'');
insert  into plat_role_right_rel(role_id,right_id,button_ids) values (503000,500,'');
insert  into plat_role_right_rel(role_id,right_id,button_ids) values (503000,501,'');
insert  into plat_role_right_rel(role_id,right_id,button_ids) values (503000,502,'');
insert  into plat_role_right_rel(role_id,right_id,button_ids) values (503000,503,'');
insert  into plat_role_right_rel(role_id,right_id,button_ids) values (503000,505,'');
insert  into plat_role_right_rel(role_id,right_id,button_ids) values (503000,506,'');
insert  into plat_role_right_rel(role_id,right_id,button_ids) values (503000,507,'');
insert  into plat_role_right_rel(role_id,right_id,button_ids) values (503000,508,'');
insert  into plat_role_right_rel(role_id,right_id,button_ids) values (503000,510,'');
insert  into plat_role_right_rel(role_id,right_id,button_ids) values (503000,511,'');
insert  into plat_role_right_rel(role_id,right_id,button_ids) values (503000,512,'');
insert  into plat_role_right_rel(role_id,right_id,button_ids) values (503000,522,'');
insert  into plat_role_right_rel(role_id,right_id,button_ids) values (518500,1,'');
insert  into plat_role_right_rel(role_id,right_id,button_ids) values (518500,4,'');
insert  into plat_role_right_rel(role_id,right_id,button_ids) values (518500,5,'');
insert  into plat_role_right_rel(role_id,right_id,button_ids) values (518500,11,'');
insert  into plat_role_right_rel(role_id,right_id,button_ids) values (518500,102,'');
insert  into plat_role_right_rel(role_id,right_id,button_ids) values (518500,113,'');
insert  into plat_role_right_rel(role_id,right_id,button_ids) values (518500,114,'');
insert  into plat_role_right_rel(role_id,right_id,button_ids) values (518500,121,'');
insert  into plat_role_right_rel(role_id,right_id,button_ids) values (518500,122,'');
insert  into plat_role_right_rel(role_id,right_id,button_ids) values (518500,432,'');
insert  into plat_role_right_rel(role_id,right_id,button_ids) values (518500,433,'');
insert  into plat_role_right_rel(role_id,right_id,button_ids) values (518500,434,'');
insert  into plat_role_right_rel(role_id,right_id,button_ids) values (518500,442,'');
insert  into plat_role_right_rel(role_id,right_id,button_ids) values (518500,443,'');
insert  into plat_role_right_rel(role_id,right_id,button_ids) values (518500,444,'');
insert  into plat_role_right_rel(role_id,right_id,button_ids) values (518500,445,'');
insert  into plat_role_right_rel(role_id,right_id,button_ids) values (518500,500,'');
insert  into plat_role_right_rel(role_id,right_id,button_ids) values (518500,501,'');
insert  into plat_role_right_rel(role_id,right_id,button_ids) values (518500,502,'');
insert  into plat_role_right_rel(role_id,right_id,button_ids) values (518500,503,'');
insert  into plat_role_right_rel(role_id,right_id,button_ids) values (518500,505,'');
insert  into plat_role_right_rel(role_id,right_id,button_ids) values (518500,506,'');
insert  into plat_role_right_rel(role_id,right_id,button_ids) values (518500,507,'');
insert  into plat_role_right_rel(role_id,right_id,button_ids) values (518500,508,'');
insert  into plat_role_right_rel(role_id,right_id,button_ids) values (518500,510,'');
insert  into plat_role_right_rel(role_id,right_id,button_ids) values (518500,511,'');
insert  into plat_role_right_rel(role_id,right_id,button_ids) values (518500,512,'');
insert  into plat_role_right_rel(role_id,right_id,button_ids) values (518500,522,'');
insert  into plat_role_right_rel(role_id,right_id,button_ids) values (518501,1,'');
insert  into plat_role_right_rel(role_id,right_id,button_ids) values (518501,4,'');
insert  into plat_role_right_rel(role_id,right_id,button_ids) values (518501,5,'');
insert  into plat_role_right_rel(role_id,right_id,button_ids) values (518501,11,'');
insert  into plat_role_right_rel(role_id,right_id,button_ids) values (518501,102,'');
insert  into plat_role_right_rel(role_id,right_id,button_ids) values (518501,114,'');
insert  into plat_role_right_rel(role_id,right_id,button_ids) values (518501,121,'');
insert  into plat_role_right_rel(role_id,right_id,button_ids) values (518501,122,'');
insert  into plat_role_right_rel(role_id,right_id,button_ids) values (518501,442,'');
insert  into plat_role_right_rel(role_id,right_id,button_ids) values (518501,443,'');
insert  into plat_role_right_rel(role_id,right_id,button_ids) values (518501,444,'');
insert  into plat_role_right_rel(role_id,right_id,button_ids) values (518501,445,'');
insert  into plat_role_right_rel(role_id,right_id,button_ids) values (518501,500,'');
insert  into plat_role_right_rel(role_id,right_id,button_ids) values (518501,501,'');
insert  into plat_role_right_rel(role_id,right_id,button_ids) values (518501,502,'');
insert  into plat_role_right_rel(role_id,right_id,button_ids) values (518501,503,'');
insert  into plat_role_right_rel(role_id,right_id,button_ids) values (518501,505,'');
insert  into plat_role_right_rel(role_id,right_id,button_ids) values (518501,506,'');
insert  into plat_role_right_rel(role_id,right_id,button_ids) values (518501,507,'');
insert  into plat_role_right_rel(role_id,right_id,button_ids) values (518501,508,'');
insert  into plat_role_right_rel(role_id,right_id,button_ids) values (518501,510,'');
insert  into plat_role_right_rel(role_id,right_id,button_ids) values (518501,511,'');
insert  into plat_role_right_rel(role_id,right_id,button_ids) values (518501,512,'');
insert  into plat_role_right_rel(role_id,right_id,button_ids) values (518501,522,'');
INSERT  INTO plat_role_right_rel(role_id,right_id,button_ids) VALUES (518503,1,'');
INSERT  INTO plat_role_right_rel(role_id,right_id,button_ids) VALUES (518503,5,'');
INSERT  INTO plat_role_right_rel(role_id,right_id,button_ids) VALUES (518503,6,'');
INSERT  INTO plat_role_right_rel(role_id,right_id,button_ids) VALUES (518503,11,'');
INSERT  INTO plat_role_right_rel(role_id,right_id,button_ids) VALUES (518503,121,'');
INSERT  INTO plat_role_right_rel(role_id,right_id,button_ids) VALUES (518503,131,'');
INSERT  INTO plat_role_right_rel(role_id,right_id,button_ids) VALUES (518503,500,'');
INSERT  INTO plat_role_right_rel(role_id,right_id,button_ids) VALUES (518503,501,'');
INSERT  INTO plat_role_right_rel(role_id,right_id,button_ids) VALUES (518503,502,'');
INSERT  INTO plat_role_right_rel(role_id,right_id,button_ids) VALUES (518503,503,'');
INSERT  INTO plat_role_right_rel(role_id,right_id,button_ids) VALUES (518503,505,'');
INSERT  INTO plat_role_right_rel(role_id,right_id,button_ids) VALUES (518503,506,'');
INSERT  INTO plat_role_right_rel(role_id,right_id,button_ids) VALUES (518503,507,'');
INSERT  INTO plat_role_right_rel(role_id,right_id,button_ids) VALUES (518503,508,'');
INSERT  INTO plat_role_right_rel(role_id,right_id,button_ids) VALUES (518503,510,'');
INSERT  INTO plat_role_right_rel(role_id,right_id,button_ids) VALUES (518503,511,'');
INSERT  INTO plat_role_right_rel(role_id,right_id,button_ids) VALUES (518503,512,'');
INSERT  INTO plat_role_right_rel(role_id,right_id,button_ids) VALUES (518503,522,'');
INSERT  INTO plat_role_right_rel(role_id,right_id,button_ids) VALUES (518503,640,'');
INSERT  INTO plat_role_right_rel(role_id,right_id,button_ids) VALUES (518503,641,'');
INSERT  INTO plat_role_right_rel(role_id,right_id,button_ids) VALUES (518503,650,'');
INSERT  INTO plat_role_right_rel(role_id,right_id,button_ids) VALUES (518503,651,'');
INSERT  INTO plat_role_right_rel(role_id,right_id,button_ids) VALUES (518503,652,'');
INSERT  INTO plat_role_right_rel(role_id,right_id,button_ids) VALUES (518503,653,'');
INSERT  INTO plat_role_right_rel(role_id,right_id,button_ids) VALUES (518503,654,'');
INSERT  INTO plat_role_right_rel(role_id,right_id,button_ids) VALUES (518503,655,'');
INSERT  INTO plat_role_right_rel(role_id,right_id,button_ids) VALUES (518503,656,'');
INSERT  INTO plat_role_right_rel(role_id,right_id,button_ids) VALUES (518503,657,'');
INSERT  INTO plat_role_right_rel(role_id,right_id,button_ids) VALUES (518503,660,'');
INSERT  INTO plat_role_right_rel(role_id,right_id,button_ids) VALUES (518503,661,'');
insert  into plat_role_right_rel(role_id,right_id,button_ids) values (519000,1,'');
insert  into plat_role_right_rel(role_id,right_id,button_ids) values (519000,4,'');
insert  into plat_role_right_rel(role_id,right_id,button_ids) values (519000,5,'');
insert  into plat_role_right_rel(role_id,right_id,button_ids) values (519000,11,'');
insert  into plat_role_right_rel(role_id,right_id,button_ids) values (519000,102,'');
insert  into plat_role_right_rel(role_id,right_id,button_ids) values (519000,113,'');
insert  into plat_role_right_rel(role_id,right_id,button_ids) values (519000,121,'');
insert  into plat_role_right_rel(role_id,right_id,button_ids) values (519000,122,'');
insert  into plat_role_right_rel(role_id,right_id,button_ids) values (519000,432,'');
insert  into plat_role_right_rel(role_id,right_id,button_ids) values (519000,433,'');
insert  into plat_role_right_rel(role_id,right_id,button_ids) values (519000,434,'');
insert  into plat_role_right_rel(role_id,right_id,button_ids) values (519000,500,'');
insert  into plat_role_right_rel(role_id,right_id,button_ids) values (519000,501,'');
insert  into plat_role_right_rel(role_id,right_id,button_ids) values (519000,502,'');
insert  into plat_role_right_rel(role_id,right_id,button_ids) values (519000,503,'');
insert  into plat_role_right_rel(role_id,right_id,button_ids) values (519000,505,'');
insert  into plat_role_right_rel(role_id,right_id,button_ids) values (519000,506,'');
insert  into plat_role_right_rel(role_id,right_id,button_ids) values (519000,507,'');
insert  into plat_role_right_rel(role_id,right_id,button_ids) values (519000,508,'');
insert  into plat_role_right_rel(role_id,right_id,button_ids) values (519000,510,'');
insert  into plat_role_right_rel(role_id,right_id,button_ids) values (519000,511,'');
insert  into plat_role_right_rel(role_id,right_id,button_ids) values (519000,512,'');
insert  into plat_role_right_rel(role_id,right_id,button_ids) values (519000,522,'');
insert into `plat_role_right_rel` (`role_id`, `right_id`, `button_ids`) values(544500,11,'');

/*!40000 ALTER TABLE `plat_role` ENABLE KEYS */;
insert  into `itsm_service_catalog` (`id`, `name`, `pid`) VALUES
	(632499, '所有目录','0');

insert  into `itsm_pm_department` (`departmentId`, `departmentName`, `parentId`) VALUES
	(100, '根单位', 0);

insert  into `itsm_pm_doccatalog` VALUES (1, '文档库', 0);
insert  into `itsm_pm_doccatalog` VALUES (2, '项目照片', 1);
insert  into `itsm_pm_doccatalog` VALUES (3, '项目方案', 1);
insert  into `itsm_pm_doccatalog` VALUES (4, '任务照片', 1);
insert  into `itsm_pm_doccatalog` VALUES (5, '设计方案', 1);
insert  into `itsm_pm_doccatalog` VALUES (1241503, '任务附件', 1);


insert  into `itsm_system_right_button` (`right_id`,`button_id`,`button_name`,`button_des`) VALUES
                                                          (201,'addUserInfo','新建','新建用户按钮'),
                                                          (201,'startUserInfo','启用','启用用户按钮'),
                                                          (201,'stopUserInfo','停用','停用用户按钮'),
                                                          (201,'changeDepart','更改部门','更改用户部门按钮'),
                                                          (201,'delUserInfo','删除','删除用户按钮'),
                                                          (202,'addRoleInfo','新建','新建角色按钮'),
                                                          (202,'delRoleInfo','删除','删除角色按钮'),
                                                          (202,'roleUser','角色用户','角色用户关联按钮'),
                                                          (202,'authority','授予权限','角色授予页签权限按钮'),
                                                          (203,'savePageMessage','保存','公司名称保存按钮'),
                                                          (204,'addOrganization','新建','新建组织架构按钮'),
                                                          (204,'editOrganization','编辑','编辑组织架构按钮'),
                                                          (204,'delOrganization','删除','删除组织架构按钮'),
                                                          (205,'pageManageAdd','新建','新建页签按钮'),
                                                          (205,'pageManageDel','删除','删除页签按钮'),
                                                          (205,'saveSort','保存','保存页签排序按钮');



insert  into `itsm_apple_user_type` VALUES ('1','个人');
insert  into `itsm_apple_user_type` VALUES ('2','内部员工');





/*Data for the table `ves_platform_sequence` */

insert  into `ves_platform_sequence`(`seq_name`,`cur_val`,`cache_count`) values ('ITSM_CMDB_CATALOG',902000,500);
insert  into `ves_platform_sequence`(`seq_name`,`cur_val`,`cache_count`) values ('itsm_cmdb_contract_info',102000,500);
insert  into `ves_platform_sequence`(`seq_name`,`cur_val`,`cache_count`) values ('itsm_cmdb_inventory',102000,500);
insert  into `ves_platform_sequence`(`seq_name`,`cur_val`,`cache_count`) values ('itsm_cmdb_warehouse',102000,500);
insert  into `ves_platform_sequence`(`seq_name`,`cur_val`,`cache_count`) values ('ITSM_CONTRACT_BASE',102000,500);
insert  into `ves_platform_sequence`(`seq_name`,`cur_val`,`cache_count`) values ('ITSM_NOTICE',102000,500);
insert  into `ves_platform_sequence`(`seq_name`,`cur_val`,`cache_count`) values ('ITSM_SYS_CUSTOMER',102000,500);
insert  into `ves_platform_sequence`(`seq_name`,`cur_val`,`cache_count`) values ('plat_company',102000,500);
insert  into `ves_platform_sequence`(`seq_name`,`cur_val`,`cache_count`) values ('plat_organization',102000,500);
insert  into `ves_platform_sequence`(`seq_name`,`cur_val`,`cache_count`) values ('VES_FILE_SYSTEM',102000,500);
insert  into `ves_platform_sequence`(`seq_name`,`cur_val`,`cache_count`) values ('VES_SYSTEM_DOMAIN',102000,500);
insert  into `ves_platform_sequence`(`seq_name`,`cur_val`,`cache_count`) values ('VES_SYSTEM_ROLE_RIGHT_REL_SEQ',102000,500);
insert  into `ves_platform_sequence`(`seq_name`,`cur_val`,`cache_count`) values ('VES_SYSTEM_ROLE_SEQ',502000,500);
insert  into `ves_platform_sequence`(`seq_name`,`cur_val`,`cache_count`) values ('VES_SYSTEM_USER_DOMAIN_ROLE_REL',102000,500);


/*Data for the table `itsm_event_satisfaction_label` */
insert  into `itsm_event_satisfaction_label`(`id`,`name`) values (101003,'态度好');
insert  into `itsm_event_satisfaction_label`(`id`,`name`) values (101502,'响应快');
insert  into `itsm_event_satisfaction_label`(`id`,`name`) values (101503,'专业');
insert  into `itsm_event_satisfaction_label`(`id`,`name`) values (101504,'礼貌');
insert  into `itsm_event_satisfaction_label`(`id`,`name`) values (101505,'认真');


insert into `itsm_cmdb_asset` (`id`, `_name`, `_code`, `icon`, `level`, `parentId`, `isPreset`) values('1','全部','root','xxx','0','0','1');
insert into `itsm_cmdb_asset` (`id`, `_name`, `_code`, `icon`, `level`, `parentId`, `isPreset`) values('3','机房设备','CpRmEqp','../../static/dist/img/cmdb/model-icons/CpRmEqp.png','1','1','1');
insert into `itsm_cmdb_asset` (`id`, `_name`, `_code`, `icon`, `level`, `parentId`, `isPreset`) values('12','服务器','Svr','../../static/dist/img/cmdb/model-icons/Svr.png','2','3','1');
insert into `itsm_cmdb_asset` (`id`, `_name`, `_code`, `icon`, `level`, `parentId`, `isPreset`) values('13','网络设备','NE','../../static/dist/img/cmdb/model-icons/NE.png','2','3','1');



insert  into `itsm_cmdb_type_configuration`(`id`,`name`,`parent_id`) values (1,'品牌',0);
insert  into `itsm_cmdb_type_configuration`(`id`,`name`,`parent_id`) values (2,'型号',1);
insert  into `itsm_cmdb_type_configuration`(`id`,`name`,`parent_id`) values (3,'网络设备类型',0);
insert  into `itsm_cmdb_type_configuration`(`id`,`name`,`parent_id`) values (4,'IOS版本',1);
insert  into `itsm_cmdb_type_configuration`(`id`,`name`,`parent_id`) values (5,'OS版本',6);
insert  into `itsm_cmdb_type_configuration`(`id`,`name`,`parent_id`) values (6,'OS家族',0);
insert  into `itsm_cmdb_type_configuration`(`id`,`name`,`parent_id`) values (7,'联系人类型',0);
insert  into `itsm_cmdb_type_configuration`(`id`,`name`,`parent_id`) values (8,'CI状态',0);
insert  into `itsm_cmdb_type_configuration`(`id`,`name`,`parent_id`) values (9,'业务级别',0);
insert  into `itsm_cmdb_type_configuration`(`id`,`name`,`parent_id`) values (10,'文档类型',0);

/*Data for the table `itsm_cmdb_type_data` */

insert  into `itsm_cmdb_type_data`(`id`,`name`,`describe`,`parent_id`,`type_id`,`col_a`,`col_b`,`col_c`,`col_d`,`col_e`) values (1,'@ME500','@ME500',NULL,1,NULL,NULL,NULL,NULL,NULL);
insert  into `itsm_cmdb_type_data`(`id`,`name`,`describe`,`parent_id`,`type_id`,`col_a`,`col_b`,`col_c`,`col_d`,`col_e`) values (2,'Acer','Acer',NULL,1,NULL,NULL,NULL,NULL,NULL);
insert  into `itsm_cmdb_type_data`(`id`,`name`,`describe`,`parent_id`,`type_id`,`col_a`,`col_b`,`col_c`,`col_d`,`col_e`) values (3,'AOC','AOC',NULL,1,NULL,NULL,NULL,NULL,NULL);
insert  into `itsm_cmdb_type_data`(`id`,`name`,`describe`,`parent_id`,`type_id`,`col_a`,`col_b`,`col_c`,`col_d`,`col_e`) values (4,'AVAYA','AVAYA',NULL,1,NULL,NULL,NULL,NULL,NULL);
insert  into `itsm_cmdb_type_data`(`id`,`name`,`describe`,`parent_id`,`type_id`,`col_a`,`col_b`,`col_c`,`col_d`,`col_e`) values (5,'Cooryslee','Cooryslee',NULL,1,NULL,NULL,NULL,NULL,NULL);
insert  into `itsm_cmdb_type_data`(`id`,`name`,`describe`,`parent_id`,`type_id`,`col_a`,`col_b`,`col_c`,`col_d`,`col_e`) values (6,'DELL','DELL',NULL,1,NULL,NULL,NULL,NULL,NULL);
insert  into `itsm_cmdb_type_data`(`id`,`name`,`describe`,`parent_id`,`type_id`,`col_a`,`col_b`,`col_c`,`col_d`,`col_e`) values (7,'H3C','H3C',NULL,1,NULL,NULL,NULL,NULL,NULL);
insert  into `itsm_cmdb_type_data`(`id`,`name`,`describe`,`parent_id`,`type_id`,`col_a`,`col_b`,`col_c`,`col_d`,`col_e`) values (8,'Honor','Honor',NULL,1,NULL,NULL,NULL,NULL,NULL);
insert  into `itsm_cmdb_type_data`(`id`,`name`,`describe`,`parent_id`,`type_id`,`col_a`,`col_b`,`col_c`,`col_d`,`col_e`) values (9,'Lenovo','Lenovo',NULL,1,NULL,NULL,NULL,NULL,NULL);
insert  into `itsm_cmdb_type_data`(`id`,`name`,`describe`,`parent_id`,`type_id`,`col_a`,`col_b`,`col_c`,`col_d`,`col_e`) values (10,'Mirsoft','Mirsoft',NULL,1,NULL,NULL,NULL,NULL,NULL);
insert  into `itsm_cmdb_type_data`(`id`,`name`,`describe`,`parent_id`,`type_id`,`col_a`,`col_b`,`col_c`,`col_d`,`col_e`) values (11,'panasonic','panasonic',NULL,1,NULL,NULL,NULL,NULL,NULL);
insert  into `itsm_cmdb_type_data`(`id`,`name`,`describe`,`parent_id`,`type_id`,`col_a`,`col_b`,`col_c`,`col_d`,`col_e`) values (12,'Polycom','Polycom',NULL,1,NULL,NULL,NULL,NULL,NULL);
insert  into `itsm_cmdb_type_data`(`id`,`name`,`describe`,`parent_id`,`type_id`,`col_a`,`col_b`,`col_c`,`col_d`,`col_e`) values (13,'TCL','TCL',NULL,1,NULL,NULL,NULL,NULL,NULL);
insert  into `itsm_cmdb_type_data`(`id`,`name`,`describe`,`parent_id`,`type_id`,`col_a`,`col_b`,`col_c`,`col_d`,`col_e`) values (14,'thinkpad','thinkpad',NULL,1,NULL,NULL,NULL,NULL,NULL);
insert  into `itsm_cmdb_type_data`(`id`,`name`,`describe`,`parent_id`,`type_id`,`col_a`,`col_b`,`col_c`,`col_d`,`col_e`) values (15,'三星','三星',NULL,1,NULL,NULL,NULL,NULL,NULL);
insert  into `itsm_cmdb_type_data`(`id`,`name`,`describe`,`parent_id`,`type_id`,`col_a`,`col_b`,`col_c`,`col_d`,`col_e`) values (16,'中电长城网际','中电长城网际',NULL,1,NULL,NULL,NULL,NULL,NULL);
insert  into `itsm_cmdb_type_data`(`id`,`name`,`describe`,`parent_id`,`type_id`,`col_a`,`col_b`,`col_c`,`col_d`,`col_e`) values (17,'中盛益华','中盛益华',NULL,1,NULL,NULL,NULL,NULL,NULL);
insert  into `itsm_cmdb_type_data`(`id`,`name`,`describe`,`parent_id`,`type_id`,`col_a`,`col_b`,`col_c`,`col_d`,`col_e`) values (18,'任子行','任子行',NULL,1,NULL,NULL,NULL,NULL,NULL);
insert  into `itsm_cmdb_type_data`(`id`,`name`,`describe`,`parent_id`,`type_id`,`col_a`,`col_b`,`col_c`,`col_d`,`col_e`) values (19,'伟思','伟思',NULL,1,NULL,NULL,NULL,NULL,NULL);
insert  into `itsm_cmdb_type_data`(`id`,`name`,`describe`,`parent_id`,`type_id`,`col_a`,`col_b`,`col_c`,`col_d`,`col_e`) values (20,'华为','华为',NULL,1,NULL,NULL,NULL,NULL,NULL);
insert  into `itsm_cmdb_type_data`(`id`,`name`,`describe`,`parent_id`,`type_id`,`col_a`,`col_b`,`col_c`,`col_d`,`col_e`) values (21,'华硕','华硕',NULL,1,NULL,NULL,NULL,NULL,NULL);
insert  into `itsm_cmdb_type_data`(`id`,`name`,`describe`,`parent_id`,`type_id`,`col_a`,`col_b`,`col_c`,`col_d`,`col_e`) values (22,'博科','博科',NULL,1,NULL,NULL,NULL,NULL,NULL);
insert  into `itsm_cmdb_type_data`(`id`,`name`,`describe`,`parent_id`,`type_id`,`col_a`,`col_b`,`col_c`,`col_d`,`col_e`) values (23,'启明星辰','启明星辰',NULL,1,NULL,NULL,NULL,NULL,NULL);
insert  into `itsm_cmdb_type_data`(`id`,`name`,`describe`,`parent_id`,`type_id`,`col_a`,`col_b`,`col_c`,`col_d`,`col_e`) values (24,'图腾','图腾',NULL,1,NULL,NULL,NULL,NULL,NULL);
insert  into `itsm_cmdb_type_data`(`id`,`name`,`describe`,`parent_id`,`type_id`,`col_a`,`col_b`,`col_c`,`col_d`,`col_e`) values (25,'大华','大华',NULL,1,NULL,NULL,NULL,NULL,NULL);
insert  into `itsm_cmdb_type_data`(`id`,`name`,`describe`,`parent_id`,`type_id`,`col_a`,`col_b`,`col_c`,`col_d`,`col_e`) values (26,'山石','山石',NULL,1,NULL,NULL,NULL,NULL,NULL);
insert  into `itsm_cmdb_type_data`(`id`,`name`,`describe`,`parent_id`,`type_id`,`col_a`,`col_b`,`col_c`,`col_d`,`col_e`) values (27,'康佳','康佳',NULL,1,NULL,NULL,NULL,NULL,NULL);
insert  into `itsm_cmdb_type_data`(`id`,`name`,`describe`,`parent_id`,`type_id`,`col_a`,`col_b`,`col_c`,`col_d`,`col_e`) values (28,'得力','得力',NULL,1,NULL,NULL,NULL,NULL,NULL);
insert  into `itsm_cmdb_type_data`(`id`,`name`,`describe`,`parent_id`,`type_id`,`col_a`,`col_b`,`col_c`,`col_d`,`col_e`) values (29,'思科','思科',NULL,1,NULL,NULL,NULL,NULL,NULL);
insert  into `itsm_cmdb_type_data`(`id`,`name`,`describe`,`parent_id`,`type_id`,`col_a`,`col_b`,`col_c`,`col_d`,`col_e`) values (30,'惠普','惠普',NULL,1,NULL,NULL,NULL,NULL,NULL);
insert  into `itsm_cmdb_type_data`(`id`,`name`,`describe`,`parent_id`,`type_id`,`col_a`,`col_b`,`col_c`,`col_d`,`col_e`) values (31,'明御安全网关','明御安全网关',NULL,1,NULL,NULL,NULL,NULL,NULL);
insert  into `itsm_cmdb_type_data`(`id`,`name`,`describe`,`parent_id`,`type_id`,`col_a`,`col_b`,`col_c`,`col_d`,`col_e`) values (32,'明秀','明秀',NULL,1,NULL,NULL,NULL,NULL,NULL);
insert  into `itsm_cmdb_type_data`(`id`,`name`,`describe`,`parent_id`,`type_id`,`col_a`,`col_b`,`col_c`,`col_d`,`col_e`) values (33,'智云创新','智云创新',NULL,1,NULL,NULL,NULL,NULL,NULL);
insert  into `itsm_cmdb_type_data`(`id`,`name`,`describe`,`parent_id`,`type_id`,`col_a`,`col_b`,`col_c`,`col_d`,`col_e`) values (34,'格兰仕','格兰仕',NULL,1,NULL,NULL,NULL,NULL,NULL);
insert  into `itsm_cmdb_type_data`(`id`,`name`,`describe`,`parent_id`,`type_id`,`col_a`,`col_b`,`col_c`,`col_d`,`col_e`) values (35,'格力','格力',NULL,1,NULL,NULL,NULL,NULL,NULL);
insert  into `itsm_cmdb_type_data`(`id`,`name`,`describe`,`parent_id`,`type_id`,`col_a`,`col_b`,`col_c`,`col_d`,`col_e`) values (36,'浩特','浩特',NULL,1,NULL,NULL,NULL,NULL,NULL);
insert  into `itsm_cmdb_type_data`(`id`,`name`,`describe`,`parent_id`,`type_id`,`col_a`,`col_b`,`col_c`,`col_d`,`col_e`) values (37,'浪潮','浪潮',NULL,1,NULL,NULL,NULL,NULL,NULL);
insert  into `itsm_cmdb_type_data`(`id`,`name`,`describe`,`parent_id`,`type_id`,`col_a`,`col_b`,`col_c`,`col_d`,`col_e`) values (38,'深信服','深信服',NULL,1,NULL,NULL,NULL,NULL,NULL);
insert  into `itsm_cmdb_type_data`(`id`,`name`,`describe`,`parent_id`,`type_id`,`col_a`,`col_b`,`col_c`,`col_d`,`col_e`) values (39,'熊猫','熊猫',NULL,1,NULL,NULL,NULL,NULL,NULL);
insert  into `itsm_cmdb_type_data`(`id`,`name`,`describe`,`parent_id`,`type_id`,`col_a`,`col_b`,`col_c`,`col_d`,`col_e`) values (40,'科莱','科莱',NULL,1,NULL,NULL,NULL,NULL,NULL);
insert  into `itsm_cmdb_type_data`(`id`,`name`,`describe`,`parent_id`,`type_id`,`col_a`,`col_b`,`col_c`,`col_d`,`col_e`) values (41,'索尼','索尼',NULL,1,NULL,NULL,NULL,NULL,NULL);
insert  into `itsm_cmdb_type_data`(`id`,`name`,`describe`,`parent_id`,`type_id`,`col_a`,`col_b`,`col_c`,`col_d`,`col_e`) values (42,'组装','组装',NULL,1,NULL,NULL,NULL,NULL,NULL);
insert  into `itsm_cmdb_type_data`(`id`,`name`,`describe`,`parent_id`,`type_id`,`col_a`,`col_b`,`col_c`,`col_d`,`col_e`) values (43,'绿盟','绿盟',NULL,1,NULL,NULL,NULL,NULL,NULL);
insert  into `itsm_cmdb_type_data`(`id`,`name`,`describe`,`parent_id`,`type_id`,`col_a`,`col_b`,`col_c`,`col_d`,`col_e`) values (44,'网康','网康',NULL,1,NULL,NULL,NULL,NULL,NULL);
insert  into `itsm_cmdb_type_data`(`id`,`name`,`describe`,`parent_id`,`type_id`,`col_a`,`col_b`,`col_c`,`col_d`,`col_e`) values (45,'网神','网神',NULL,1,NULL,NULL,NULL,NULL,NULL);
insert  into `itsm_cmdb_type_data`(`id`,`name`,`describe`,`parent_id`,`type_id`,`col_a`,`col_b`,`col_c`,`col_d`,`col_e`) values (46,'美地森','美地森',NULL,1,NULL,NULL,NULL,NULL,NULL);
insert  into `itsm_cmdb_type_data`(`id`,`name`,`describe`,`parent_id`,`type_id`,`col_a`,`col_b`,`col_c`,`col_d`,`col_e`) values (47,'迈普','迈普',NULL,1,NULL,NULL,NULL,NULL,NULL);
insert  into `itsm_cmdb_type_data`(`id`,`name`,`describe`,`parent_id`,`type_id`,`col_a`,`col_b`,`col_c`,`col_d`,`col_e`) values (48,'长城','长城',NULL,1,NULL,NULL,NULL,NULL,NULL);
insert  into `itsm_cmdb_type_data`(`id`,`name`,`describe`,`parent_id`,`type_id`,`col_a`,`col_b`,`col_c`,`col_d`,`col_e`) values (49,'长城 PC','长城 PC',NULL,1,NULL,NULL,NULL,NULL,NULL);
insert  into `itsm_cmdb_type_data`(`id`,`name`,`describe`,`parent_id`,`type_id`,`col_a`,`col_b`,`col_c`,`col_d`,`col_e`) values (50,'长城存储','长城存储',NULL,1,NULL,NULL,NULL,NULL,NULL);
insert  into `itsm_cmdb_type_data`(`id`,`name`,`describe`,`parent_id`,`type_id`,`col_a`,`col_b`,`col_c`,`col_d`,`col_e`) values (51,'Linux','Linux',NULL,6,NULL,NULL,NULL,NULL,NULL);
insert  into `itsm_cmdb_type_data`(`id`,`name`,`describe`,`parent_id`,`type_id`,`col_a`,`col_b`,`col_c`,`col_d`,`col_e`) values (52,'SLes12','SLes12',NULL,6,NULL,NULL,NULL,NULL,NULL);
insert  into `itsm_cmdb_type_data`(`id`,`name`,`describe`,`parent_id`,`type_id`,`col_a`,`col_b`,`col_c`,`col_d`,`col_e`) values (53,'unbuntu','unbuntu',NULL,6,NULL,NULL,NULL,NULL,NULL);
insert  into `itsm_cmdb_type_data`(`id`,`name`,`describe`,`parent_id`,`type_id`,`col_a`,`col_b`,`col_c`,`col_d`,`col_e`) values (54,'vsphere','vsphere',NULL,6,NULL,NULL,NULL,NULL,NULL);
insert  into `itsm_cmdb_type_data`(`id`,`name`,`describe`,`parent_id`,`type_id`,`col_a`,`col_b`,`col_c`,`col_d`,`col_e`) values (55,'Windows','Windows',NULL,6,NULL,NULL,NULL,NULL,NULL);
insert  into `itsm_cmdb_type_data`(`id`,`name`,`describe`,`parent_id`,`type_id`,`col_a`,`col_b`,`col_c`,`col_d`,`col_e`) values (56,'XEN','XEN',NULL,6,NULL,NULL,NULL,NULL,NULL);
insert  into `itsm_cmdb_type_data`(`id`,`name`,`describe`,`parent_id`,`type_id`,`col_a`,`col_b`,`col_c`,`col_d`,`col_e`) values (57,'xenserver','xenserver',NULL,6,NULL,NULL,NULL,NULL,NULL);
insert  into `itsm_cmdb_type_data`(`id`,`name`,`describe`,`parent_id`,`type_id`,`col_a`,`col_b`,`col_c`,`col_d`,`col_e`) values (58,'10','10',55,5,NULL,NULL,NULL,NULL,NULL);
insert  into `itsm_cmdb_type_data`(`id`,`name`,`describe`,`parent_id`,`type_id`,`col_a`,`col_b`,`col_c`,`col_d`,`col_e`) values (59,'12.04','12.04',53,5,NULL,NULL,NULL,NULL,NULL);
insert  into `itsm_cmdb_type_data`(`id`,`name`,`describe`,`parent_id`,`type_id`,`col_a`,`col_b`,`col_c`,`col_d`,`col_e`) values (60,'14.04','14.04',53,5,NULL,NULL,NULL,NULL,NULL);
insert  into `itsm_cmdb_type_data`(`id`,`name`,`describe`,`parent_id`,`type_id`,`col_a`,`col_b`,`col_c`,`col_d`,`col_e`) values (61,'2003','2003',55,5,NULL,NULL,NULL,NULL,NULL);
insert  into `itsm_cmdb_type_data`(`id`,`name`,`describe`,`parent_id`,`type_id`,`col_a`,`col_b`,`col_c`,`col_d`,`col_e`) values (62,'2008','2008',55,5,NULL,NULL,NULL,NULL,NULL);
insert  into `itsm_cmdb_type_data`(`id`,`name`,`describe`,`parent_id`,`type_id`,`col_a`,`col_b`,`col_c`,`col_d`,`col_e`) values (63,'2012','2012',55,5,NULL,NULL,NULL,NULL,NULL);
insert  into `itsm_cmdb_type_data`(`id`,`name`,`describe`,`parent_id`,`type_id`,`col_a`,`col_b`,`col_c`,`col_d`,`col_e`) values (64,'5.5','5.5',54,5,NULL,NULL,NULL,NULL,NULL);
insert  into `itsm_cmdb_type_data`(`id`,`name`,`describe`,`parent_id`,`type_id`,`col_a`,`col_b`,`col_c`,`col_d`,`col_e`) values (65,'6.2','6.2',57,5,NULL,NULL,NULL,NULL,NULL);
insert  into `itsm_cmdb_type_data`(`id`,`name`,`describe`,`parent_id`,`type_id`,`col_a`,`col_b`,`col_c`,`col_d`,`col_e`) values (66,'6.5','6.5',57,5,NULL,NULL,NULL,NULL,NULL);
insert  into `itsm_cmdb_type_data`(`id`,`name`,`describe`,`parent_id`,`type_id`,`col_a`,`col_b`,`col_c`,`col_d`,`col_e`) values (67,'7','7',57,5,NULL,NULL,NULL,NULL,NULL);
insert  into `itsm_cmdb_type_data`(`id`,`name`,`describe`,`parent_id`,`type_id`,`col_a`,`col_b`,`col_c`,`col_d`,`col_e`) values (68,'CentOS 6.5(Final)','CentOS 6.5(Final)',51,5,NULL,NULL,NULL,NULL,NULL);
insert  into `itsm_cmdb_type_data`(`id`,`name`,`describe`,`parent_id`,`type_id`,`col_a`,`col_b`,`col_c`,`col_d`,`col_e`) values (69,'CentOS6','CentOS6',51,5,NULL,NULL,NULL,NULL,NULL);
insert  into `itsm_cmdb_type_data`(`id`,`name`,`describe`,`parent_id`,`type_id`,`col_a`,`col_b`,`col_c`,`col_d`,`col_e`) values (70,'CentOS7','CentOS7',51,5,NULL,NULL,NULL,NULL,NULL);
insert  into `itsm_cmdb_type_data`(`id`,`name`,`describe`,`parent_id`,`type_id`,`col_a`,`col_b`,`col_c`,`col_d`,`col_e`) values (71,'EXSI6.0','EXSI6.0',51,5,NULL,NULL,NULL,NULL,NULL);
insert  into `itsm_cmdb_type_data`(`id`,`name`,`describe`,`parent_id`,`type_id`,`col_a`,`col_b`,`col_c`,`col_d`,`col_e`) values (72,'rehl 7','rehl 7',51,5,NULL,NULL,NULL,NULL,NULL);
insert  into `itsm_cmdb_type_data`(`id`,`name`,`describe`,`parent_id`,`type_id`,`col_a`,`col_b`,`col_c`,`col_d`,`col_e`) values (73,'SLes12sp1','SLes12sp1',52,5,NULL,NULL,NULL,NULL,NULL);
insert  into `itsm_cmdb_type_data`(`id`,`name`,`describe`,`parent_id`,`type_id`,`col_a`,`col_b`,`col_c`,`col_d`,`col_e`) values (74,'Ubuntu 12.04','Ubuntu 12.04',51,5,NULL,NULL,NULL,NULL,NULL);
insert  into `itsm_cmdb_type_data`(`id`,`name`,`describe`,`parent_id`,`type_id`,`col_a`,`col_b`,`col_c`,`col_d`,`col_e`) values (75,'unbuntu14.04','unbuntu14.04',51,5,NULL,NULL,NULL,NULL,NULL);
insert  into `itsm_cmdb_type_data`(`id`,`name`,`describe`,`parent_id`,`type_id`,`col_a`,`col_b`,`col_c`,`col_d`,`col_e`) values (76,'ununtu','ununtu',51,5,NULL,NULL,NULL,NULL,NULL);
insert  into `itsm_cmdb_type_data`(`id`,`name`,`describe`,`parent_id`,`type_id`,`col_a`,`col_b`,`col_c`,`col_d`,`col_e`) values (77,'windows 10','windows 10',55,5,NULL,NULL,NULL,NULL,NULL);
insert  into `itsm_cmdb_type_data`(`id`,`name`,`describe`,`parent_id`,`type_id`,`col_a`,`col_b`,`col_c`,`col_d`,`col_e`) values (78,'windows 8','windows 8',55,5,NULL,NULL,NULL,NULL,NULL);
insert  into `itsm_cmdb_type_data`(`id`,`name`,`describe`,`parent_id`,`type_id`,`col_a`,`col_b`,`col_c`,`col_d`,`col_e`) values (79,'xenserver7.0','xenserver7.0',57,5,NULL,NULL,NULL,NULL,NULL);
insert  into `itsm_cmdb_type_data`(`id`,`name`,`describe`,`parent_id`,`type_id`,`col_a`,`col_b`,`col_c`,`col_d`,`col_e`) values (80,'XP','XP',55,5,NULL,NULL,NULL,NULL,NULL);
insert  into `itsm_cmdb_type_data`(`id`,`name`,`describe`,`parent_id`,`type_id`,`col_a`,`col_b`,`col_c`,`col_d`,`col_e`) values (81,'信息化经理','信息化经理',NULL,7,NULL,NULL,NULL,NULL,NULL);
insert  into `itsm_cmdb_type_data`(`id`,`name`,`describe`,`parent_id`,`type_id`,`col_a`,`col_b`,`col_c`,`col_d`,`col_e`) values (82,'运维中心经理','运维中心经理',NULL,7,NULL,NULL,NULL,NULL,NULL);
insert  into `itsm_cmdb_type_data`(`id`,`name`,`describe`,`parent_id`,`type_id`,`col_a`,`col_b`,`col_c`,`col_d`,`col_e`) values (83,'运维工程师','运维工程师',NULL,7,NULL,NULL,NULL,NULL,NULL);
insert  into `itsm_cmdb_type_data`(`id`,`name`,`describe`,`parent_id`,`type_id`,`col_a`,`col_b`,`col_c`,`col_d`,`col_e`) values (84,'VPN','VPN',NULL,3,NULL,NULL,NULL,NULL,NULL);
insert  into `itsm_cmdb_type_data`(`id`,`name`,`describe`,`parent_id`,`type_id`,`col_a`,`col_b`,`col_c`,`col_d`,`col_e`) values (85,'交换机','交换机',NULL,3,NULL,NULL,NULL,NULL,NULL);
insert  into `itsm_cmdb_type_data`(`id`,`name`,`describe`,`parent_id`,`type_id`,`col_a`,`col_b`,`col_c`,`col_d`,`col_e`) values (86,'入侵检测系统','入侵检测系统',NULL,3,NULL,NULL,NULL,NULL,NULL);
insert  into `itsm_cmdb_type_data`(`id`,`name`,`describe`,`parent_id`,`type_id`,`col_a`,`col_b`,`col_c`,`col_d`,`col_e`) values (87,'堡垒机','堡垒机',NULL,3,NULL,NULL,NULL,NULL,NULL);
insert  into `itsm_cmdb_type_data`(`id`,`name`,`describe`,`parent_id`,`type_id`,`col_a`,`col_b`,`col_c`,`col_d`,`col_e`) values (88,'流量分析','流量分析',NULL,3,NULL,NULL,NULL,NULL,NULL);
insert  into `itsm_cmdb_type_data`(`id`,`name`,`describe`,`parent_id`,`type_id`,`col_a`,`col_b`,`col_c`,`col_d`,`col_e`) values (89,'网关','网关',NULL,3,NULL,NULL,NULL,NULL,NULL);
insert  into `itsm_cmdb_type_data`(`id`,`name`,`describe`,`parent_id`,`type_id`,`col_a`,`col_b`,`col_c`,`col_d`,`col_e`) values (90,'网闸','网闸',NULL,3,NULL,NULL,NULL,NULL,NULL);
insert  into `itsm_cmdb_type_data`(`id`,`name`,`describe`,`parent_id`,`type_id`,`col_a`,`col_b`,`col_c`,`col_d`,`col_e`) values (91,'行为管理','行为管理',NULL,3,NULL,NULL,NULL,NULL,NULL);
insert  into `itsm_cmdb_type_data`(`id`,`name`,`describe`,`parent_id`,`type_id`,`col_a`,`col_b`,`col_c`,`col_d`,`col_e`) values (92,'视频会议','视频会议',NULL,3,NULL,NULL,NULL,NULL,NULL);
insert  into `itsm_cmdb_type_data`(`id`,`name`,`describe`,`parent_id`,`type_id`,`col_a`,`col_b`,`col_c`,`col_d`,`col_e`) values (93,'负载均衡','负载均衡',NULL,3,NULL,NULL,NULL,NULL,NULL);
insert  into `itsm_cmdb_type_data`(`id`,`name`,`describe`,`parent_id`,`type_id`,`col_a`,`col_b`,`col_c`,`col_d`,`col_e`) values (94,'路由器','路由器',NULL,3,NULL,NULL,NULL,NULL,NULL);
insert  into `itsm_cmdb_type_data`(`id`,`name`,`describe`,`parent_id`,`type_id`,`col_a`,`col_b`,`col_c`,`col_d`,`col_e`) values (95,'防火墙','防火墙',NULL,3,NULL,NULL,NULL,NULL,NULL);
insert  into `itsm_cmdb_type_data`(`id`,`name`,`describe`,`parent_id`,`type_id`,`col_a`,`col_b`,`col_c`,`col_d`,`col_e`) values (96,'@ME500','网络设备',36,2,NULL,NULL,NULL,NULL,NULL);
insert  into `itsm_cmdb_type_data`(`id`,`name`,`describe`,`parent_id`,`type_id`,`col_a`,`col_b`,`col_c`,`col_d`,`col_e`) values (97,'2960','网络设备',29,2,NULL,NULL,NULL,NULL,NULL);
insert  into `itsm_cmdb_type_data`(`id`,`name`,`describe`,`parent_id`,`type_id`,`col_a`,`col_b`,`col_c`,`col_d`,`col_e`) values (98,'3330','个人电脑',30,2,NULL,NULL,NULL,NULL,NULL);
insert  into `itsm_cmdb_type_data`(`id`,`name`,`describe`,`parent_id`,`type_id`,`col_a`,`col_b`,`col_c`,`col_d`,`col_e`) values (99,'3340','个人电脑',30,2,NULL,NULL,NULL,NULL,NULL);
insert  into `itsm_cmdb_type_data`(`id`,`name`,`describe`,`parent_id`,`type_id`,`col_a`,`col_b`,`col_c`,`col_d`,`col_e`) values (100,'5500 V3','存储系统',20,2,NULL,NULL,NULL,NULL,NULL);
insert  into `itsm_cmdb_type_data`(`id`,`name`,`describe`,`parent_id`,`type_id`,`col_a`,`col_b`,`col_c`,`col_d`,`col_e`) values (101,'5500HI','网络设备',7,2,NULL,NULL,NULL,NULL,NULL);
insert  into `itsm_cmdb_type_data`(`id`,`name`,`describe`,`parent_id`,`type_id`,`col_a`,`col_b`,`col_c`,`col_d`,`col_e`) values (102,'6510','网络设备',22,2,NULL,NULL,NULL,NULL,NULL);
insert  into `itsm_cmdb_type_data`(`id`,`name`,`describe`,`parent_id`,`type_id`,`col_a`,`col_b`,`col_c`,`col_d`,`col_e`) values (103,'7060MT','个人电脑',6,2,NULL,NULL,NULL,NULL,NULL);
insert  into `itsm_cmdb_type_data`(`id`,`name`,`describe`,`parent_id`,`type_id`,`col_a`,`col_b`,`col_c`,`col_d`,`col_e`) values (104,'7506E','网络设备',7,2,NULL,NULL,NULL,NULL,NULL);
insert  into `itsm_cmdb_type_data`(`id`,`name`,`describe`,`parent_id`,`type_id`,`col_a`,`col_b`,`col_c`,`col_d`,`col_e`) values (105,'9020','个人电脑',6,2,NULL,NULL,NULL,NULL,NULL);
insert  into `itsm_cmdb_type_data`(`id`,`name`,`describe`,`parent_id`,`type_id`,`col_a`,`col_b`,`col_c`,`col_d`,`col_e`) values (106,'AC1700','网络设备',38,2,NULL,NULL,NULL,NULL,NULL);
insert  into `itsm_cmdb_type_data`(`id`,`name`,`describe`,`parent_id`,`type_id`,`col_a`,`col_b`,`col_c`,`col_d`,`col_e`) values (107,'AC6.0','网络设备',44,2,NULL,NULL,NULL,NULL,NULL);
insert  into `itsm_cmdb_type_data`(`id`,`name`,`describe`,`parent_id`,`type_id`,`col_a`,`col_b`,`col_c`,`col_d`,`col_e`) values (108,'AIO 910','个人电脑',9,2,NULL,NULL,NULL,NULL,NULL);
insert  into `itsm_cmdb_type_data`(`id`,`name`,`describe`,`parent_id`,`type_id`,`col_a`,`col_b`,`col_c`,`col_d`,`col_e`) values (109,'AR3200','网络设备',20,2,NULL,NULL,NULL,NULL,NULL);
insert  into `itsm_cmdb_type_data`(`id`,`name`,`describe`,`parent_id`,`type_id`,`col_a`,`col_b`,`col_c`,`col_d`,`col_e`) values (110,'aspir s3','个人电脑',2,2,NULL,NULL,NULL,NULL,NULL);
insert  into `itsm_cmdb_type_data`(`id`,`name`,`describe`,`parent_id`,`type_id`,`col_a`,`col_b`,`col_c`,`col_d`,`col_e`) values (111,'AVAYA scopia XT4300','网络设备',4,2,NULL,NULL,NULL,NULL,NULL);
insert  into `itsm_cmdb_type_data`(`id`,`name`,`describe`,`parent_id`,`type_id`,`col_a`,`col_b`,`col_c`,`col_d`,`col_e`) values (112,'BR- 6505 SAN','网络设备',20,2,NULL,NULL,NULL,NULL,NULL);
insert  into `itsm_cmdb_type_data`(`id`,`name`,`describe`,`parent_id`,`type_id`,`col_a`,`col_b`,`col_c`,`col_d`,`col_e`) values (113,'BR-300','SAN 交换机',22,2,NULL,NULL,NULL,NULL,NULL);
insert  into `itsm_cmdb_type_data`(`id`,`name`,`describe`,`parent_id`,`type_id`,`col_a`,`col_b`,`col_c`,`col_d`,`col_e`) values (114,'BR-310-0008','网络设备',20,2,NULL,NULL,NULL,NULL,NULL);
insert  into `itsm_cmdb_type_data`(`id`,`name`,`describe`,`parent_id`,`type_id`,`col_a`,`col_b`,`col_c`,`col_d`,`col_e`) values (115,'BR-6505','网络设备',16,2,NULL,NULL,NULL,NULL,NULL);
insert  into `itsm_cmdb_type_data`(`id`,`name`,`describe`,`parent_id`,`type_id`,`col_a`,`col_b`,`col_c`,`col_d`,`col_e`) values (116,'BR-6510','网络设备',20,2,NULL,NULL,NULL,NULL,NULL);
insert  into `itsm_cmdb_type_data`(`id`,`name`,`describe`,`parent_id`,`type_id`,`col_a`,`col_b`,`col_c`,`col_d`,`col_e`) values (117,'CE6850','网络设备',20,2,NULL,NULL,NULL,NULL,NULL);
insert  into `itsm_cmdb_type_data`(`id`,`name`,`describe`,`parent_id`,`type_id`,`col_a`,`col_b`,`col_c`,`col_d`,`col_e`) values (118,'CE6850-48T6Q-HI','网络设备',20,2,NULL,NULL,NULL,NULL,NULL);
insert  into `itsm_cmdb_type_data`(`id`,`name`,`describe`,`parent_id`,`type_id`,`col_a`,`col_b`,`col_c`,`col_d`,`col_e`) values (119,'CR16018','网络设备',7,2,NULL,NULL,NULL,NULL,NULL);
insert  into `itsm_cmdb_type_data`(`id`,`name`,`describe`,`parent_id`,`type_id`,`col_a`,`col_b`,`col_c`,`col_d`,`col_e`) values (120,'CSV7036-AX-ASV','存储系统',17,2,NULL,NULL,NULL,NULL,NULL);
insert  into `itsm_cmdb_type_data`(`id`,`name`,`describe`,`parent_id`,`type_id`,`col_a`,`col_b`,`col_c`,`col_d`,`col_e`) values (121,'DELL R510','服务器',6,2,NULL,NULL,NULL,NULL,NULL);
insert  into `itsm_cmdb_type_data`(`id`,`name`,`describe`,`parent_id`,`type_id`,`col_a`,`col_b`,`col_c`,`col_d`,`col_e`) values (122,'DELL R720','服务器',6,2,NULL,NULL,NULL,NULL,NULL);
insert  into `itsm_cmdb_type_data`(`id`,`name`,`describe`,`parent_id`,`type_id`,`col_a`,`col_b`,`col_c`,`col_d`,`col_e`) values (123,'DL380G8','服务器',30,2,NULL,NULL,NULL,NULL,NULL);
insert  into `itsm_cmdb_type_data`(`id`,`name`,`describe`,`parent_id`,`type_id`,`col_a`,`col_b`,`col_c`,`col_d`,`col_e`) values (124,'DL380P','服务器',30,2,NULL,NULL,NULL,NULL,NULL);
insert  into `itsm_cmdb_type_data`(`id`,`name`,`describe`,`parent_id`,`type_id`,`col_a`,`col_b`,`col_c`,`col_d`,`col_e`) values (125,'E18S','服务器',6,2,NULL,NULL,NULL,NULL,NULL);
insert  into `itsm_cmdb_type_data`(`id`,`name`,`describe`,`parent_id`,`type_id`,`col_a`,`col_b`,`col_c`,`col_d`,`col_e`) values (126,'E330','个人电脑',14,2,NULL,NULL,NULL,NULL,NULL);
insert  into `itsm_cmdb_type_data`(`id`,`name`,`describe`,`parent_id`,`type_id`,`col_a`,`col_b`,`col_c`,`col_d`,`col_e`) values (127,'E42H','个人电脑',49,2,NULL,NULL,NULL,NULL,NULL);
insert  into `itsm_cmdb_type_data`(`id`,`name`,`describe`,`parent_id`,`type_id`,`col_a`,`col_b`,`col_c`,`col_d`,`col_e`) values (128,'E430','个人电脑',14,2,NULL,NULL,NULL,NULL,NULL);
insert  into `itsm_cmdb_type_data`(`id`,`name`,`describe`,`parent_id`,`type_id`,`col_a`,`col_b`,`col_c`,`col_d`,`col_e`) values (129,'E431','个人电脑',14,2,NULL,NULL,NULL,NULL,NULL);
insert  into `itsm_cmdb_type_data`(`id`,`name`,`describe`,`parent_id`,`type_id`,`col_a`,`col_b`,`col_c`,`col_d`,`col_e`) values (130,'E440','个人电脑',14,2,NULL,NULL,NULL,NULL,NULL);
insert  into `itsm_cmdb_type_data`(`id`,`name`,`describe`,`parent_id`,`type_id`,`col_a`,`col_b`,`col_c`,`col_d`,`col_e`) values (131,'E450','个人电脑',14,2,NULL,NULL,NULL,NULL,NULL);
insert  into `itsm_cmdb_type_data`(`id`,`name`,`describe`,`parent_id`,`type_id`,`col_a`,`col_b`,`col_c`,`col_d`,`col_e`) values (132,'E460','个人电脑',14,2,NULL,NULL,NULL,NULL,NULL);
insert  into `itsm_cmdb_type_data`(`id`,`name`,`describe`,`parent_id`,`type_id`,`col_a`,`col_b`,`col_c`,`col_d`,`col_e`) values (133,'E470','个人电脑',14,2,NULL,NULL,NULL,NULL,NULL);
insert  into `itsm_cmdb_type_data`(`id`,`name`,`describe`,`parent_id`,`type_id`,`col_a`,`col_b`,`col_c`,`col_d`,`col_e`) values (134,'E470C','个人电脑',14,2,NULL,NULL,NULL,NULL,NULL);
insert  into `itsm_cmdb_type_data`(`id`,`name`,`describe`,`parent_id`,`type_id`,`col_a`,`col_b`,`col_c`,`col_d`,`col_e`) values (135,'E480','个人电脑',14,2,NULL,NULL,NULL,NULL,NULL);
insert  into `itsm_cmdb_type_data`(`id`,`name`,`describe`,`parent_id`,`type_id`,`col_a`,`col_b`,`col_c`,`col_d`,`col_e`) values (136,'E5450','个人电脑',6,2,NULL,NULL,NULL,NULL,NULL);
insert  into `itsm_cmdb_type_data`(`id`,`name`,`describe`,`parent_id`,`type_id`,`col_a`,`col_b`,`col_c`,`col_d`,`col_e`) values (137,'elite 6000','服务器',4,2,NULL,NULL,NULL,NULL,NULL);
insert  into `itsm_cmdb_type_data`(`id`,`name`,`describe`,`parent_id`,`type_id`,`col_a`,`col_b`,`col_c`,`col_d`,`col_e`) values (138,'EliteBook','个人电脑',30,2,NULL,NULL,NULL,NULL,NULL);
insert  into `itsm_cmdb_type_data`(`id`,`name`,`describe`,`parent_id`,`type_id`,`col_a`,`col_b`,`col_c`,`col_d`,`col_e`) values (139,'GAP-6000-2610BD','网络设备',23,2,NULL,NULL,NULL,NULL,NULL);
insert  into `itsm_cmdb_type_data`(`id`,`name`,`describe`,`parent_id`,`type_id`,`col_a`,`col_b`,`col_c`,`col_d`,`col_e`) values (140,'GW 9240','存储系统',33,2,NULL,NULL,NULL,NULL,NULL);
insert  into `itsm_cmdb_type_data`(`id`,`name`,`describe`,`parent_id`,`type_id`,`col_a`,`col_b`,`col_c`,`col_d`,`col_e`) values (141,'GW R720','服务器',48,2,NULL,NULL,NULL,NULL,NULL);
insert  into `itsm_cmdb_type_data`(`id`,`name`,`describe`,`parent_id`,`type_id`,`col_a`,`col_b`,`col_c`,`col_d`,`col_e`) values (142,'GW R720XL','服务器',48,2,NULL,NULL,NULL,NULL,NULL);
insert  into `itsm_cmdb_type_data`(`id`,`name`,`describe`,`parent_id`,`type_id`,`col_a`,`col_b`,`col_c`,`col_d`,`col_e`) values (143,'GW R730','服务器',48,2,NULL,NULL,NULL,NULL,NULL);
insert  into `itsm_cmdb_type_data`(`id`,`name`,`describe`,`parent_id`,`type_id`,`col_a`,`col_b`,`col_c`,`col_d`,`col_e`) values (144,'GW R730XD','服务器',48,2,NULL,NULL,NULL,NULL,NULL);
insert  into `itsm_cmdb_type_data`(`id`,`name`,`describe`,`parent_id`,`type_id`,`col_a`,`col_b`,`col_c`,`col_d`,`col_e`) values (145,'GW R730XL','服务器',48,2,NULL,NULL,NULL,NULL,NULL);
insert  into `itsm_cmdb_type_data`(`id`,`name`,`describe`,`parent_id`,`type_id`,`col_a`,`col_b`,`col_c`,`col_d`,`col_e`) values (146,'GW R930','服务器',48,2,NULL,NULL,NULL,NULL,NULL);
insert  into `itsm_cmdb_type_data`(`id`,`name`,`describe`,`parent_id`,`type_id`,`col_a`,`col_b`,`col_c`,`col_d`,`col_e`) values (147,'GW9220-2','存储系统',50,2,NULL,NULL,NULL,NULL,NULL);
insert  into `itsm_cmdb_type_data`(`id`,`name`,`describe`,`parent_id`,`type_id`,`col_a`,`col_b`,`col_c`,`col_d`,`col_e`) values (148,'GW9220-4','存储系统',50,2,NULL,NULL,NULL,NULL,NULL);
insert  into `itsm_cmdb_type_data`(`id`,`name`,`describe`,`parent_id`,`type_id`,`col_a`,`col_b`,`col_c`,`col_d`,`col_e`) values (149,'HDX7000','IP 电话',12,2,NULL,NULL,NULL,NULL,NULL);
insert  into `itsm_cmdb_type_data`(`id`,`name`,`describe`,`parent_id`,`type_id`,`col_a`,`col_b`,`col_c`,`col_d`,`col_e`) values (150,'Hermes ED4224','存储系统',33,2,NULL,NULL,NULL,NULL,NULL);
insert  into `itsm_cmdb_type_data`(`id`,`name`,`describe`,`parent_id`,`type_id`,`col_a`,`col_b`,`col_c`,`col_d`,`col_e`) values (151,'HP 8300','个人电脑',30,2,NULL,NULL,NULL,NULL,NULL);
insert  into `itsm_cmdb_type_data`(`id`,`name`,`describe`,`parent_id`,`type_id`,`col_a`,`col_b`,`col_c`,`col_d`,`col_e`) values (152,'HP 8380','个人电脑',30,2,NULL,NULL,NULL,NULL,NULL);
insert  into `itsm_cmdb_type_data`(`id`,`name`,`describe`,`parent_id`,`type_id`,`col_a`,`col_b`,`col_c`,`col_d`,`col_e`) values (153,'HP DL380p Gen8','服务器',30,2,NULL,NULL,NULL,NULL,NULL);
insert  into `itsm_cmdb_type_data`(`id`,`name`,`describe`,`parent_id`,`type_id`,`col_a`,`col_b`,`col_c`,`col_d`,`col_e`) values (154,'hp LaserJet M1213 nf MFP','打印机',30,2,NULL,NULL,NULL,NULL,NULL);
insert  into `itsm_cmdb_type_data`(`id`,`name`,`describe`,`parent_id`,`type_id`,`col_a`,`col_b`,`col_c`,`col_d`,`col_e`) values (155,'hp LaserJet Pro MFP M127-M128 PCLmS','打印机',30,2,NULL,NULL,NULL,NULL,NULL);
insert  into `itsm_cmdb_type_data`(`id`,`name`,`describe`,`parent_id`,`type_id`,`col_a`,`col_b`,`col_c`,`col_d`,`col_e`) values (156,'HP LaserJet Professional CP1520 Series PCL 6','打印机',30,2,NULL,NULL,NULL,NULL,NULL);
insert  into `itsm_cmdb_type_data`(`id`,`name`,`describe`,`parent_id`,`type_id`,`col_a`,`col_b`,`col_c`,`col_d`,`col_e`) values (157,'Inspiron','个人电脑',6,2,NULL,NULL,NULL,NULL,NULL);
insert  into `itsm_cmdb_type_data`(`id`,`name`,`describe`,`parent_id`,`type_id`,`col_a`,`col_b`,`col_c`,`col_d`,`col_e`) values (158,'Inspiron 14-7460','个人电脑',6,2,NULL,NULL,NULL,NULL,NULL);
insert  into `itsm_cmdb_type_data`(`id`,`name`,`describe`,`parent_id`,`type_id`,`col_a`,`col_b`,`col_c`,`col_d`,`col_e`) values (159,'L440','个人电脑',14,2,NULL,NULL,NULL,NULL,NULL);
insert  into `itsm_cmdb_type_data`(`id`,`name`,`describe`,`parent_id`,`type_id`,`col_a`,`col_b`,`col_c`,`col_d`,`col_e`) values (160,'LaserJet pro m201-m202 pcl 6','打印机',30,2,NULL,NULL,NULL,NULL,NULL);
insert  into `itsm_cmdb_type_data`(`id`,`name`,`describe`,`parent_id`,`type_id`,`col_a`,`col_b`,`col_c`,`col_d`,`col_e`) values (161,'LaserJet Pro P1606dn','打印机',30,2,NULL,NULL,NULL,NULL,NULL);
insert  into `itsm_cmdb_type_data`(`id`,`name`,`describe`,`parent_id`,`type_id`,`col_a`,`col_b`,`col_c`,`col_d`,`col_e`) values (162,'Latitude 3450','个人电脑',6,2,NULL,NULL,NULL,NULL,NULL);
insert  into `itsm_cmdb_type_data`(`id`,`name`,`describe`,`parent_id`,`type_id`,`col_a`,`col_b`,`col_c`,`col_d`,`col_e`) values (163,'Latitude 3460','个人电脑',6,2,NULL,NULL,NULL,NULL,NULL);
insert  into `itsm_cmdb_type_data`(`id`,`name`,`describe`,`parent_id`,`type_id`,`col_a`,`col_b`,`col_c`,`col_d`,`col_e`) values (164,'latitude 3480','个人电脑',6,2,NULL,NULL,NULL,NULL,NULL);
insert  into `itsm_cmdb_type_data`(`id`,`name`,`describe`,`parent_id`,`type_id`,`col_a`,`col_b`,`col_c`,`col_d`,`col_e`) values (165,'Latitude7480','个人电脑',6,2,NULL,NULL,NULL,NULL,NULL);
insert  into `itsm_cmdb_type_data`(`id`,`name`,`describe`,`parent_id`,`type_id`,`col_a`,`col_b`,`col_c`,`col_d`,`col_e`) values (166,'LS-5500','网络设备',7,2,NULL,NULL,NULL,NULL,NULL);
insert  into `itsm_cmdb_type_data`(`id`,`name`,`describe`,`parent_id`,`type_id`,`col_a`,`col_b`,`col_c`,`col_d`,`col_e`) values (167,'LS-5500-28C-EI-D','网络设备',7,2,NULL,NULL,NULL,NULL,NULL);
insert  into `itsm_cmdb_type_data`(`id`,`name`,`describe`,`parent_id`,`type_id`,`col_a`,`col_b`,`col_c`,`col_d`,`col_e`) values (168,'LS-5560','网络设备',20,2,NULL,NULL,NULL,NULL,NULL);
insert  into `itsm_cmdb_type_data`(`id`,`name`,`describe`,`parent_id`,`type_id`,`col_a`,`col_b`,`col_c`,`col_d`,`col_e`) values (169,'LS-5560-54S-EI','网络设备',7,2,NULL,NULL,NULL,NULL,NULL);
insert  into `itsm_cmdb_type_data`(`id`,`name`,`describe`,`parent_id`,`type_id`,`col_a`,`col_b`,`col_c`,`col_d`,`col_e`) values (170,'LS-5560X','网络设备',7,2,NULL,NULL,NULL,NULL,NULL);
insert  into `itsm_cmdb_type_data`(`id`,`name`,`describe`,`parent_id`,`type_id`,`col_a`,`col_b`,`col_c`,`col_d`,`col_e`) values (171,'Ls-5820V2','网络设备',7,2,NULL,NULL,NULL,NULL,NULL);
insert  into `itsm_cmdb_type_data`(`id`,`name`,`describe`,`parent_id`,`type_id`,`col_a`,`col_b`,`col_c`,`col_d`,`col_e`) values (172,'Ls-5820V2-52Q','网络设备',7,2,NULL,NULL,NULL,NULL,NULL);
insert  into `itsm_cmdb_type_data`(`id`,`name`,`describe`,`parent_id`,`type_id`,`col_a`,`col_b`,`col_c`,`col_d`,`col_e`) values (173,'Ls-6300','网络设备',7,2,NULL,NULL,NULL,NULL,NULL);
insert  into `itsm_cmdb_type_data`(`id`,`name`,`describe`,`parent_id`,`type_id`,`col_a`,`col_b`,`col_c`,`col_d`,`col_e`) values (174,'Ls-6300-42QT','网络设备',7,2,NULL,NULL,NULL,NULL,NULL);
insert  into `itsm_cmdb_type_data`(`id`,`name`,`describe`,`parent_id`,`type_id`,`col_a`,`col_b`,`col_c`,`col_d`,`col_e`) values (175,'Ls-6800','网络设备',7,2,NULL,NULL,NULL,NULL,NULL);
insert  into `itsm_cmdb_type_data`(`id`,`name`,`describe`,`parent_id`,`type_id`,`col_a`,`col_b`,`col_c`,`col_d`,`col_e`) values (176,'Ls-6800-32Q','网络设备',7,2,NULL,NULL,NULL,NULL,NULL);
insert  into `itsm_cmdb_type_data`(`id`,`name`,`describe`,`parent_id`,`type_id`,`col_a`,`col_b`,`col_c`,`col_d`,`col_e`) values (177,'LS-7506E-NONPOE','网络设备',7,2,NULL,NULL,NULL,NULL,NULL);
insert  into `itsm_cmdb_type_data`(`id`,`name`,`describe`,`parent_id`,`type_id`,`col_a`,`col_b`,`col_c`,`col_d`,`col_e`) values (178,'LS-7510E','网络设备',7,2,NULL,NULL,NULL,NULL,NULL);
insert  into `itsm_cmdb_type_data`(`id`,`name`,`describe`,`parent_id`,`type_id`,`col_a`,`col_b`,`col_c`,`col_d`,`col_e`) values (179,'LS-S3110','网络设备',20,2,NULL,NULL,NULL,NULL,NULL);
insert  into `itsm_cmdb_type_data`(`id`,`name`,`describe`,`parent_id`,`type_id`,`col_a`,`col_b`,`col_c`,`col_d`,`col_e`) values (180,'LS-S5110','网络设备',20,2,NULL,NULL,NULL,NULL,NULL);
insert  into `itsm_cmdb_type_data`(`id`,`name`,`describe`,`parent_id`,`type_id`,`col_a`,`col_b`,`col_c`,`col_d`,`col_e`) values (181,'LS-S6800','网络设备',20,2,NULL,NULL,NULL,NULL,NULL);
insert  into `itsm_cmdb_type_data`(`id`,`name`,`describe`,`parent_id`,`type_id`,`col_a`,`col_b`,`col_c`,`col_d`,`col_e`) values (182,'LSPM2150A','电源来源',7,2,NULL,NULL,NULL,NULL,NULL);
insert  into `itsm_cmdb_type_data`(`id`,`name`,`describe`,`parent_id`,`type_id`,`col_a`,`col_b`,`col_c`,`col_d`,`col_e`) values (183,'MagicBook','个人电脑',8,2,NULL,NULL,NULL,NULL,NULL);
insert  into `itsm_cmdb_type_data`(`id`,`name`,`describe`,`parent_id`,`type_id`,`col_a`,`col_b`,`col_c`,`col_d`,`col_e`) values (184,'MD1200','存储系统',48,2,NULL,NULL,NULL,NULL,NULL);
insert  into `itsm_cmdb_type_data`(`id`,`name`,`describe`,`parent_id`,`type_id`,`col_a`,`col_b`,`col_c`,`col_d`,`col_e`) values (185,'MD1200','存储系统',50,2,NULL,NULL,NULL,NULL,NULL);
insert  into `itsm_cmdb_type_data`(`id`,`name`,`describe`,`parent_id`,`type_id`,`col_a`,`col_b`,`col_c`,`col_d`,`col_e`) values (186,'MS 3800f','存储系统',48,2,NULL,NULL,NULL,NULL,NULL);
insert  into `itsm_cmdb_type_data`(`id`,`name`,`describe`,`parent_id`,`type_id`,`col_a`,`col_b`,`col_c`,`col_d`,`col_e`) values (187,'MS 3800f','服务器',48,2,NULL,NULL,NULL,NULL,NULL);
insert  into `itsm_cmdb_type_data`(`id`,`name`,`describe`,`parent_id`,`type_id`,`col_a`,`col_b`,`col_c`,`col_d`,`col_e`) values (188,'MS 3800f','存储系统',50,2,NULL,NULL,NULL,NULL,NULL);
insert  into `itsm_cmdb_type_data`(`id`,`name`,`describe`,`parent_id`,`type_id`,`col_a`,`col_b`,`col_c`,`col_d`,`col_e`) values (189,'MS 3820f','服务器',48,2,NULL,NULL,NULL,NULL,NULL);
insert  into `itsm_cmdb_type_data`(`id`,`name`,`describe`,`parent_id`,`type_id`,`col_a`,`col_b`,`col_c`,`col_d`,`col_e`) values (190,'MS 3820f','存储系统',50,2,NULL,NULL,NULL,NULL,NULL);
insert  into `itsm_cmdb_type_data`(`id`,`name`,`describe`,`parent_id`,`type_id`,`col_a`,`col_b`,`col_c`,`col_d`,`col_e`) values (191,'MS 3820f','存储系统',48,2,NULL,NULL,NULL,NULL,NULL);
insert  into `itsm_cmdb_type_data`(`id`,`name`,`describe`,`parent_id`,`type_id`,`col_a`,`col_b`,`col_c`,`col_d`,`col_e`) values (192,'MSR-3620','网络设备',7,2,NULL,NULL,NULL,NULL,NULL);
insert  into `itsm_cmdb_type_data`(`id`,`name`,`describe`,`parent_id`,`type_id`,`col_a`,`col_b`,`col_c`,`col_d`,`col_e`) values (193,'MSR-3640','网络设备',7,2,NULL,NULL,NULL,NULL,NULL);
insert  into `itsm_cmdb_type_data`(`id`,`name`,`describe`,`parent_id`,`type_id`,`col_a`,`col_b`,`col_c`,`col_d`,`col_e`) values (194,'MyPower S3320','网络设备',47,2,NULL,NULL,NULL,NULL,NULL);
insert  into `itsm_cmdb_type_data`(`id`,`name`,`describe`,`parent_id`,`type_id`,`col_a`,`col_b`,`col_c`,`col_d`,`col_e`) values (195,'MyPower S4320','网络设备',47,2,NULL,NULL,NULL,NULL,NULL);
insert  into `itsm_cmdb_type_data`(`id`,`name`,`describe`,`parent_id`,`type_id`,`col_a`,`col_b`,`col_c`,`col_d`,`col_e`) values (196,'MyPower S5820','网络设备',47,2,NULL,NULL,NULL,NULL,NULL);
insert  into `itsm_cmdb_type_data`(`id`,`name`,`describe`,`parent_id`,`type_id`,`col_a`,`col_b`,`col_c`,`col_d`,`col_e`) values (197,'NF5270M4','服务器',37,2,NULL,NULL,NULL,NULL,NULL);
insert  into `itsm_cmdb_type_data`(`id`,`name`,`describe`,`parent_id`,`type_id`,`col_a`,`col_b`,`col_c`,`col_d`,`col_e`) values (198,'NF8046M4','服务器',37,2,NULL,NULL,NULL,NULL,NULL);
insert  into `itsm_cmdb_type_data`(`id`,`name`,`describe`,`parent_id`,`type_id`,`col_a`,`col_b`,`col_c`,`col_d`,`col_e`) values (199,'NIP6650','网络设备',20,2,NULL,NULL,NULL,NULL,NULL);
insert  into `itsm_cmdb_type_data`(`id`,`name`,`describe`,`parent_id`,`type_id`,`col_a`,`col_b`,`col_c`,`col_d`,`col_e`) values (200,'NS-SecPath F1030','网络设备',7,2,NULL,NULL,NULL,NULL,NULL);
insert  into `itsm_cmdb_type_data`(`id`,`name`,`describe`,`parent_id`,`type_id`,`col_a`,`col_b`,`col_c`,`col_d`,`col_e`) values (201,'NS-SecPath L1000-M','网络设备',7,2,NULL,NULL,NULL,NULL,NULL);
insert  into `itsm_cmdb_type_data`(`id`,`name`,`describe`,`parent_id`,`type_id`,`col_a`,`col_b`,`col_c`,`col_d`,`col_e`) values (202,'NS-SecPath T200-M+1Y','网络设备',7,2,NULL,NULL,NULL,NULL,NULL);
insert  into `itsm_cmdb_type_data`(`id`,`name`,`describe`,`parent_id`,`type_id`,`col_a`,`col_b`,`col_c`,`col_d`,`col_e`) values (203,'NS-SecPath W2020','网络设备',7,2,NULL,NULL,NULL,NULL,NULL);
insert  into `itsm_cmdb_type_data`(`id`,`name`,`describe`,`parent_id`,`type_id`,`col_a`,`col_b`,`col_c`,`col_d`,`col_e`) values (204,'NT3000-LT-BRP','网络设备',23,2,NULL,NULL,NULL,NULL,NULL);
insert  into `itsm_cmdb_type_data`(`id`,`name`,`describe`,`parent_id`,`type_id`,`col_a`,`col_b`,`col_c`,`col_d`,`col_e`) values (205,'Officejet Pro 6830','打印机',30,2,NULL,NULL,NULL,NULL,NULL);
insert  into `itsm_cmdb_type_data`(`id`,`name`,`describe`,`parent_id`,`type_id`,`col_a`,`col_b`,`col_c`,`col_d`,`col_e`) values (206,'Optiplex 7010','个人电脑',6,2,NULL,NULL,NULL,NULL,NULL);
insert  into `itsm_cmdb_type_data`(`id`,`name`,`describe`,`parent_id`,`type_id`,`col_a`,`col_b`,`col_c`,`col_d`,`col_e`) values (207,'optiplex 7040 mt','个人电脑',6,2,NULL,NULL,NULL,NULL,NULL);
insert  into `itsm_cmdb_type_data`(`id`,`name`,`describe`,`parent_id`,`type_id`,`col_a`,`col_b`,`col_c`,`col_d`,`col_e`) values (208,'optiplex 9020','个人电脑',6,2,NULL,NULL,NULL,NULL,NULL);
insert  into `itsm_cmdb_type_data`(`id`,`name`,`describe`,`parent_id`,`type_id`,`col_a`,`col_b`,`col_c`,`col_d`,`col_e`) values (209,'OSM-3300','网络设备',23,2,NULL,NULL,NULL,NULL,NULL);
insert  into `itsm_cmdb_type_data`(`id`,`name`,`describe`,`parent_id`,`type_id`,`col_a`,`col_b`,`col_c`,`col_d`,`col_e`) values (210,'P 330','个人电脑',30,2,NULL,NULL,NULL,NULL,NULL);
insert  into `itsm_cmdb_type_data`(`id`,`name`,`describe`,`parent_id`,`type_id`,`col_a`,`col_b`,`col_c`,`col_d`,`col_e`) values (211,'p 3330','个人电脑',30,2,NULL,NULL,NULL,NULL,NULL);
insert  into `itsm_cmdb_type_data`(`id`,`name`,`describe`,`parent_id`,`type_id`,`col_a`,`col_b`,`col_c`,`col_d`,`col_e`) values (212,'PER730','服务器',48,2,NULL,NULL,NULL,NULL,NULL);
insert  into `itsm_cmdb_type_data`(`id`,`name`,`describe`,`parent_id`,`type_id`,`col_a`,`col_b`,`col_c`,`col_d`,`col_e`) values (213,'R420','服务器',6,2,NULL,NULL,NULL,NULL,NULL);
insert  into `itsm_cmdb_type_data`(`id`,`name`,`describe`,`parent_id`,`type_id`,`col_a`,`col_b`,`col_c`,`col_d`,`col_e`) values (214,'R4900','服务器',7,2,NULL,NULL,NULL,NULL,NULL);
insert  into `itsm_cmdb_type_data`(`id`,`name`,`describe`,`parent_id`,`type_id`,`col_a`,`col_b`,`col_c`,`col_d`,`col_e`) values (215,'R720xd','服务器',6,2,NULL,NULL,NULL,NULL,NULL);
insert  into `itsm_cmdb_type_data`(`id`,`name`,`describe`,`parent_id`,`type_id`,`col_a`,`col_b`,`col_c`,`col_d`,`col_e`) values (216,'R730','服务器',6,2,NULL,NULL,NULL,NULL,NULL);
insert  into `itsm_cmdb_type_data`(`id`,`name`,`describe`,`parent_id`,`type_id`,`col_a`,`col_b`,`col_c`,`col_d`,`col_e`) values (217,'R730XD','服务器',6,2,NULL,NULL,NULL,NULL,NULL);
insert  into `itsm_cmdb_type_data`(`id`,`name`,`describe`,`parent_id`,`type_id`,`col_a`,`col_b`,`col_c`,`col_d`,`col_e`) values (218,'R830','服务器',6,2,NULL,NULL,NULL,NULL,NULL);
insert  into `itsm_cmdb_type_data`(`id`,`name`,`describe`,`parent_id`,`type_id`,`col_a`,`col_b`,`col_c`,`col_d`,`col_e`) values (219,'RT-MSR3620','网络设备',7,2,NULL,NULL,NULL,NULL,NULL);
insert  into `itsm_cmdb_type_data`(`id`,`name`,`describe`,`parent_id`,`type_id`,`col_a`,`col_b`,`col_c`,`col_d`,`col_e`) values (220,'RT-SR6604-Chassis-H3','网络设备',7,2,NULL,NULL,NULL,NULL,NULL);
insert  into `itsm_cmdb_type_data`(`id`,`name`,`describe`,`parent_id`,`type_id`,`col_a`,`col_b`,`col_c`,`col_d`,`col_e`) values (221,'RT-SR6604-Chassis-H3','网络设备',7,2,NULL,NULL,NULL,NULL,NULL);
insert  into `itsm_cmdb_type_data`(`id`,`name`,`describe`,`parent_id`,`type_id`,`col_a`,`col_b`,`col_c`,`col_d`,`col_e`) values (222,'S220','个人电脑',14,2,NULL,NULL,NULL,NULL,NULL);
insert  into `itsm_cmdb_type_data`(`id`,`name`,`describe`,`parent_id`,`type_id`,`col_a`,`col_b`,`col_c`,`col_d`,`col_e`) values (223,'S2326TP','网络设备',20,2,NULL,NULL,NULL,NULL,NULL);
insert  into `itsm_cmdb_type_data`(`id`,`name`,`describe`,`parent_id`,`type_id`,`col_a`,`col_b`,`col_c`,`col_d`,`col_e`) values (224,'S2352P','网络设备',7,2,NULL,NULL,NULL,NULL,NULL);
insert  into `itsm_cmdb_type_data`(`id`,`name`,`describe`,`parent_id`,`type_id`,`col_a`,`col_b`,`col_c`,`col_d`,`col_e`) values (225,'S2352P-EI','网络设备',7,2,NULL,NULL,NULL,NULL,NULL);
insert  into `itsm_cmdb_type_data`(`id`,`name`,`describe`,`parent_id`,`type_id`,`col_a`,`col_b`,`col_c`,`col_d`,`col_e`) values (226,'S3','个人电脑',14,2,NULL,NULL,NULL,NULL,NULL);
insert  into `itsm_cmdb_type_data`(`id`,`name`,`describe`,`parent_id`,`type_id`,`col_a`,`col_b`,`col_c`,`col_d`,`col_e`) values (227,'S3100','网络设备',7,2,NULL,NULL,NULL,NULL,NULL);
insert  into `itsm_cmdb_type_data`(`id`,`name`,`describe`,`parent_id`,`type_id`,`col_a`,`col_b`,`col_c`,`col_d`,`col_e`) values (228,'S3110','网络设备',7,2,NULL,NULL,NULL,NULL,NULL);
insert  into `itsm_cmdb_type_data`(`id`,`name`,`describe`,`parent_id`,`type_id`,`col_a`,`col_b`,`col_c`,`col_d`,`col_e`) values (229,'S5024P','网络设备',7,2,NULL,NULL,NULL,NULL,NULL);
insert  into `itsm_cmdb_type_data`(`id`,`name`,`describe`,`parent_id`,`type_id`,`col_a`,`col_b`,`col_c`,`col_d`,`col_e`) values (230,'S5024P-EI','网络设备',7,2,NULL,NULL,NULL,NULL,NULL);
insert  into `itsm_cmdb_type_data`(`id`,`name`,`describe`,`parent_id`,`type_id`,`col_a`,`col_b`,`col_c`,`col_d`,`col_e`) values (231,'S5048E','网络设备',7,2,NULL,NULL,NULL,NULL,NULL);
insert  into `itsm_cmdb_type_data`(`id`,`name`,`describe`,`parent_id`,`type_id`,`col_a`,`col_b`,`col_c`,`col_d`,`col_e`) values (232,'S5120','网络设备',7,2,NULL,NULL,NULL,NULL,NULL);
insert  into `itsm_cmdb_type_data`(`id`,`name`,`describe`,`parent_id`,`type_id`,`col_a`,`col_b`,`col_c`,`col_d`,`col_e`) values (233,'S5130S','网络设备',16,2,NULL,NULL,NULL,NULL,NULL);
insert  into `itsm_cmdb_type_data`(`id`,`name`,`describe`,`parent_id`,`type_id`,`col_a`,`col_b`,`col_c`,`col_d`,`col_e`) values (234,'S5328C','网络设备',20,2,NULL,NULL,NULL,NULL,NULL);
insert  into `itsm_cmdb_type_data`(`id`,`name`,`describe`,`parent_id`,`type_id`,`col_a`,`col_b`,`col_c`,`col_d`,`col_e`) values (235,'S5500','网络设备',7,2,NULL,NULL,NULL,NULL,NULL);
insert  into `itsm_cmdb_type_data`(`id`,`name`,`describe`,`parent_id`,`type_id`,`col_a`,`col_b`,`col_c`,`col_d`,`col_e`) values (236,'S5560','网络设备',20,2,NULL,NULL,NULL,NULL,NULL);
insert  into `itsm_cmdb_type_data`(`id`,`name`,`describe`,`parent_id`,`type_id`,`col_a`,`col_b`,`col_c`,`col_d`,`col_e`) values (237,'S5560X','网络设备',20,2,NULL,NULL,NULL,NULL,NULL);
insert  into `itsm_cmdb_type_data`(`id`,`name`,`describe`,`parent_id`,`type_id`,`col_a`,`col_b`,`col_c`,`col_d`,`col_e`) values (238,'S5700','网络设备',20,2,NULL,NULL,NULL,NULL,NULL);
insert  into `itsm_cmdb_type_data`(`id`,`name`,`describe`,`parent_id`,`type_id`,`col_a`,`col_b`,`col_c`,`col_d`,`col_e`) values (239,'S5700-48-SI-AC','网络设备',20,2,NULL,NULL,NULL,NULL,NULL);
insert  into `itsm_cmdb_type_data`(`id`,`name`,`describe`,`parent_id`,`type_id`,`col_a`,`col_b`,`col_c`,`col_d`,`col_e`) values (240,'S5700-52C-SI-AC','网络设备',7,2,NULL,NULL,NULL,NULL,NULL);
insert  into `itsm_cmdb_type_data`(`id`,`name`,`describe`,`parent_id`,`type_id`,`col_a`,`col_b`,`col_c`,`col_d`,`col_e`) values (241,'S5720','网络设备',20,2,NULL,NULL,NULL,NULL,NULL);
insert  into `itsm_cmdb_type_data`(`id`,`name`,`describe`,`parent_id`,`type_id`,`col_a`,`col_b`,`col_c`,`col_d`,`col_e`) values (242,'S5722-EI','网络设备',20,2,NULL,NULL,NULL,NULL,NULL);
insert  into `itsm_cmdb_type_data`(`id`,`name`,`describe`,`parent_id`,`type_id`,`col_a`,`col_b`,`col_c`,`col_d`,`col_e`) values (243,'S5800','网络设备',7,2,NULL,NULL,NULL,NULL,NULL);
insert  into `itsm_cmdb_type_data`(`id`,`name`,`describe`,`parent_id`,`type_id`,`col_a`,`col_b`,`col_c`,`col_d`,`col_e`) values (244,'S5810','网络设备',7,2,NULL,NULL,NULL,NULL,NULL);
insert  into `itsm_cmdb_type_data`(`id`,`name`,`describe`,`parent_id`,`type_id`,`col_a`,`col_b`,`col_c`,`col_d`,`col_e`) values (245,'S5820','网络设备',7,2,NULL,NULL,NULL,NULL,NULL);
insert  into `itsm_cmdb_type_data`(`id`,`name`,`describe`,`parent_id`,`type_id`,`col_a`,`col_b`,`col_c`,`col_d`,`col_e`) values (246,'S6300','网络设备',7,2,NULL,NULL,NULL,NULL,NULL);
insert  into `itsm_cmdb_type_data`(`id`,`name`,`describe`,`parent_id`,`type_id`,`col_a`,`col_b`,`col_c`,`col_d`,`col_e`) values (247,'S6720','网络设备',7,2,NULL,NULL,NULL,NULL,NULL);
insert  into `itsm_cmdb_type_data`(`id`,`name`,`describe`,`parent_id`,`type_id`,`col_a`,`col_b`,`col_c`,`col_d`,`col_e`) values (248,'S6800','SAN 交换机',7,2,NULL,NULL,NULL,NULL,NULL);
insert  into `itsm_cmdb_type_data`(`id`,`name`,`describe`,`parent_id`,`type_id`,`col_a`,`col_b`,`col_c`,`col_d`,`col_e`) values (249,'S6800-2C','网络设备',7,2,NULL,NULL,NULL,NULL,NULL);
insert  into `itsm_cmdb_type_data`(`id`,`name`,`describe`,`parent_id`,`type_id`,`col_a`,`col_b`,`col_c`,`col_d`,`col_e`) values (250,'S7606','网络设备',7,2,NULL,NULL,NULL,NULL,NULL);
insert  into `itsm_cmdb_type_data`(`id`,`name`,`describe`,`parent_id`,`type_id`,`col_a`,`col_b`,`col_c`,`col_d`,`col_e`) values (251,'S7606-S','网络设备',7,2,NULL,NULL,NULL,NULL,NULL);
insert  into `itsm_cmdb_type_data`(`id`,`name`,`describe`,`parent_id`,`type_id`,`col_a`,`col_b`,`col_c`,`col_d`,`col_e`) values (252,'S760616口万兆光板卡','网络设备',7,2,NULL,NULL,NULL,NULL,NULL);
insert  into `itsm_cmdb_type_data`(`id`,`name`,`describe`,`parent_id`,`type_id`,`col_a`,`col_b`,`col_c`,`col_d`,`col_e`) values (253,'S7712','网络设备',20,2,NULL,NULL,NULL,NULL,NULL);
insert  into `itsm_cmdb_type_data`(`id`,`name`,`describe`,`parent_id`,`type_id`,`col_a`,`col_b`,`col_c`,`col_d`,`col_e`) values (254,'SAMSUNG CLX-6260ND','打印机',15,2,NULL,NULL,NULL,NULL,NULL);
insert  into `itsm_cmdb_type_data`(`id`,`name`,`describe`,`parent_id`,`type_id`,`col_a`,`col_b`,`col_c`,`col_d`,`col_e`) values (255,'SAS-NX3-H260C','网络设备',43,2,NULL,NULL,NULL,NULL,NULL);
insert  into `itsm_cmdb_type_data`(`id`,`name`,`describe`,`parent_id`,`type_id`,`col_a`,`col_b`,`col_c`,`col_d`,`col_e`) values (256,'scopia path finder','服务器',4,2,NULL,NULL,NULL,NULL,NULL);
insert  into `itsm_cmdb_type_data`(`id`,`name`,`describe`,`parent_id`,`type_id`,`col_a`,`col_b`,`col_c`,`col_d`,`col_e`) values (257,'SECSSL 3600','网络设备',45,2,NULL,NULL,NULL,NULL,NULL);
insert  into `itsm_cmdb_type_data`(`id`,`name`,`describe`,`parent_id`,`type_id`,`col_a`,`col_b`,`col_c`,`col_d`,`col_e`) values (258,'SG-6000','网络设备',26,2,NULL,NULL,NULL,NULL,NULL);
insert  into `itsm_cmdb_type_data`(`id`,`name`,`describe`,`parent_id`,`type_id`,`col_a`,`col_b`,`col_c`,`col_d`,`col_e`) values (259,'SG-6000-E2300','网络设备',26,2,NULL,NULL,NULL,NULL,NULL);
insert  into `itsm_cmdb_type_data`(`id`,`name`,`describe`,`parent_id`,`type_id`,`col_a`,`col_b`,`col_c`,`col_d`,`col_e`) values (260,'SG3800','网络设备',38,2,NULL,NULL,NULL,NULL,NULL);
insert  into `itsm_cmdb_type_data`(`id`,`name`,`describe`,`parent_id`,`type_id`,`col_a`,`col_b`,`col_c`,`col_d`,`col_e`) values (261,'SM3220','网络设备',47,2,NULL,NULL,NULL,NULL,NULL);
insert  into `itsm_cmdb_type_data`(`id`,`name`,`describe`,`parent_id`,`type_id`,`col_a`,`col_b`,`col_c`,`col_d`,`col_e`) values (262,'SNS2124','网络设备',20,2,NULL,NULL,NULL,NULL,NULL);
insert  into `itsm_cmdb_type_data`(`id`,`name`,`describe`,`parent_id`,`type_id`,`col_a`,`col_b`,`col_c`,`col_d`,`col_e`) values (263,'SURF-NGSA-S3500R','网络设备',18,2,NULL,NULL,NULL,NULL,NULL);
insert  into `itsm_cmdb_type_data`(`id`,`name`,`describe`,`parent_id`,`type_id`,`col_a`,`col_b`,`col_c`,`col_d`,`col_e`) values (264,'SURF-WAF-3210','网络设备',18,2,NULL,NULL,NULL,NULL,NULL);
insert  into `itsm_cmdb_type_data`(`id`,`name`,`describe`,`parent_id`,`type_id`,`col_a`,`col_b`,`col_c`,`col_d`,`col_e`) values (265,'surface','个人电脑',10,2,NULL,NULL,NULL,NULL,NULL);
insert  into `itsm_cmdb_type_data`(`id`,`name`,`describe`,`parent_id`,`type_id`,`col_a`,`col_b`,`col_c`,`col_d`,`col_e`) values (266,'T430','个人电脑',14,2,NULL,NULL,NULL,NULL,NULL);
insert  into `itsm_cmdb_type_data`(`id`,`name`,`describe`,`parent_id`,`type_id`,`col_a`,`col_b`,`col_c`,`col_d`,`col_e`) values (267,'T430u','个人电脑',14,2,NULL,NULL,NULL,NULL,NULL);
insert  into `itsm_cmdb_type_data`(`id`,`name`,`describe`,`parent_id`,`type_id`,`col_a`,`col_b`,`col_c`,`col_d`,`col_e`) values (268,'T440','个人电脑',14,2,NULL,NULL,NULL,NULL,NULL);
insert  into `itsm_cmdb_type_data`(`id`,`name`,`describe`,`parent_id`,`type_id`,`col_a`,`col_b`,`col_c`,`col_d`,`col_e`) values (269,'T440s','个人电脑',9,2,NULL,NULL,NULL,NULL,NULL);
insert  into `itsm_cmdb_type_data`(`id`,`name`,`describe`,`parent_id`,`type_id`,`col_a`,`col_b`,`col_c`,`col_d`,`col_e`) values (270,'T44s','个人电脑',9,2,NULL,NULL,NULL,NULL,NULL);
insert  into `itsm_cmdb_type_data`(`id`,`name`,`describe`,`parent_id`,`type_id`,`col_a`,`col_b`,`col_c`,`col_d`,`col_e`) values (271,'T46','个人电脑',49,2,NULL,NULL,NULL,NULL,NULL);
insert  into `itsm_cmdb_type_data`(`id`,`name`,`describe`,`parent_id`,`type_id`,`col_a`,`col_b`,`col_c`,`col_d`,`col_e`) values (272,'U410','个人电脑',9,2,NULL,NULL,NULL,NULL,NULL);
insert  into `itsm_cmdb_type_data`(`id`,`name`,`describe`,`parent_id`,`type_id`,`col_a`,`col_b`,`col_c`,`col_d`,`col_e`) values (273,'USG-610DP','网络设备',23,2,NULL,NULL,NULL,NULL,NULL);
insert  into `itsm_cmdb_type_data`(`id`,`name`,`describe`,`parent_id`,`type_id`,`col_a`,`col_b`,`col_c`,`col_d`,`col_e`) values (274,'网络设备','USG6350',20,2,NULL,NULL,NULL,NULL,NULL);
insert  into `itsm_cmdb_type_data`(`id`,`name`,`describe`,`parent_id`,`type_id`,`col_a`,`col_b`,`col_c`,`col_d`,`col_e`) values (275,'USG6570','网络设备',20,2,NULL,NULL,NULL,NULL,NULL);
insert  into `itsm_cmdb_type_data`(`id`,`name`,`describe`,`parent_id`,`type_id`,`col_a`,`col_b`,`col_c`,`col_d`,`col_e`) values (276,'USG6650','网络设备',20,2,NULL,NULL,NULL,NULL,NULL);
insert  into `itsm_cmdb_type_data`(`id`,`name`,`describe`,`parent_id`,`type_id`,`col_a`,`col_b`,`col_c`,`col_d`,`col_e`) values (277,'Vestro 3900','个人电脑',6,2,NULL,NULL,NULL,NULL,NULL);
insert  into `itsm_cmdb_type_data`(`id`,`name`,`describe`,`parent_id`,`type_id`,`col_a`,`col_b`,`col_c`,`col_d`,`col_e`) values (278,'ViGap400HT-YL','网络设备',19,2,NULL,NULL,NULL,NULL,NULL);
insert  into `itsm_cmdb_type_data`(`id`,`name`,`describe`,`parent_id`,`type_id`,`col_a`,`col_b`,`col_c`,`col_d`,`col_e`) values (279,'Vistor','个人电脑',6,2,NULL,NULL,NULL,NULL,NULL);
insert  into `itsm_cmdb_type_data`(`id`,`name`,`describe`,`parent_id`,`type_id`,`col_a`,`col_b`,`col_c`,`col_d`,`col_e`) values (280,'vistor 3668','个人电脑',6,2,NULL,NULL,NULL,NULL,NULL);
insert  into `itsm_cmdb_type_data`(`id`,`name`,`describe`,`parent_id`,`type_id`,`col_a`,`col_b`,`col_c`,`col_d`,`col_e`) values (281,'Vostor 3670','个人电脑',6,2,NULL,NULL,NULL,NULL,NULL);
insert  into `itsm_cmdb_type_data`(`id`,`name`,`describe`,`parent_id`,`type_id`,`col_a`,`col_b`,`col_c`,`col_d`,`col_e`) values (282,'Vostro 3470','个人电脑',6,2,NULL,NULL,NULL,NULL,NULL);
insert  into `itsm_cmdb_type_data`(`id`,`name`,`describe`,`parent_id`,`type_id`,`col_a`,`col_b`,`col_c`,`col_d`,`col_e`) values (283,'Vostro3667','个人电脑',6,2,NULL,NULL,NULL,NULL,NULL);
insert  into `itsm_cmdb_type_data`(`id`,`name`,`describe`,`parent_id`,`type_id`,`col_a`,`col_b`,`col_c`,`col_d`,`col_e`) values (284,'WAF6000-S','网络设备',23,2,NULL,NULL,NULL,NULL,NULL);
insert  into `itsm_cmdb_type_data`(`id`,`name`,`describe`,`parent_id`,`type_id`,`col_a`,`col_b`,`col_c`,`col_d`,`col_e`) values (285,'X220i','个人电脑',9,2,NULL,NULL,NULL,NULL,NULL);
insert  into `itsm_cmdb_type_data`(`id`,`name`,`describe`,`parent_id`,`type_id`,`col_a`,`col_b`,`col_c`,`col_d`,`col_e`) values (286,'X220I','个人电脑',14,2,NULL,NULL,NULL,NULL,NULL);
insert  into `itsm_cmdb_type_data`(`id`,`name`,`describe`,`parent_id`,`type_id`,`col_a`,`col_b`,`col_c`,`col_d`,`col_e`) values (287,'X230','个人电脑',14,2,NULL,NULL,NULL,NULL,NULL);
insert  into `itsm_cmdb_type_data`(`id`,`name`,`describe`,`parent_id`,`type_id`,`col_a`,`col_b`,`col_c`,`col_d`,`col_e`) values (288,'X230i','个人电脑',14,2,NULL,NULL,NULL,NULL,NULL);
insert  into `itsm_cmdb_type_data`(`id`,`name`,`describe`,`parent_id`,`type_id`,`col_a`,`col_b`,`col_c`,`col_d`,`col_e`) values (289,'X250','个人电脑',14,2,NULL,NULL,NULL,NULL,NULL);
insert  into `itsm_cmdb_type_data`(`id`,`name`,`describe`,`parent_id`,`type_id`,`col_a`,`col_b`,`col_c`,`col_d`,`col_e`) values (290,'X260','个人电脑',14,2,NULL,NULL,NULL,NULL,NULL);
insert  into `itsm_cmdb_type_data`(`id`,`name`,`describe`,`parent_id`,`type_id`,`col_a`,`col_b`,`col_c`,`col_d`,`col_e`) values (291,'X270','个人电脑',14,2,NULL,NULL,NULL,NULL,NULL);
insert  into `itsm_cmdb_type_data`(`id`,`name`,`describe`,`parent_id`,`type_id`,`col_a`,`col_b`,`col_c`,`col_d`,`col_e`) values (292,'x280','个人电脑',14,2,NULL,NULL,NULL,NULL,NULL);
insert  into `itsm_cmdb_type_data`(`id`,`name`,`describe`,`parent_id`,`type_id`,`col_a`,`col_b`,`col_c`,`col_d`,`col_e`) values (293,'xps','个人电脑',6,2,NULL,NULL,NULL,NULL,NULL);
insert  into `itsm_cmdb_type_data`(`id`,`name`,`describe`,`parent_id`,`type_id`,`col_a`,`col_b`,`col_c`,`col_d`,`col_e`) values (294,'XT4300','IP 电话',4,2,NULL,NULL,NULL,NULL,NULL);
insert  into `itsm_cmdb_type_data`(`id`,`name`,`describe`,`parent_id`,`type_id`,`col_a`,`col_b`,`col_c`,`col_d`,`col_e`) values (295,'XT5000','IP 电话',4,2,NULL,NULL,NULL,NULL,NULL);
insert  into `itsm_cmdb_type_data`(`id`,`name`,`describe`,`parent_id`,`type_id`,`col_a`,`col_b`,`col_c`,`col_d`,`col_e`) values (296,'Z228','个人电脑',30,2,NULL,NULL,NULL,NULL,NULL);
insert  into `itsm_cmdb_type_data`(`id`,`name`,`describe`,`parent_id`,`type_id`,`col_a`,`col_b`,`col_c`,`col_d`,`col_e`) values (297,'三星1','电源来源',15,2,NULL,NULL,NULL,NULL,NULL);
insert  into `itsm_cmdb_type_data`(`id`,`name`,`describe`,`parent_id`,`type_id`,`col_a`,`col_b`,`col_c`,`col_d`,`col_e`) values (298,'嘉翔','个人电脑',49,2,NULL,NULL,NULL,NULL,NULL);
insert  into `itsm_cmdb_type_data`(`id`,`name`,`describe`,`parent_id`,`type_id`,`col_a`,`col_b`,`col_c`,`col_d`,`col_e`) values (299,'天逸','个人电脑',9,2,NULL,NULL,NULL,NULL,NULL);
insert  into `itsm_cmdb_type_data`(`id`,`name`,`describe`,`parent_id`,`type_id`,`col_a`,`col_b`,`col_c`,`col_d`,`col_e`) values (300,'小新 潮7000-13','个人电脑',9,2,NULL,NULL,NULL,NULL,NULL);
insert  into `itsm_cmdb_type_data`(`id`,`name`,`describe`,`parent_id`,`type_id`,`col_a`,`col_b`,`col_c`,`col_d`,`col_e`) values (301,'擎天C F520','服务器',48,2,NULL,NULL,NULL,NULL,NULL);
insert  into `itsm_cmdb_type_data`(`id`,`name`,`describe`,`parent_id`,`type_id`,`col_a`,`col_b`,`col_c`,`col_d`,`col_e`) values (302,'擎天CF321','服务器',48,2,NULL,NULL,NULL,NULL,NULL);
insert  into `itsm_cmdb_type_data`(`id`,`name`,`describe`,`parent_id`,`type_id`,`col_a`,`col_b`,`col_c`,`col_d`,`col_e`) values (303,'灵越 7460','个人电脑',6,2,NULL,NULL,NULL,NULL,NULL);
insert  into `itsm_cmdb_type_data`(`id`,`name`,`describe`,`parent_id`,`type_id`,`col_a`,`col_b`,`col_c`,`col_d`,`col_e`) values (304,'电信移动办公网关','网络设备',7,2,NULL,NULL,NULL,NULL,NULL);
insert  into `itsm_cmdb_type_data`(`id`,`name`,`describe`,`parent_id`,`type_id`,`col_a`,`col_b`,`col_c`,`col_d`,`col_e`) values (305,'移动办公防火墙W3','网络设备',7,2,NULL,NULL,NULL,NULL,NULL);
insert  into `itsm_cmdb_type_data`(`id`,`name`,`describe`,`parent_id`,`type_id`,`col_a`,`col_b`,`col_c`,`col_d`,`col_e`) values (306,'至翔 M212','服务器',48,2,NULL,NULL,NULL,NULL,NULL);
insert  into `itsm_cmdb_type_data`(`id`,`name`,`describe`,`parent_id`,`type_id`,`col_a`,`col_b`,`col_c`,`col_d`,`col_e`) values (307,'至翔 R520','服务器',48,2,NULL,NULL,NULL,NULL,NULL);
insert  into `itsm_cmdb_type_data`(`id`,`name`,`describe`,`parent_id`,`type_id`,`col_a`,`col_b`,`col_c`,`col_d`,`col_e`) values (308,'7.1.070','7.1.070',7,4,NULL,NULL,NULL,NULL,NULL);
insert  into `itsm_cmdb_type_data`(`id`,`name`,`describe`,`parent_id`,`type_id`,`col_a`,`col_b`,`col_c`,`col_d`,`col_e`) values (309,'H3C Version 7.1.045','H3C Version 7.1.045',7,4,NULL,NULL,NULL,NULL,NULL);
insert  into `itsm_cmdb_type_data`(`id`,`name`,`describe`,`parent_id`,`type_id`,`col_a`,`col_b`,`col_c`,`col_d`,`col_e`) values (310,'Version 3.10','Version 3.10',7,4,NULL,NULL,NULL,NULL,NULL);
insert  into `itsm_cmdb_type_data`(`id`,`name`,`describe`,`parent_id`,`type_id`,`col_a`,`col_b`,`col_c`,`col_d`,`col_e`) values (311,'Version 5.160','Version 5.160',7,4,NULL,NULL,NULL,NULL,NULL);
insert  into `itsm_cmdb_type_data`(`id`,`name`,`describe`,`parent_id`,`type_id`,`col_a`,`col_b`,`col_c`,`col_d`,`col_e`) values (312,'version 5.20','version 5.20',7,4,NULL,NULL,NULL,NULL,NULL);
insert  into `itsm_cmdb_type_data`(`id`,`name`,`describe`,`parent_id`,`type_id`,`col_a`,`col_b`,`col_c`,`col_d`,`col_e`) values (313,'Version 7.1.045','Version 7.1.045',7,4,NULL,NULL,NULL,NULL,NULL);
insert  into `itsm_cmdb_type_data`(`id`,`name`,`describe`,`parent_id`,`type_id`,`col_a`,`col_b`,`col_c`,`col_d`,`col_e`) values (314,'V10.0','V10.0',18,4,NULL,NULL,NULL,NULL,NULL);
insert  into `itsm_cmdb_type_data`(`id`,`name`,`describe`,`parent_id`,`type_id`,`col_a`,`col_b`,`col_c`,`col_d`,`col_e`) values (315,'V6.5.1.18','V6.5.1.18',19,4,NULL,NULL,NULL,NULL,NULL);
insert  into `itsm_cmdb_type_data`(`id`,`name`,`describe`,`parent_id`,`type_id`,`col_a`,`col_b`,`col_c`,`col_d`,`col_e`) values (316,'华为 华为-version5.7','华为 华为-version5.7',20,4,NULL,NULL,NULL,NULL,NULL);
insert  into `itsm_cmdb_type_data`(`id`,`name`,`describe`,`parent_id`,`type_id`,`col_a`,`col_b`,`col_c`,`col_d`,`col_e`) values (317,'华为-version5.7','华为-version5.7',20,4,NULL,NULL,NULL,NULL,NULL);
insert  into `itsm_cmdb_type_data`(`id`,`name`,`describe`,`parent_id`,`type_id`,`col_a`,`col_b`,`col_c`,`col_d`,`col_e`) values (318,'6.0.4.12128','6.0.4.12128',23,4,NULL,NULL,NULL,NULL,NULL);
insert  into `itsm_cmdb_type_data`(`id`,`name`,`describe`,`parent_id`,`type_id`,`col_a`,`col_b`,`col_c`,`col_d`,`col_e`) values (319,'V0700R0705B20170810','V0700R0705B20170810',23,4,NULL,NULL,NULL,NULL,NULL);
insert  into `itsm_cmdb_type_data`(`id`,`name`,`describe`,`parent_id`,`type_id`,`col_a`,`col_b`,`col_c`,`col_d`,`col_e`) values (320,'V2.6','V2.6',23,4,NULL,NULL,NULL,NULL,NULL);
insert  into `itsm_cmdb_type_data`(`id`,`name`,`describe`,`parent_id`,`type_id`,`col_a`,`col_b`,`col_c`,`col_d`,`col_e`) values (321,'V7.0','V7.0',23,4,NULL,NULL,NULL,NULL,NULL);
insert  into `itsm_cmdb_type_data`(`id`,`name`,`describe`,`parent_id`,`type_id`,`col_a`,`col_b`,`col_c`,`col_d`,`col_e`) values (322,'山石 Version 5.0','山石 Version 5.0',26,4,NULL,NULL,NULL,NULL,NULL);
insert  into `itsm_cmdb_type_data`(`id`,`name`,`describe`,`parent_id`,`type_id`,`col_a`,`col_b`,`col_c`,`col_d`,`col_e`) values (323,'山石 山石 Version 5.0','山石 山石 Version 5.0',26,4,NULL,NULL,NULL,NULL,NULL);
insert  into `itsm_cmdb_type_data`(`id`,`name`,`describe`,`parent_id`,`type_id`,`col_a`,`col_b`,`col_c`,`col_d`,`col_e`) values (324,'山石 山石-version-5.5','山石 山石-version-5.5',26,4,NULL,NULL,NULL,NULL,NULL);
insert  into `itsm_cmdb_type_data`(`id`,`name`,`describe`,`parent_id`,`type_id`,`col_a`,`col_b`,`col_c`,`col_d`,`col_e`) values (325,'山石-version-5.5','山石-version-5.5',26,4,NULL,NULL,NULL,NULL,NULL);
insert  into `itsm_cmdb_type_data`(`id`,`name`,`describe`,`parent_id`,`type_id`,`col_a`,`col_b`,`col_c`,`col_d`,`col_e`) values (326,'sp4-g-6.6.4.1.18©','sp4-g-6.6.4.1.18©',47,4,NULL,NULL,NULL,NULL,NULL);
insert  into `itsm_cmdb_type_data`(`id`,`name`,`describe`,`parent_id`,`type_id`,`col_a`,`col_b`,`col_c`,`col_d`,`col_e`) values (327,'sp4-g-6.6.4.1.4©','sp4-g-6.6.4.1.4©',47,4,NULL,NULL,NULL,NULL,NULL);
insert  into `itsm_cmdb_type_data`(`id`,`name`,`describe`,`parent_id`,`type_id`,`col_a`,`col_b`,`col_c`,`col_d`,`col_e`) values (328,'sp8-g-8.1.0.11®','sp8-g-8.1.0.11®',47,4,NULL,NULL,NULL,NULL,NULL);
insert  into `itsm_cmdb_type_data`(`id`,`name`,`describe`,`parent_id`,`type_id`,`col_a`,`col_b`,`col_c`,`col_d`,`col_e`) values (329,'库存','库存',NULL,8,NULL,NULL,NULL,NULL,NULL);
insert  into `itsm_cmdb_type_data`(`id`,`name`,`describe`,`parent_id`,`type_id`,`col_a`,`col_b`,`col_c`,`col_d`,`col_e`) values (330,'使用','使用',NULL,8,NULL,NULL,NULL,NULL,NULL);
insert  into `itsm_cmdb_type_data`(`id`,`name`,`describe`,`parent_id`,`type_id`,`col_a`,`col_b`,`col_c`,`col_d`,`col_e`) values (331,'外借','外借',NULL,8,NULL,NULL,NULL,NULL,NULL);
insert  into `itsm_cmdb_type_data`(`id`,`name`,`describe`,`parent_id`,`type_id`,`col_a`,`col_b`,`col_c`,`col_d`,`col_e`) values (332,'维修','维修',NULL,8,NULL,NULL,NULL,NULL,NULL);
insert  into `itsm_cmdb_type_data`(`id`,`name`,`describe`,`parent_id`,`type_id`,`col_a`,`col_b`,`col_c`,`col_d`,`col_e`) values (333,'报废','报废',NULL,8,NULL,NULL,NULL,NULL,NULL);
insert  into `itsm_cmdb_type_data`(`id`,`name`,`describe`,`parent_id`,`type_id`,`col_a`,`col_b`,`col_c`,`col_d`,`col_e`) values (334,'高','高',NULL,9,NULL,NULL,NULL,NULL,NULL);
insert  into `itsm_cmdb_type_data`(`id`,`name`,`describe`,`parent_id`,`type_id`,`col_a`,`col_b`,`col_c`,`col_d`,`col_e`) values (335,'中','中',NULL,9,NULL,NULL,NULL,NULL,NULL);
insert  into `itsm_cmdb_type_data`(`id`,`name`,`describe`,`parent_id`,`type_id`,`col_a`,`col_b`,`col_c`,`col_d`,`col_e`) values (336,'低','低',NULL,9,NULL,NULL,NULL,NULL,NULL);
insert  into `itsm_cmdb_type_data`(`id`,`name`,`describe`,`parent_id`,`type_id`,`col_a`,`col_b`,`col_c`,`col_d`,`col_e`) values (337,'其它','未知分类文档',NULL,10,NULL,NULL,NULL,NULL,NULL);
insert  into `itsm_cmdb_type_data`(`id`,`name`,`describe`,`parent_id`,`type_id`,`col_a`,`col_b`,`col_c`,`col_d`,`col_e`) values (341,'AC','AC',NULL,3,NULL,NULL,NULL,NULL,NULL);



/*Data for the table `itsm_cmdb_category` */
insert  into `itsm_cmdb_category`(`id`,`_name`,`_code`,`icon`,`level`,`parentId`,`isPreset`) values (1,'根','root','xxx',0,0,1);
insert  into `itsm_cmdb_category`(`id`,`_name`,`_code`,`icon`,`level`,`parentId`,`isPreset`) values (2,'机房设施','FRm','../../static/dist/img/cmdb/model-icons/FRm.png',1,1,1);
insert  into `itsm_cmdb_category`(`id`,`_name`,`_code`,`icon`,`level`,`parentId`,`isPreset`) values (3,'机房设备','CpRmEqp','../../static/dist/img/cmdb/model-icons/CpRmEqp.png',1,1,1);
insert  into `itsm_cmdb_category`(`id`,`_name`,`_code`,`icon`,`level`,`parentId`,`isPreset`) values (4,'虚拟化','VT','../../static/dist/img/cmdb/model-icons/VT.png',1,1,1);
insert  into `itsm_cmdb_category`(`id`,`_name`,`_code`,`icon`,`level`,`parentId`,`isPreset`) values (5,'终端用户设备','EUEqp','../../static/dist/img/cmdb/model-icons/EUEqp.png',1,1,1);
insert  into `itsm_cmdb_category`(`id`,`_name`,`_code`,`icon`,`level`,`parentId`,`isPreset`) values (6,'软件','Software','../../static/dist/img/cmdb/model-icons/Software.png',1,1,1);
insert  into `itsm_cmdb_category`(`id`,`_name`,`_code`,`icon`,`level`,`parentId`,`isPreset`) values (7,'应用程序','APP','../../static/dist/img/cmdb/model-icons/APP.png',1,1,1);
insert  into `itsm_cmdb_category`(`id`,`_name`,`_code`,`icon`,`level`,`parentId`,`isPreset`) values (8,'机柜','CAB','../../static/dist/img/cmdb/model-icons/CAB.png',2,2,1);
insert  into `itsm_cmdb_category`(`id`,`_name`,`_code`,`icon`,`level`,`parentId`,`isPreset`) values (9,'机笼','MACHCage','../../static/dist/img/cmdb/model-icons/MachCage.png',2,2,1);
insert  into `itsm_cmdb_category`(`id`,`_name`,`_code`,`icon`,`level`,`parentId`,`isPreset`) values (10,'电源源头','PS','../../static/dist/img/cmdb/model-icons/PS.png',2,2,1);
insert  into `itsm_cmdb_category`(`id`,`_name`,`_code`,`icon`,`level`,`parentId`,`isPreset`) values (11,'电源板插','PP','../../static/dist/img/cmdb/model-icons/PP.png',2,2,1);
insert  into `itsm_cmdb_category`(`id`,`_name`,`_code`,`icon`,`level`,`parentId`,`isPreset`) values (12,'服务器','Svr','../../static/dist/img/cmdb/model-icons/Svr.png',2,3,1);
insert  into `itsm_cmdb_category`(`id`,`_name`,`_code`,`icon`,`level`,`parentId`,`isPreset`) values (13,'网络设备','NE','../../static/dist/img/cmdb/model-icons/NE.png',2,3,1);
insert  into `itsm_cmdb_category`(`id`,`_name`,`_code`,`icon`,`level`,`parentId`,`isPreset`) values (14,'存储系统','SS','../../static/dist/img/cmdb/model-icons/SS.png',2,3,1);
insert  into `itsm_cmdb_category`(`id`,`_name`,`_code`,`icon`,`level`,`parentId`,`isPreset`) values (15,'存储网络交换','SN','../../static/dist/img/cmdb/model-icons/SN.png',2,3,1);
insert  into `itsm_cmdb_category`(`id`,`_name`,`_code`,`icon`,`level`,`parentId`,`isPreset`) values (16,'安全设备','NAS','../../static/dist/img/cmdb/model-icons/NAS.png',2,3,1);
insert  into `itsm_cmdb_category`(`id`,`_name`,`_code`,`icon`,`level`,`parentId`,`isPreset`) values (17,'机电设备','TapeLibrary','../../static/dist/img/cmdb/model-icons/TapeLibrary.png',2,3,1);
insert  into `itsm_cmdb_category`(`id`,`_name`,`_code`,`icon`,`level`,`parentId`,`isPreset`) values (18,'虚拟化集群','VC','../../static/dist/img/cmdb/model-icons/VC.png',2,4,1);
insert  into `itsm_cmdb_category`(`id`,`_name`,`_code`,`icon`,`level`,`parentId`,`isPreset`) values (19,'宿主机','HostMach','../../static/dist/img/cmdb/model-icons/HostMach.png',2,4,1);
insert  into `itsm_cmdb_category`(`id`,`_name`,`_code`,`icon`,`level`,`parentId`,`isPreset`) values (20,'虚拟机','VM','../../static/dist/img/cmdb/model-icons/VM.png',2,4,1);
insert  into `itsm_cmdb_category`(`id`,`_name`,`_code`,`icon`,`level`,`parentId`,`isPreset`) values (21,'个人电脑','PC','../../static/dist/img/cmdb/model-icons/PC.png',2,5,1);
insert  into `itsm_cmdb_category`(`id`,`_name`,`_code`,`icon`,`level`,`parentId`,`isPreset`) values (22,'外围设备','PE','../../static/dist/img/cmdb/model-icons/PE.png',2,5,1);
insert  into `itsm_cmdb_category`(`id`,`_name`,`_code`,`icon`,`level`,`parentId`,`isPreset`) values (23,'打印机','Printer','../../static/dist/img/cmdb/model-icons/Printer.png',2,5,1);
insert  into `itsm_cmdb_category`(`id`,`_name`,`_code`,`icon`,`level`,`parentId`,`isPreset`) values (24,'平板设备','Tablet','../../static/dist/img/cmdb/model-icons/Tablet.png',2,5,1);
insert  into `itsm_cmdb_category`(`id`,`_name`,`_code`,`icon`,`level`,`parentId`,`isPreset`) values (25,'移动电话','MP','../../static/dist/img/cmdb/model-icons/MP.png',2,5,1);
insert  into `itsm_cmdb_category`(`id`,`_name`,`_code`,`icon`,`level`,`parentId`,`isPreset`) values (26,'IP电话','IPPhone','../../static/dist/img/cmdb/model-icons/IPPhone.png',2,5,1);
insert  into `itsm_cmdb_category`(`id`,`_name`,`_code`,`icon`,`level`,`parentId`,`isPreset`) values (27,'电话','Phone','../../static/dist/img/cmdb/model-icons/Phone.png',2,5,1);
insert  into `itsm_cmdb_category`(`id`,`_name`,`_code`,`icon`,`level`,`parentId`,`isPreset`) values (28,'中间件','MW','../../static/dist/img/cmdb/model-icons/MW.png',2,6,1);
insert  into `itsm_cmdb_category`(`id`,`_name`,`_code`,`icon`,`level`,`parentId`,`isPreset`) values (29,'数据库','DB','../../static/dist/img/cmdb/model-icons/DB.png',2,6,1);
insert  into `itsm_cmdb_category`(`id`,`_name`,`_code`,`icon`,`level`,`parentId`,`isPreset`) values (30,'网站服务器','WebSvr','../../static/dist/img/cmdb/model-icons/WebSvr.png',2,6,1);
insert  into `itsm_cmdb_category`(`id`,`_name`,`_code`,`icon`,`level`,`parentId`,`isPreset`) values (31,'电脑软件','CPSW','../../static/dist/img/cmdb/model-icons/CPSW.png',2,6,1);
insert  into `itsm_cmdb_category`(`id`,`_name`,`_code`,`icon`,`level`,`parentId`,`isPreset`) values (32,'其他软件','OthSW','../../static/dist/img/cmdb/model-icons/OthSW.png',2,6,1);
insert  into `itsm_cmdb_category`(`id`,`_name`,`_code`,`icon`,`level`,`parentId`,`isPreset`) values (33,'中间件实例','MWInstance','../../static/dist/img/cmdb/model-icons/MWInstance.png',2,7,1);
insert  into `itsm_cmdb_category`(`id`,`_name`,`_code`,`icon`,`level`,`parentId`,`isPreset`) values (34,'数据库实例','DBInstance','../../static/dist/img/cmdb/model-icons/DBInstance.png',2,7,1);
insert  into `itsm_cmdb_category`(`id`,`_name`,`_code`,`icon`,`level`,`parentId`,`isPreset`) values (35,'网站应用','WebApp','../../static/dist/img/cmdb/model-icons/WebApp.png',2,7,1);
insert  into `itsm_cmdb_category`(`id`,`_name`,`_code`,`icon`,`level`,`parentId`,`isPreset`) values (36,'网络接口','NI','../../static/dist/img/cmdb/model-icons/NI.png',1,1,1);
insert  into `itsm_cmdb_category`(`id`,`_name`,`_code`,`icon`,`level`,`parentId`,`isPreset`) values (37,'物理接口','PI','../../static/dist/img/cmdb/model-icons/PI.png',2,36,1);
insert  into `itsm_cmdb_category`(`id`,`_name`,`_code`,`icon`,`level`,`parentId`,`isPreset`) values (38,'虚拟接口','VI','../../static/dist/img/cmdb/model-icons/PI.png',2,36,1);
insert  into `itsm_cmdb_category`(`id`,`_name`,`_code`,`icon`,`level`,`parentId`,`isPreset`) values (39,'光纤通道接口','FCI','../../static/dist/img/cmdb/model-icons/PI.png',2,36,1);
insert  into `itsm_cmdb_category`(`id`,`_name`,`_code`,`icon`,`level`,`parentId`,`isPreset`) values (40,'场景区域','SceneArea','../../static/dist/img/cmdb/model-icons/SceneArea.png',1,1,1);
insert  into `itsm_cmdb_category`(`id`,`_name`,`_code`,`icon`,`level`,`parentId`,`isPreset`) values (41,'场景','Scene','',2,40,1);
insert  into `itsm_cmdb_category`(`id`,`_name`,`_code`,`icon`,`level`,`parentId`,`isPreset`) values (42,'区域','Area','',2,40,1);
insert  into `itsm_cmdb_category`(`id`,`_name`,`_code`,`icon`,`level`,`parentId`,`isPreset`) values (44,'无线','wirelessAP','../../static/dist/img/cmdb/model-icons/wirelessAP.png',1,1,1);
insert  into `itsm_cmdb_category`(`id`,`_name`,`_code`,`icon`,`level`,`parentId`,`isPreset`) values (93,'无线AP','AP','',2,44,1);
insert  into `itsm_cmdb_category`(`id`,`_name`,`_code`,`icon`,`level`,`parentId`,`isPreset`) values (107,'License','License','../../static/dist/img/cmdb/config-mgmt/application.png',1,1,1);
insert  into `itsm_cmdb_category`(`id`,`_name`,`_code`,`icon`,`level`,`parentId`,`isPreset`) values (108,'补丁','Patch','../../static/dist/img/cmdb/model-icons/Patch.png',2,107,1);
insert  into `itsm_cmdb_category`(`id`,`_name`,`_code`,`icon`,`level`,`parentId`,`isPreset`) values (114,'License','Lic','../../static/dist/img/cmdb/model-icons/License.png',2,107,1);
insert  into `itsm_cmdb_category`(`id`,`_name`,`_code`,`icon`,`level`,`parentId`,`isPreset`) values (174,'AC','AC','../../static/dist/img/cmdb/model-icons/AC.png',2,44,0);
insert  into `itsm_cmdb_category`(`id`,`_name`,`_code`,`icon`,`level`,`parentId`,`isPreset`) values (175,'行政区域','Toparea','../../static/dist/img/cmdb/model-icons/Scene.png',2,40,0);

/*Data for the table `itsm_cmdb_model` */
insert  into `itsm_cmdb_model`(`id`,`_name`,`_code`,`icon`,`parentId`,`isPreset`) values (1,'机柜','CAB','../../static/dist/img/cmdb/model-icons/CAB.png',8,1);
insert  into `itsm_cmdb_model`(`id`,`_name`,`_code`,`icon`,`parentId`,`isPreset`) values (2,'机笼','MachCage','../../static/dist/img/cmdb/model-icons/MachCage.png',9,1);
insert  into `itsm_cmdb_model`(`id`,`_name`,`_code`,`icon`,`parentId`,`isPreset`) values (3,'电源源头','PS','../../static/dist/img/cmdb/model-icons/PS.png',10,1);
insert  into `itsm_cmdb_model`(`id`,`_name`,`_code`,`icon`,`parentId`,`isPreset`) values (4,'电源板插','PP','../../static/dist/img/cmdb/model-icons/PP.png',11,1);
insert  into `itsm_cmdb_model`(`id`,`_name`,`_code`,`icon`,`parentId`,`isPreset`) values (5,'服务器','Svr','../../static/dist/img/cmdb/model-icons/Svr.png',12,1);
insert  into `itsm_cmdb_model`(`id`,`_name`,`_code`,`icon`,`parentId`,`isPreset`) values (6,'网络设备','NE','../../static/dist/img/cmdb/model-icons/NE.png',13,1);
insert  into `itsm_cmdb_model`(`id`,`_name`,`_code`,`icon`,`parentId`,`isPreset`) values (7,'存储系统','SS','../../static/dist/img/cmdb/model-icons/SS.png',14,1);
insert  into `itsm_cmdb_model`(`id`,`_name`,`_code`,`icon`,`parentId`,`isPreset`) values (8,'存储网络交换','SN','../../static/dist/img/cmdb/model-icons/SN.png',15,1);
insert  into `itsm_cmdb_model`(`id`,`_name`,`_code`,`icon`,`parentId`,`isPreset`) values (9,'安全设备','NAS','../../static/dist/img/cmdb/model-icons/NAS.png',16,1);
insert  into `itsm_cmdb_model`(`id`,`_name`,`_code`,`icon`,`parentId`,`isPreset`) values (10,'机电设备','TapeLibrary','../../static/dist/img/cmdb/model-icons/TapeLibrary.png',17,1);
insert  into `itsm_cmdb_model`(`id`,`_name`,`_code`,`icon`,`parentId`,`isPreset`) values (11,'虚拟化集群','VC','../../static/dist/img/cmdb/model-icons/VC.png',18,1);
insert  into `itsm_cmdb_model`(`id`,`_name`,`_code`,`icon`,`parentId`,`isPreset`) values (12,'宿主机','HostMach','../../static/dist/img/cmdb/model-icons/HostMach.png',19,1);
insert  into `itsm_cmdb_model`(`id`,`_name`,`_code`,`icon`,`parentId`,`isPreset`) values (13,'虚拟机','VM','../../static/dist/img/cmdb/model-icons/VM.png',20,1);
insert  into `itsm_cmdb_model`(`id`,`_name`,`_code`,`icon`,`parentId`,`isPreset`) values (14,'个人电脑','PC','../../static/dist/img/cmdb/model-icons/PC.png',21,1);
insert  into `itsm_cmdb_model`(`id`,`_name`,`_code`,`icon`,`parentId`,`isPreset`) values (15,'外围设备','PE','../../static/dist/img/cmdb/model-icons/PE.png',22,1);
insert  into `itsm_cmdb_model`(`id`,`_name`,`_code`,`icon`,`parentId`,`isPreset`) values (16,'打印机','Printer','../../static/dist/img/cmdb/model-icons/Printer.png',23,1);
insert  into `itsm_cmdb_model`(`id`,`_name`,`_code`,`icon`,`parentId`,`isPreset`) values (17,'平板设备','Tablet','../../static/dist/img/cmdb/model-icons/Tablet.png',24,1);
insert  into `itsm_cmdb_model`(`id`,`_name`,`_code`,`icon`,`parentId`,`isPreset`) values (18,'移动电话','MP','../../static/dist/img/cmdb/model-icons/MP.png',25,1);
insert  into `itsm_cmdb_model`(`id`,`_name`,`_code`,`icon`,`parentId`,`isPreset`) values (19,'IP电话','IPPhone','../../static/dist/img/cmdb/model-icons/IPPhone.png',26,1);
insert  into `itsm_cmdb_model`(`id`,`_name`,`_code`,`icon`,`parentId`,`isPreset`) values (20,'电话','Phone','../../static/dist/img/cmdb/model-icons/Phone.png',27,1);
insert  into `itsm_cmdb_model`(`id`,`_name`,`_code`,`icon`,`parentId`,`isPreset`) values (21,'中间件','MW','../../static/dist/img/cmdb/model-icons/MW.png',28,1);
insert  into `itsm_cmdb_model`(`id`,`_name`,`_code`,`icon`,`parentId`,`isPreset`) values (22,'数据库','DB','../../static/dist/img/cmdb/model-icons/DB.png',29,1);
insert  into `itsm_cmdb_model`(`id`,`_name`,`_code`,`icon`,`parentId`,`isPreset`) values (23,'网站服务器','WebSvr','../../static/dist/img/cmdb/model-icons/WebSvr.png',30,1);
insert  into `itsm_cmdb_model`(`id`,`_name`,`_code`,`icon`,`parentId`,`isPreset`) values (24,'电脑软件','CPSW','../../static/dist/img/cmdb/model-icons/CPSW.png',31,1);
insert  into `itsm_cmdb_model`(`id`,`_name`,`_code`,`icon`,`parentId`,`isPreset`) values (25,'其他软件','OthSW','../../static/dist/img/cmdb/model-icons/OthSW.png',32,1);
insert  into `itsm_cmdb_model`(`id`,`_name`,`_code`,`icon`,`parentId`,`isPreset`) values (26,'中间件实例','MWInstance','../../static/dist/img/cmdb/model-icons/MWInstance.png',33,1);
insert  into `itsm_cmdb_model`(`id`,`_name`,`_code`,`icon`,`parentId`,`isPreset`) values (27,'数据库实例','DBInstance','../../static/dist/img/cmdb/model-icons/DBInstance.png',34,1);
insert  into `itsm_cmdb_model`(`id`,`_name`,`_code`,`icon`,`parentId`,`isPreset`) values (28,'网站应用','WebApp','../../static/dist/img/cmdb/model-icons/WebApp.png',35,1);
insert  into `itsm_cmdb_model`(`id`,`_name`,`_code`,`icon`,`parentId`,`isPreset`) values (29,'物理接口','PI','../../static/dist/img/cmdb/model-icons/PI.png',37,1);
insert  into `itsm_cmdb_model`(`id`,`_name`,`_code`,`icon`,`parentId`,`isPreset`) values (30,'虚拟接口','VI','../../static/dist/img/cmdb/model-icons/PI.png',38,1);
insert  into `itsm_cmdb_model`(`id`,`_name`,`_code`,`icon`,`parentId`,`isPreset`) values (31,'光纤通道接口','FCI','../../static/dist/img/cmdb/model-icons/PI.png',39,1);
insert  into `itsm_cmdb_model`(`id`,`_name`,`_code`,`icon`,`parentId`,`isPreset`) values (32,'场景','Scene','../../static/dist/img/cmdb/model-icons/Scene.png',41,1);
insert  into `itsm_cmdb_model`(`id`,`_name`,`_code`,`icon`,`parentId`,`isPreset`) values (33,'区域','Area','../../static/dist/img/cmdb/model-icons/Area.png',42,1);
insert  into `itsm_cmdb_model`(`id`,`_name`,`_code`,`icon`,`parentId`,`isPreset`) values (34,'无线AP','AP','../../static/dist/img/cmdb/model-icons/wirelessAP.png',93,1);
insert  into `itsm_cmdb_model`(`id`,`_name`,`_code`,`icon`,`parentId`,`isPreset`) values (35,'补丁','Patch','../../static/dist/img/cmdb/model-icons/Patch.png',108,1);
insert  into `itsm_cmdb_model`(`id`,`_name`,`_code`,`icon`,`parentId`,`isPreset`) values (36,'License','Lic','../../static/dist/img/cmdb/model-icons/License.png',114,1);
insert  into `itsm_cmdb_model`(`id`,`_name`,`_code`,`icon`,`parentId`,`isPreset`) values (42,'AC','AC','../../static/dist/img/cmdb/model-icons/AC.png',174,0);
insert  into `itsm_cmdb_model`(`id`,`_name`,`_code`,`icon`,`parentId`,`isPreset`) values (44,'行政区域','Toparea','../../static/dist/img/cmdb/model-icons/Area.png',175,0);

insert into `plat_user_domain_relation` (`userId`, `domainId`) values('1','1');
/*Data for the table `itsm_cmdb_model_def` */

insert  into `itsm_cmdb_model_def`(`id`,`model_id`,`_view`) values (1,2,'1x1');
insert  into `itsm_cmdb_model_def`(`id`,`model_id`,`_view`) values (2,1,'1x1');
insert  into `itsm_cmdb_model_def`(`id`,`model_id`,`_view`) values (3,3,'1x1');
insert  into `itsm_cmdb_model_def`(`id`,`model_id`,`_view`) values (4,4,'1x1');
insert  into `itsm_cmdb_model_def`(`id`,`model_id`,`_view`) values (5,5,'1x1');
insert  into `itsm_cmdb_model_def`(`id`,`model_id`,`_view`) values (6,6,'4x1');
insert  into `itsm_cmdb_model_def`(`id`,`model_id`,`_view`) values (7,7,'4x1');
insert  into `itsm_cmdb_model_def`(`id`,`model_id`,`_view`) values (8,8,'4x1');
insert  into `itsm_cmdb_model_def`(`id`,`model_id`,`_view`) values (9,9,'4x1');
insert  into `itsm_cmdb_model_def`(`id`,`model_id`,`_view`) values (10,10,'4x1');
insert  into `itsm_cmdb_model_def`(`id`,`model_id`,`_view`) values (11,11,'1x1');
insert  into `itsm_cmdb_model_def`(`id`,`model_id`,`_view`) values (12,12,'1x1');
insert  into `itsm_cmdb_model_def`(`id`,`model_id`,`_view`) values (13,13,'2x1');
insert  into `itsm_cmdb_model_def`(`id`,`model_id`,`_view`) values (14,21,'1x1');
insert  into `itsm_cmdb_model_def`(`id`,`model_id`,`_view`) values (15,22,'1x1');
insert  into `itsm_cmdb_model_def`(`id`,`model_id`,`_view`) values (16,23,'1x1');
insert  into `itsm_cmdb_model_def`(`id`,`model_id`,`_view`) values (17,24,'1x1');
insert  into `itsm_cmdb_model_def`(`id`,`model_id`,`_view`) values (18,25,'1x1');
insert  into `itsm_cmdb_model_def`(`id`,`model_id`,`_view`) values (19,26,'1x1');
insert  into `itsm_cmdb_model_def`(`id`,`model_id`,`_view`) values (20,27,'1x1');
insert  into `itsm_cmdb_model_def`(`id`,`model_id`,`_view`) values (21,28,'1x1');
insert  into `itsm_cmdb_model_def`(`id`,`model_id`,`_view`) values (22,14,'4x1');
insert  into `itsm_cmdb_model_def`(`id`,`model_id`,`_view`) values (23,15,'1x1');
insert  into `itsm_cmdb_model_def`(`id`,`model_id`,`_view`) values (24,16,'1x1');
insert  into `itsm_cmdb_model_def`(`id`,`model_id`,`_view`) values (25,17,'1x1');
insert  into `itsm_cmdb_model_def`(`id`,`model_id`,`_view`) values (26,18,'1x1');
insert  into `itsm_cmdb_model_def`(`id`,`model_id`,`_view`) values (27,19,'1x1');
insert  into `itsm_cmdb_model_def`(`id`,`model_id`,`_view`) values (28,20,'1x1');
insert  into `itsm_cmdb_model_def`(`id`,`model_id`,`_view`) values (29,29,'1x1');
insert  into `itsm_cmdb_model_def`(`id`,`model_id`,`_view`) values (30,30,'1x1');
insert  into `itsm_cmdb_model_def`(`id`,`model_id`,`_view`) values (31,31,'1x1');
insert  into `itsm_cmdb_model_def`(`id`,`model_id`,`_view`) values (32,32,'1x1');
insert  into `itsm_cmdb_model_def`(`id`,`model_id`,`_view`) values (33,33,'1x1');
insert  into `itsm_cmdb_model_def`(`id`,`model_id`,`_view`) values (34,34,'1x1');
insert  into `itsm_cmdb_model_def`(`id`,`model_id`,`_view`) values (35,37,'1x1');
insert  into `itsm_cmdb_model_def`(`id`,`model_id`,`_view`) values (36,38,'1x1');
insert  into `itsm_cmdb_model_def`(`id`,`model_id`,`_view`) values (37,39,'1x1');
insert  into `itsm_cmdb_model_def`(`id`,`model_id`,`_view`) values (38,40,'1x1');
insert  into `itsm_cmdb_model_def`(`id`,`model_id`,`_view`) values (39,41,'1x1');
insert  into `itsm_cmdb_model_def`(`id`,`model_id`,`_view`) values (40,42,'1x1');

/*Data for the table `itsm_cmdb_attribute` */

insert  into `itsm_cmdb_attribute`(`attrKey`,`attrName`,`attrType`,`isVisable`,`attrCode`,`attrDataSource`,`attrDataSourceType`) values (878618,'所属机柜',3,0,'BelongToBox','1','0');
insert  into `itsm_cmdb_attribute`(`attrKey`,`attrName`,`attrType`,`isVisable`,`attrCode`,`attrDataSource`,`attrDataSourceType`) values (878619,'状态',3,0,'State','8','1');
insert  into `itsm_cmdb_attribute`(`attrKey`,`attrName`,`attrType`,`isVisable`,`attrCode`,`attrDataSource`,`attrDataSourceType`) values (878620,'业务级别',3,0,'BLevel','9','1');
insert  into `itsm_cmdb_attribute`(`attrKey`,`attrName`,`attrType`,`isVisable`,`attrCode`,`attrDataSource`,`attrDataSourceType`) values (878621,'位置',3,0,'Location','2','2');
insert  into `itsm_cmdb_attribute`(`attrKey`,`attrName`,`attrType`,`isVisable`,`attrCode`,`attrDataSource`,`attrDataSourceType`) values (878622,'投入使用日期',2,0,'SrvDate',NULL,NULL);
insert  into `itsm_cmdb_attribute`(`attrKey`,`attrName`,`attrType`,`isVisable`,`attrCode`,`attrDataSource`,`attrDataSourceType`) values (878623,'采购日期',2,0,'ProcDate',NULL,NULL);
insert  into `itsm_cmdb_attribute`(`attrKey`,`attrName`,`attrType`,`isVisable`,`attrCode`,`attrDataSource`,`attrDataSourceType`) values (878624,'过保日期',2,0,'OverDue',NULL,NULL);
insert  into `itsm_cmdb_attribute`(`attrKey`,`attrName`,`attrType`,`isVisable`,`attrCode`,`attrDataSource`,`attrDataSourceType`) values (878625,'品牌',3,0,'Brand','1','1');
insert  into `itsm_cmdb_attribute`(`attrKey`,`attrName`,`attrType`,`isVisable`,`attrCode`,`attrDataSource`,`attrDataSourceType`) values (878626,'型号',3,0,'ModelNum','2','1');
insert  into `itsm_cmdb_attribute`(`attrKey`,`attrName`,`attrType`,`isVisable`,`attrCode`,`attrDataSource`,`attrDataSourceType`) values (878627,'机柜容量',1,0,'BoxCapacity',NULL,NULL);
insert  into `itsm_cmdb_attribute`(`attrKey`,`attrName`,`attrType`,`isVisable`,`attrCode`,`attrDataSource`,`attrDataSourceType`) values (878628,'设备串号',1,0,'DeviceNum',NULL,NULL);
insert  into `itsm_cmdb_attribute`(`attrKey`,`attrName`,`attrType`,`isVisable`,`attrCode`,`attrDataSource`,`attrDataSourceType`) values (878629,'资产编码',1,0,'ProNum',NULL,NULL);
insert  into `itsm_cmdb_attribute`(`attrKey`,`attrName`,`attrType`,`isVisable`,`attrCode`,`attrDataSource`,`attrDataSourceType`) values (878630,'电源源头',3,0,'PS','3','0');
insert  into `itsm_cmdb_attribute`(`attrKey`,`attrName`,`attrType`,`isVisable`,`attrCode`,`attrDataSource`,`attrDataSourceType`) values (878631,'所属机笼',3,0,'BelongToCage','2','0');
insert  into `itsm_cmdb_attribute`(`attrKey`,`attrName`,`attrType`,`isVisable`,`attrCode`,`attrDataSource`,`attrDataSourceType`) values (878632,'电源A',1,0,'PowerA',NULL,NULL);
insert  into `itsm_cmdb_attribute`(`attrKey`,`attrName`,`attrType`,`isVisable`,`attrCode`,`attrDataSource`,`attrDataSourceType`) values (878633,'电源B',1,0,'PowerB',NULL,NULL);
insert  into `itsm_cmdb_attribute`(`attrKey`,`attrName`,`attrType`,`isVisable`,`attrCode`,`attrDataSource`,`attrDataSourceType`) values (878634,'OS家族',3,0,'OSFamily','6','1');
insert  into `itsm_cmdb_attribute`(`attrKey`,`attrName`,`attrType`,`isVisable`,`attrCode`,`attrDataSource`,`attrDataSourceType`) values (878635,'OS版本',3,0,'OSEdit','5','1');
insert  into `itsm_cmdb_attribute`(`attrKey`,`attrName`,`attrType`,`isVisable`,`attrCode`,`attrDataSource`,`attrDataSourceType`) values (878636,'管理IP',1,0,'IPManage',NULL,NULL);
insert  into `itsm_cmdb_attribute`(`attrKey`,`attrName`,`attrType`,`isVisable`,`attrCode`,`attrDataSource`,`attrDataSourceType`) values (878637,'OSLicense',1,0,'OSLicense',NULL,NULL);
insert  into `itsm_cmdb_attribute`(`attrKey`,`attrName`,`attrType`,`isVisable`,`attrCode`,`attrDataSource`,`attrDataSourceType`) values (878638,'cpu',1,0,'cpu',NULL,NULL);
insert  into `itsm_cmdb_attribute`(`attrKey`,`attrName`,`attrType`,`isVisable`,`attrCode`,`attrDataSource`,`attrDataSourceType`) values (878639,'网络设备类型',3,0,'TypeOfNetEquip','3','1');
insert  into `itsm_cmdb_attribute`(`attrKey`,`attrName`,`attrType`,`isVisable`,`attrCode`,`attrDataSource`,`attrDataSourceType`) values (878640,' IOS版本',3,0,'IOSEdit','4','1');
insert  into `itsm_cmdb_attribute`(`attrKey`,`attrName`,`attrType`,`isVisable`,`attrCode`,`attrDataSource`,`attrDataSourceType`) values (878641,'内存',1,0,'Memory',NULL,NULL);
insert  into `itsm_cmdb_attribute`(`attrKey`,`attrName`,`attrType`,`isVisable`,`attrCode`,`attrDataSource`,`attrDataSourceType`) values (878642,'集群',1,0,'Cluster',NULL,NULL);
insert  into `itsm_cmdb_attribute`(`attrKey`,`attrName`,`attrType`,`isVisable`,`attrCode`,`attrDataSource`,`attrDataSourceType`) values (878643,'服务器',3,0,'Svr','5','0');
insert  into `itsm_cmdb_attribute`(`attrKey`,`attrName`,`attrType`,`isVisable`,`attrCode`,`attrDataSource`,`attrDataSourceType`) values (878644,'宿主机',3,0,'HostMach','12','0');
insert  into `itsm_cmdb_attribute`(`attrKey`,`attrName`,`attrType`,`isVisable`,`attrCode`,`attrDataSource`,`attrDataSourceType`) values (878645,'操作系统',1,0,'OS',NULL,NULL);
insert  into `itsm_cmdb_attribute`(`attrKey`,`attrName`,`attrType`,`isVisable`,`attrCode`,`attrDataSource`,`attrDataSourceType`) values (878646,'软件',3,0,'Software','3','2');
insert  into `itsm_cmdb_attribute`(`attrKey`,`attrName`,`attrType`,`isVisable`,`attrCode`,`attrDataSource`,`attrDataSourceType`) values (878647,'软件License',1,0,'SoftLicense',NULL,NULL);
insert  into `itsm_cmdb_attribute`(`attrKey`,`attrName`,`attrType`,`isVisable`,`attrCode`,`attrDataSource`,`attrDataSourceType`) values (878648,'补丁',1,0,'Patch',NULL,NULL);
insert  into `itsm_cmdb_attribute`(`attrKey`,`attrName`,`attrType`,`isVisable`,`attrCode`,`attrDataSource`,`attrDataSourceType`) values (878649,'中间件',3,0,'MW','21','0');
insert  into `itsm_cmdb_attribute`(`attrKey`,`attrName`,`attrType`,`isVisable`,`attrCode`,`attrDataSource`,`attrDataSourceType`) values (878650,'数据库',3,0,'DB','22','0');
insert  into `itsm_cmdb_attribute`(`attrKey`,`attrName`,`attrType`,`isVisable`,`attrCode`,`attrDataSource`,`attrDataSourceType`) values (878651,'网站服务器',3,0,'WebSvr','23','0');
insert  into `itsm_cmdb_attribute`(`attrKey`,`attrName`,`attrType`,`isVisable`,`attrCode`,`attrDataSource`,`attrDataSourceType`) values (878652,'网址',1,0,'URL',NULL,NULL);
insert  into `itsm_cmdb_attribute`(`attrKey`,`attrName`,`attrType`,`isVisable`,`attrCode`,`attrDataSource`,`attrDataSourceType`) values (878653,'个人电脑类型',1,0,'PCModel',NULL,NULL);
insert  into `itsm_cmdb_attribute`(`attrKey`,`attrName`,`attrType`,`isVisable`,`attrCode`,`attrDataSource`,`attrDataSourceType`) values (878654,'电话号码',1,0,'TelNum',NULL,NULL);
insert  into `itsm_cmdb_attribute`(`attrKey`,`attrName`,`attrType`,`isVisable`,`attrCode`,`attrDataSource`,`attrDataSourceType`) values (878655,'IMEI',1,0,'IMEI',NULL,NULL);
insert  into `itsm_cmdb_attribute`(`attrKey`,`attrName`,`attrType`,`isVisable`,`attrCode`,`attrDataSource`,`attrDataSourceType`) values (878656,'硬件Pin',1,0,'HardPin',NULL,NULL);
insert  into `itsm_cmdb_attribute`(`attrKey`,`attrName`,`attrType`,`isVisable`,`attrCode`,`attrDataSource`,`attrDataSourceType`) values (878685,'mac地址',1,0,'MacAdd',NULL,NULL);
insert  into `itsm_cmdb_attribute`(`attrKey`,`attrName`,`attrType`,`isVisable`,`attrCode`,`attrDataSource`,`attrDataSourceType`) values (878686,'速率',1,0,'Rate',NULL,NULL);
insert  into `itsm_cmdb_attribute`(`attrKey`,`attrName`,`attrType`,`isVisable`,`attrCode`,`attrDataSource`,`attrDataSourceType`) values (878687,'虚拟机',3,0,'VM','13','0');
insert  into `itsm_cmdb_attribute`(`attrKey`,`attrName`,`attrType`,`isVisable`,`attrCode`,`attrDataSource`,`attrDataSourceType`) values (878688,'拓扑',1,0,'Topology',NULL,NULL);
insert  into `itsm_cmdb_attribute`(`attrKey`,`attrName`,`attrType`,`isVisable`,`attrCode`,`attrDataSource`,`attrDataSourceType`) values (878689,'全局唯一名',1,0,'Only',NULL,NULL);
insert  into `itsm_cmdb_attribute`(`attrKey`,`attrName`,`attrType`,`isVisable`,`attrCode`,`attrDataSource`,`attrDataSourceType`) values (878690,'机房设备',1,0,'CpRmEqp',NULL,NULL);
insert  into `itsm_cmdb_attribute`(`attrKey`,`attrName`,`attrType`,`isVisable`,`attrCode`,`attrDataSource`,`attrDataSourceType`) values (878691,'所属场景',3,0,'TheirScene','32','0');
insert  into `itsm_cmdb_attribute`(`attrKey`,`attrName`,`attrType`,`isVisable`,`attrCode`,`attrDataSource`,`attrDataSourceType`) values (878692,'系统组名称',1,0,'SysName',NULL,NULL);
insert  into `itsm_cmdb_attribute`(`attrKey`,`attrName`,`attrType`,`isVisable`,`attrCode`,`attrDataSource`,`attrDataSourceType`) values (878693,'室内AP数量',1,0,'APCountIn',NULL,NULL);
insert  into `itsm_cmdb_attribute`(`attrKey`,`attrName`,`attrType`,`isVisable`,`attrCode`,`attrDataSource`,`attrDataSourceType`) values (878694,'室外AP数量',1,0,'APCountOut',NULL,NULL);
insert  into `itsm_cmdb_attribute`(`attrKey`,`attrName`,`attrType`,`isVisable`,`attrCode`,`attrDataSource`,`attrDataSourceType`) values (878695,'开通时间',2,0,'OpenDate',NULL,NULL);
insert  into `itsm_cmdb_attribute`(`attrKey`,`attrName`,`attrType`,`isVisable`,`attrCode`,`attrDataSource`,`attrDataSourceType`) values (878696,'具体地址',1,0,'Add',NULL,NULL);
insert  into `itsm_cmdb_attribute`(`attrKey`,`attrName`,`attrType`,`isVisable`,`attrCode`,`attrDataSource`,`attrDataSourceType`) values (878697,'区域面积',1,0,'AreaOfCover',NULL,NULL);
insert  into `itsm_cmdb_attribute`(`attrKey`,`attrName`,`attrType`,`isVisable`,`attrCode`,`attrDataSource`,`attrDataSourceType`) values (878698,'道路公里数',1,0,'RoadMiles',NULL,NULL);
insert  into `itsm_cmdb_attribute`(`attrKey`,`attrName`,`attrType`,`isVisable`,`attrCode`,`attrDataSource`,`attrDataSourceType`) values (878699,'施工联系人',1,0,'ConstruContacts',NULL,NULL);
insert  into `itsm_cmdb_attribute`(`attrKey`,`attrName`,`attrType`,`isVisable`,`attrCode`,`attrDataSource`,`attrDataSourceType`) values (878700,'施工联系人方式',1,0,'ConstruContactWay',NULL,NULL);
insert  into `itsm_cmdb_attribute`(`attrKey`,`attrName`,`attrType`,`isVisable`,`attrCode`,`attrDataSource`,`attrDataSourceType`) values (878701,'区域联系人',1,0,'RegionalContacts',NULL,NULL);
insert  into `itsm_cmdb_attribute`(`attrKey`,`attrName`,`attrType`,`isVisable`,`attrCode`,`attrDataSource`,`attrDataSourceType`) values (878702,'区域联系人方式',1,0,'AreaContactWay',NULL,NULL);
insert  into `itsm_cmdb_attribute`(`attrKey`,`attrName`,`attrType`,`isVisable`,`attrCode`,`attrDataSource`,`attrDataSourceType`) values (878703,'AP总数量',1,0,'APQuanity',NULL,NULL);
insert  into `itsm_cmdb_attribute`(`attrKey`,`attrName`,`attrType`,`isVisable`,`attrCode`,`attrDataSource`,`attrDataSourceType`) values (878704,'所属区域',3,0,'TheirArea','33','0');
insert  into `itsm_cmdb_attribute`(`attrKey`,`attrName`,`attrType`,`isVisable`,`attrCode`,`attrDataSource`,`attrDataSourceType`) values (878705,'扞号',1,0,'PoleNum',NULL,NULL);
insert  into `itsm_cmdb_attribute`(`attrKey`,`attrName`,`attrType`,`isVisable`,`attrCode`,`attrDataSource`,`attrDataSourceType`) values (878706,'室内/室外',1,0,'InOrOutdoor',NULL,NULL);
insert  into `itsm_cmdb_attribute`(`attrKey`,`attrName`,`attrType`,`isVisable`,`attrCode`,`attrDataSource`,`attrDataSourceType`) values (878707,'AP编号',1,0,'APNum',NULL,NULL);
insert  into `itsm_cmdb_attribute`(`attrKey`,`attrName`,`attrType`,`isVisable`,`attrCode`,`attrDataSource`,`attrDataSourceType`) values (878708,'组名称',1,0,'GroName',NULL,NULL);
insert  into `itsm_cmdb_attribute`(`attrKey`,`attrName`,`attrType`,`isVisable`,`attrCode`,`attrDataSource`,`attrDataSourceType`) values (878709,'APMac',1,0,'APMac',NULL,NULL);
insert  into `itsm_cmdb_attribute`(`attrKey`,`attrName`,`attrType`,`isVisable`,`attrCode`,`attrDataSource`,`attrDataSourceType`) values (878710,'APIP',1,0,'APIP',NULL,NULL);
insert  into `itsm_cmdb_attribute`(`attrKey`,`attrName`,`attrType`,`isVisable`,`attrCode`,`attrDataSource`,`attrDataSourceType`) values (878711,'AP版本',1,0,'APEdit',NULL,NULL);
insert  into `itsm_cmdb_attribute`(`attrKey`,`attrName`,`attrType`,`isVisable`,`attrCode`,`attrDataSource`,`attrDataSourceType`) values (878713,'Ac控制器IP',1,0,'AcControlIP',NULL,NULL);
insert  into `itsm_cmdb_attribute`(`attrKey`,`attrName`,`attrType`,`isVisable`,`attrCode`,`attrDataSource`,`attrDataSourceType`) values (878714,'上联工业交换机IP',1,0,'SLIndChanIP',NULL,NULL);
insert  into `itsm_cmdb_attribute`(`attrKey`,`attrName`,`attrType`,`isVisable`,`attrCode`,`attrDataSource`,`attrDataSourceType`) values (878715,'上联工业交换机端口',1,0,'SLIndChanPort',NULL,NULL);
insert  into `itsm_cmdb_attribute`(`attrKey`,`attrName`,`attrType`,`isVisable`,`attrCode`,`attrDataSource`,`attrDataSourceType`) values (878716,'上联华为交换机IP',1,0,'HWChanIP',NULL,NULL);
insert  into `itsm_cmdb_attribute`(`attrKey`,`attrName`,`attrType`,`isVisable`,`attrCode`,`attrDataSource`,`attrDataSourceType`) values (878717,'上联华为交换机端口',1,0,'HWChanPort',NULL,NULL);
insert  into `itsm_cmdb_attribute`(`attrKey`,`attrName`,`attrType`,`isVisable`,`attrCode`,`attrDataSource`,`attrDataSourceType`) values (878718,'建设单位',1,0,'ConstruUnit',NULL,NULL);
insert  into `itsm_cmdb_attribute`(`attrKey`,`attrName`,`attrType`,`isVisable`,`attrCode`,`attrDataSource`,`attrDataSourceType`) values (878719,'设备厂家',1,0,'MachManu',NULL,NULL);
insert  into `itsm_cmdb_attribute`(`attrKey`,`attrName`,`attrType`,`isVisable`,`attrCode`,`attrDataSource`,`attrDataSourceType`) values (878720,'设备型号',1,0,'MachNum',NULL,NULL);
insert  into `itsm_cmdb_attribute`(`attrKey`,`attrName`,`attrType`,`isVisable`,`attrCode`,`attrDataSource`,`attrDataSourceType`) values (878721,'安装位置',1,0,'InstallSite',NULL,NULL);
insert  into `itsm_cmdb_attribute`(`attrKey`,`attrName`,`attrType`,`isVisable`,`attrCode`,`attrDataSource`,`attrDataSourceType`) values (878722,'APSSID',1,0,'APSSID',NULL,NULL);
insert  into `itsm_cmdb_attribute`(`attrKey`,`attrName`,`attrType`,`isVisable`,`attrCode`,`attrDataSource`,`attrDataSourceType`) values (878723,'经度',1,0,'Precision',NULL,NULL);
insert  into `itsm_cmdb_attribute`(`attrKey`,`attrName`,`attrType`,`isVisable`,`attrCode`,`attrDataSource`,`attrDataSourceType`) values (878724,'纬度',1,0,'Dimensionality',NULL,NULL);
insert  into `itsm_cmdb_attribute`(`attrKey`,`attrName`,`attrType`,`isVisable`,`attrCode`,`attrDataSource`,`attrDataSourceType`) values (878725,'客户名称',1,0,'CusName',NULL,NULL);
insert  into `itsm_cmdb_attribute`(`attrKey`,`attrName`,`attrType`,`isVisable`,`attrCode`,`attrDataSource`,`attrDataSourceType`) values (878726,'客户联系电话',1,0,'CusTelNum',NULL,NULL);
insert  into `itsm_cmdb_attribute`(`attrKey`,`attrName`,`attrType`,`isVisable`,`attrCode`,`attrDataSource`,`attrDataSourceType`) values (878727,'备注',1,0,'Remark',NULL,NULL);
insert  into `itsm_cmdb_attribute`(`attrKey`,`attrName`,`attrType`,`isVisable`,`attrCode`,`attrDataSource`,`attrDataSourceType`) values (878728,'上级设备序列号',1,0,'HighEquipNum',NULL,NULL);
insert  into `itsm_cmdb_attribute`(`attrKey`,`attrName`,`attrType`,`isVisable`,`attrCode`,`attrDataSource`,`attrDataSourceType`) values (878729,'安装时间',2,0,'InstallTime',NULL,NULL);
insert  into `itsm_cmdb_attribute`(`attrKey`,`attrName`,`attrType`,`isVisable`,`attrCode`,`attrDataSource`,`attrDataSourceType`) values (878730,'序列号',1,0,'Order',NULL,NULL);
insert  into `itsm_cmdb_attribute`(`attrKey`,`attrName`,`attrType`,`isVisable`,`attrCode`,`attrDataSource`,`attrDataSourceType`) values (878731,'设备容量',1,0,'EquipCapa',NULL,NULL);
insert  into `itsm_cmdb_attribute`(`attrKey`,`attrName`,`attrType`,`isVisable`,`attrCode`,`attrDataSource`,`attrDataSourceType`) values (878734,'IP地址',1,0,'IP',NULL,NULL);
insert  into `itsm_cmdb_attribute`(`attrKey`,`attrName`,`attrType`,`isVisable`,`attrCode`,`attrDataSource`,`attrDataSourceType`) values (878735,'Mac地址（5G）',1,0,'MACADDR',NULL,NULL);
insert  into `itsm_cmdb_attribute`(`attrKey`,`attrName`,`attrType`,`isVisable`,`attrCode`,`attrDataSource`,`attrDataSourceType`) values (878736,'设备软件版本',1,0,'EquipSoftEdit',NULL,NULL);
insert  into `itsm_cmdb_attribute`(`attrKey`,`attrName`,`attrType`,`isVisable`,`attrCode`,`attrDataSource`,`attrDataSourceType`) values (878737,'行政区域',3,0,'Toparea','44','0');
insert  into `itsm_cmdb_attribute`(`attrKey`,`attrName`,`attrType`,`isVisable`,`attrCode`,`attrDataSource`,`attrDataSourceType`) values (878738,'设备标签',1,0,'Devicelabel',NULL,NULL);
insert into `itsm_cmdb_attribute` (`attrKey`,`attrName`,`attrType`,`isVisable`,`attrCode`,`attrDataSource`,`attrDataSourceType`) values('878739','负责人','1','0','Head',NULL,NULL);
insert into `itsm_cmdb_attribute` (`attrKey`,`attrName`,`attrType`,`isVisable`,`attrCode`,`attrDataSource`,`attrDataSourceType`) values('878740','领用人','1','0','Leader',NULL,NULL);
insert into `itsm_cmdb_attribute` (`attrKey`, `attrName`, `attrType`, `isVisable`, `attrCode`, `attrDataSource`, `attrDataSourceType`) values('878741','ramGB','1','0','RamGB',NULL,NULL);
insert into `itsm_cmdb_attribute` (`attrKey`, `attrName`, `attrType`, `isVisable`, `attrCode`, `attrDataSource`, `attrDataSourceType`) values('878742','ramTB','1','0','RamTB',NULL,NULL);
INSERT INTO `itsm_cmdb_attribute` (`attrKey`, `attrName`, `attrType`, `isVisable`, `attrCode`, `attrDataSource`, `attrDataSourceType`) VALUES('878746','使用单位','3','0','UseUnit','5','2');
/*Data for the table `itsm_cmdb_model_def_attr_item` */




insert into `itsm_cmdb_model_def_attr_item` (`id`, `model_def_attr_lump_id`, `attr_id`, `sort`) values('2880','351','878619','1');
insert into `itsm_cmdb_model_def_attr_item` (`id`, `model_def_attr_lump_id`, `attr_id`, `sort`) values('2881','351','878620','2');
insert into `itsm_cmdb_model_def_attr_item` (`id`, `model_def_attr_lump_id`, `attr_id`, `sort`) values('2882','351','878621','3');
insert into `itsm_cmdb_model_def_attr_item` (`id`, `model_def_attr_lump_id`, `attr_id`, `sort`) values('2883','351','878756','4');
insert into `itsm_cmdb_model_def_attr_item` (`id`, `model_def_attr_lump_id`, `attr_id`, `sort`) values('2884','352','878622','1');
insert into `itsm_cmdb_model_def_attr_item` (`id`, `model_def_attr_lump_id`, `attr_id`, `sort`) values('2885','352','878623','2');
insert into `itsm_cmdb_model_def_attr_item` (`id`, `model_def_attr_lump_id`, `attr_id`, `sort`) values('2886','352','878624','3');
insert into `itsm_cmdb_model_def_attr_item` (`id`, `model_def_attr_lump_id`, `attr_id`, `sort`) values('2887','353','878625','1');
insert into `itsm_cmdb_model_def_attr_item` (`id`, `model_def_attr_lump_id`, `attr_id`, `sort`) values('2888','353','878626','2');
insert into `itsm_cmdb_model_def_attr_item` (`id`, `model_def_attr_lump_id`, `attr_id`, `sort`) values('2889','353','878628','3');
insert into `itsm_cmdb_model_def_attr_item` (`id`, `model_def_attr_lump_id`, `attr_id`, `sort`) values('2890','353','878629','4');
insert into `itsm_cmdb_model_def_attr_item` (`id`, `model_def_attr_lump_id`, `attr_id`, `sort`) values('2891','353','878634','5');
insert into `itsm_cmdb_model_def_attr_item` (`id`, `model_def_attr_lump_id`, `attr_id`, `sort`) values('2892','353','878635','6');
insert into `itsm_cmdb_model_def_attr_item` (`id`, `model_def_attr_lump_id`, `attr_id`, `sort`) values('2893','353','878636','7');
insert into `itsm_cmdb_model_def_attr_item` (`id`, `model_def_attr_lump_id`, `attr_id`, `sort`) values('2894','353','878638','8');
insert into `itsm_cmdb_model_def_attr_item` (`id`, `model_def_attr_lump_id`, `attr_id`, `sort`) values('2895','353','878641','9');
insert into `itsm_cmdb_model_def_attr_item` (`id`, `model_def_attr_lump_id`, `attr_id`, `sort`) values('2896','353','878739','10');
insert into `itsm_cmdb_model_def_attr_item` (`id`, `model_def_attr_lump_id`, `attr_id`, `sort`) values('2897','353','878740','11');
insert into `itsm_cmdb_model_def_attr_item` (`id`, `model_def_attr_lump_id`, `attr_id`, `sort`) values('2898','354','878619','1');
insert into `itsm_cmdb_model_def_attr_item` (`id`, `model_def_attr_lump_id`, `attr_id`, `sort`) values('2899','354','878620','2');
insert into `itsm_cmdb_model_def_attr_item` (`id`, `model_def_attr_lump_id`, `attr_id`, `sort`) values('2900','354','878621','3');
insert into `itsm_cmdb_model_def_attr_item` (`id`, `model_def_attr_lump_id`, `attr_id`, `sort`) values('2901','354','878625','4');
insert into `itsm_cmdb_model_def_attr_item` (`id`, `model_def_attr_lump_id`, `attr_id`, `sort`) values('2902','354','878626','5');
insert into `itsm_cmdb_model_def_attr_item` (`id`, `model_def_attr_lump_id`, `attr_id`, `sort`) values('2903','354','878628','6');
insert into `itsm_cmdb_model_def_attr_item` (`id`, `model_def_attr_lump_id`, `attr_id`, `sort`) values('2904','354','878740','7');
insert into `itsm_cmdb_model_def_attr_item` (`id`, `model_def_attr_lump_id`, `attr_id`, `sort`) values('3323','403','878619','1');
insert into `itsm_cmdb_model_def_attr_item` (`id`, `model_def_attr_lump_id`, `attr_id`, `sort`) values('3324','403','878620','2');
insert into `itsm_cmdb_model_def_attr_item` (`id`, `model_def_attr_lump_id`, `attr_id`, `sort`) values('3325','403','878621','3');
insert into `itsm_cmdb_model_def_attr_item` (`id`, `model_def_attr_lump_id`, `attr_id`, `sort`) values('3326','403','878622','4');
insert into `itsm_cmdb_model_def_attr_item` (`id`, `model_def_attr_lump_id`, `attr_id`, `sort`) values('3327','403','878623','5');
insert into `itsm_cmdb_model_def_attr_item` (`id`, `model_def_attr_lump_id`, `attr_id`, `sort`) values('3328','403','878624','6');
insert into `itsm_cmdb_model_def_attr_item` (`id`, `model_def_attr_lump_id`, `attr_id`, `sort`) values('3329','403','878625','7');
insert into `itsm_cmdb_model_def_attr_item` (`id`, `model_def_attr_lump_id`, `attr_id`, `sort`) values('3330','403','878627','8');
insert into `itsm_cmdb_model_def_attr_item` (`id`, `model_def_attr_lump_id`, `attr_id`, `sort`) values('3331','403','878628','9');
insert into `itsm_cmdb_model_def_attr_item` (`id`, `model_def_attr_lump_id`, `attr_id`, `sort`) values('3332','403','878629','10');
insert into `itsm_cmdb_model_def_attr_item` (`id`, `model_def_attr_lump_id`, `attr_id`, `sort`) values('3333','403','878626','11');
insert into `itsm_cmdb_model_def_attr_item` (`id`, `model_def_attr_lump_id`, `attr_id`, `sort`) values('3334','403','878739','12');
insert into `itsm_cmdb_model_def_attr_item` (`id`, `model_def_attr_lump_id`, `attr_id`, `sort`) values('3335','403','878740','13');
insert into `itsm_cmdb_model_def_attr_item` (`id`, `model_def_attr_lump_id`, `attr_id`, `sort`) values('3336','403','878756','14');
insert into `itsm_cmdb_model_def_attr_item` (`id`, `model_def_attr_lump_id`, `attr_id`, `sort`) values('3337','403','878772','15');
insert into `itsm_cmdb_model_def_attr_item` (`id`, `model_def_attr_lump_id`, `attr_id`, `sort`) values('3338','404','878619','1');
insert into `itsm_cmdb_model_def_attr_item` (`id`, `model_def_attr_lump_id`, `attr_id`, `sort`) values('3339','404','878620','2');
insert into `itsm_cmdb_model_def_attr_item` (`id`, `model_def_attr_lump_id`, `attr_id`, `sort`) values('3340','404','878621','3');
insert into `itsm_cmdb_model_def_attr_item` (`id`, `model_def_attr_lump_id`, `attr_id`, `sort`) values('3341','404','878625','4');
insert into `itsm_cmdb_model_def_attr_item` (`id`, `model_def_attr_lump_id`, `attr_id`, `sort`) values('3342','404','878626','5');
insert into `itsm_cmdb_model_def_attr_item` (`id`, `model_def_attr_lump_id`, `attr_id`, `sort`) values('3343','404','878627','6');
insert into `itsm_cmdb_model_def_attr_item` (`id`, `model_def_attr_lump_id`, `attr_id`, `sort`) values('3344','404','878739','7');
insert into `itsm_cmdb_model_def_attr_item` (`id`, `model_def_attr_lump_id`, `attr_id`, `sort`) values('3345','404','878740','8');
insert into `itsm_cmdb_model_def_attr_item` (`id`, `model_def_attr_lump_id`, `attr_id`, `sort`) values('3346','405','878618','1');
insert into `itsm_cmdb_model_def_attr_item` (`id`, `model_def_attr_lump_id`, `attr_id`, `sort`) values('3347','405','878619','2');
insert into `itsm_cmdb_model_def_attr_item` (`id`, `model_def_attr_lump_id`, `attr_id`, `sort`) values('3348','405','878620','3');
insert into `itsm_cmdb_model_def_attr_item` (`id`, `model_def_attr_lump_id`, `attr_id`, `sort`) values('3349','405','878621','4');
insert into `itsm_cmdb_model_def_attr_item` (`id`, `model_def_attr_lump_id`, `attr_id`, `sort`) values('3350','405','878622','5');
insert into `itsm_cmdb_model_def_attr_item` (`id`, `model_def_attr_lump_id`, `attr_id`, `sort`) values('3351','405','878623','6');
insert into `itsm_cmdb_model_def_attr_item` (`id`, `model_def_attr_lump_id`, `attr_id`, `sort`) values('3352','405','878624','7');
insert into `itsm_cmdb_model_def_attr_item` (`id`, `model_def_attr_lump_id`, `attr_id`, `sort`) values('3353','405','878625','8');
insert into `itsm_cmdb_model_def_attr_item` (`id`, `model_def_attr_lump_id`, `attr_id`, `sort`) values('3354','405','878626','9');
insert into `itsm_cmdb_model_def_attr_item` (`id`, `model_def_attr_lump_id`, `attr_id`, `sort`) values('3355','405','878627','10');
insert into `itsm_cmdb_model_def_attr_item` (`id`, `model_def_attr_lump_id`, `attr_id`, `sort`) values('3356','405','878628','11');
insert into `itsm_cmdb_model_def_attr_item` (`id`, `model_def_attr_lump_id`, `attr_id`, `sort`) values('3357','405','878629','12');
insert into `itsm_cmdb_model_def_attr_item` (`id`, `model_def_attr_lump_id`, `attr_id`, `sort`) values('3358','405','878739','13');
insert into `itsm_cmdb_model_def_attr_item` (`id`, `model_def_attr_lump_id`, `attr_id`, `sort`) values('3359','405','878740','14');
insert into `itsm_cmdb_model_def_attr_item` (`id`, `model_def_attr_lump_id`, `attr_id`, `sort`) values('3360','405','878756','15');
insert into `itsm_cmdb_model_def_attr_item` (`id`, `model_def_attr_lump_id`, `attr_id`, `sort`) values('3361','405','878772','16');
insert into `itsm_cmdb_model_def_attr_item` (`id`, `model_def_attr_lump_id`, `attr_id`, `sort`) values('3362','406','878618','1');
insert into `itsm_cmdb_model_def_attr_item` (`id`, `model_def_attr_lump_id`, `attr_id`, `sort`) values('3363','406','878619','2');
insert into `itsm_cmdb_model_def_attr_item` (`id`, `model_def_attr_lump_id`, `attr_id`, `sort`) values('3364','406','878620','3');
insert into `itsm_cmdb_model_def_attr_item` (`id`, `model_def_attr_lump_id`, `attr_id`, `sort`) values('3365','406','878621','4');
insert into `itsm_cmdb_model_def_attr_item` (`id`, `model_def_attr_lump_id`, `attr_id`, `sort`) values('3366','406','878625','5');
insert into `itsm_cmdb_model_def_attr_item` (`id`, `model_def_attr_lump_id`, `attr_id`, `sort`) values('3367','406','878626','6');
insert into `itsm_cmdb_model_def_attr_item` (`id`, `model_def_attr_lump_id`, `attr_id`, `sort`) values('3368','406','878628','7');
insert into `itsm_cmdb_model_def_attr_item` (`id`, `model_def_attr_lump_id`, `attr_id`, `sort`) values('3369','406','878739','8');
insert into `itsm_cmdb_model_def_attr_item` (`id`, `model_def_attr_lump_id`, `attr_id`, `sort`) values('3370','406','878740','9');
insert into `itsm_cmdb_model_def_attr_item` (`id`, `model_def_attr_lump_id`, `attr_id`, `sort`) values('3371','407','878619','1');
insert into `itsm_cmdb_model_def_attr_item` (`id`, `model_def_attr_lump_id`, `attr_id`, `sort`) values('3372','407','878620','2');
insert into `itsm_cmdb_model_def_attr_item` (`id`, `model_def_attr_lump_id`, `attr_id`, `sort`) values('3373','407','878621','3');
insert into `itsm_cmdb_model_def_attr_item` (`id`, `model_def_attr_lump_id`, `attr_id`, `sort`) values('3374','407','878622','4');
insert into `itsm_cmdb_model_def_attr_item` (`id`, `model_def_attr_lump_id`, `attr_id`, `sort`) values('3375','407','878623','5');
insert into `itsm_cmdb_model_def_attr_item` (`id`, `model_def_attr_lump_id`, `attr_id`, `sort`) values('3376','407','878624','6');
insert into `itsm_cmdb_model_def_attr_item` (`id`, `model_def_attr_lump_id`, `attr_id`, `sort`) values('3377','407','878625','7');
insert into `itsm_cmdb_model_def_attr_item` (`id`, `model_def_attr_lump_id`, `attr_id`, `sort`) values('3378','407','878626','8');
insert into `itsm_cmdb_model_def_attr_item` (`id`, `model_def_attr_lump_id`, `attr_id`, `sort`) values('3379','407','878628','9');
insert into `itsm_cmdb_model_def_attr_item` (`id`, `model_def_attr_lump_id`, `attr_id`, `sort`) values('3380','407','878629','10');
insert into `itsm_cmdb_model_def_attr_item` (`id`, `model_def_attr_lump_id`, `attr_id`, `sort`) values('3381','407','878739','11');
insert into `itsm_cmdb_model_def_attr_item` (`id`, `model_def_attr_lump_id`, `attr_id`, `sort`) values('3382','407','878740','12');
insert into `itsm_cmdb_model_def_attr_item` (`id`, `model_def_attr_lump_id`, `attr_id`, `sort`) values('3383','407','878756','13');
insert into `itsm_cmdb_model_def_attr_item` (`id`, `model_def_attr_lump_id`, `attr_id`, `sort`) values('3384','407','878772','14');
insert into `itsm_cmdb_model_def_attr_item` (`id`, `model_def_attr_lump_id`, `attr_id`, `sort`) values('3385','408','878619','1');
insert into `itsm_cmdb_model_def_attr_item` (`id`, `model_def_attr_lump_id`, `attr_id`, `sort`) values('3386','408','878620','2');
insert into `itsm_cmdb_model_def_attr_item` (`id`, `model_def_attr_lump_id`, `attr_id`, `sort`) values('3387','408','878621','3');
insert into `itsm_cmdb_model_def_attr_item` (`id`, `model_def_attr_lump_id`, `attr_id`, `sort`) values('3388','408','878625','4');
insert into `itsm_cmdb_model_def_attr_item` (`id`, `model_def_attr_lump_id`, `attr_id`, `sort`) values('3389','408','878626','5');
insert into `itsm_cmdb_model_def_attr_item` (`id`, `model_def_attr_lump_id`, `attr_id`, `sort`) values('3390','408','878628','6');
insert into `itsm_cmdb_model_def_attr_item` (`id`, `model_def_attr_lump_id`, `attr_id`, `sort`) values('3391','408','878739','7');
insert into `itsm_cmdb_model_def_attr_item` (`id`, `model_def_attr_lump_id`, `attr_id`, `sort`) values('3392','408','878740','8');
insert into `itsm_cmdb_model_def_attr_item` (`id`, `model_def_attr_lump_id`, `attr_id`, `sort`) values('3393','409','878618','1');
insert into `itsm_cmdb_model_def_attr_item` (`id`, `model_def_attr_lump_id`, `attr_id`, `sort`) values('3394','409','878619','2');
insert into `itsm_cmdb_model_def_attr_item` (`id`, `model_def_attr_lump_id`, `attr_id`, `sort`) values('3395','409','878620','3');
insert into `itsm_cmdb_model_def_attr_item` (`id`, `model_def_attr_lump_id`, `attr_id`, `sort`) values('3396','409','878621','4');
insert into `itsm_cmdb_model_def_attr_item` (`id`, `model_def_attr_lump_id`, `attr_id`, `sort`) values('3397','409','878622','5');
insert into `itsm_cmdb_model_def_attr_item` (`id`, `model_def_attr_lump_id`, `attr_id`, `sort`) values('3398','409','878623','6');
insert into `itsm_cmdb_model_def_attr_item` (`id`, `model_def_attr_lump_id`, `attr_id`, `sort`) values('3399','409','878624','7');
insert into `itsm_cmdb_model_def_attr_item` (`id`, `model_def_attr_lump_id`, `attr_id`, `sort`) values('3400','409','878625','8');
insert into `itsm_cmdb_model_def_attr_item` (`id`, `model_def_attr_lump_id`, `attr_id`, `sort`) values('3401','409','878626','9');
insert into `itsm_cmdb_model_def_attr_item` (`id`, `model_def_attr_lump_id`, `attr_id`, `sort`) values('3402','409','878628','10');
insert into `itsm_cmdb_model_def_attr_item` (`id`, `model_def_attr_lump_id`, `attr_id`, `sort`) values('3403','409','878629','11');
insert into `itsm_cmdb_model_def_attr_item` (`id`, `model_def_attr_lump_id`, `attr_id`, `sort`) values('3404','409','878630','12');
insert into `itsm_cmdb_model_def_attr_item` (`id`, `model_def_attr_lump_id`, `attr_id`, `sort`) values('3405','409','878739','13');
insert into `itsm_cmdb_model_def_attr_item` (`id`, `model_def_attr_lump_id`, `attr_id`, `sort`) values('3406','409','878740','14');
insert into `itsm_cmdb_model_def_attr_item` (`id`, `model_def_attr_lump_id`, `attr_id`, `sort`) values('3407','409','878756','15');
insert into `itsm_cmdb_model_def_attr_item` (`id`, `model_def_attr_lump_id`, `attr_id`, `sort`) values('3408','409','878772','16');
insert into `itsm_cmdb_model_def_attr_item` (`id`, `model_def_attr_lump_id`, `attr_id`, `sort`) values('3409','410','878619','1');
insert into `itsm_cmdb_model_def_attr_item` (`id`, `model_def_attr_lump_id`, `attr_id`, `sort`) values('3410','410','878620','2');
insert into `itsm_cmdb_model_def_attr_item` (`id`, `model_def_attr_lump_id`, `attr_id`, `sort`) values('3411','410','878621','3');
insert into `itsm_cmdb_model_def_attr_item` (`id`, `model_def_attr_lump_id`, `attr_id`, `sort`) values('3412','410','878625','4');
insert into `itsm_cmdb_model_def_attr_item` (`id`, `model_def_attr_lump_id`, `attr_id`, `sort`) values('3413','410','878626','5');
insert into `itsm_cmdb_model_def_attr_item` (`id`, `model_def_attr_lump_id`, `attr_id`, `sort`) values('3414','410','878628','6');
insert into `itsm_cmdb_model_def_attr_item` (`id`, `model_def_attr_lump_id`, `attr_id`, `sort`) values('3415','410','878739','7');
insert into `itsm_cmdb_model_def_attr_item` (`id`, `model_def_attr_lump_id`, `attr_id`, `sort`) values('3416','410','878740','8');
insert into `itsm_cmdb_model_def_attr_item` (`id`, `model_def_attr_lump_id`, `attr_id`, `sort`) values('3417','411','878618','1');
insert into `itsm_cmdb_model_def_attr_item` (`id`, `model_def_attr_lump_id`, `attr_id`, `sort`) values('3418','411','878619','2');
insert into `itsm_cmdb_model_def_attr_item` (`id`, `model_def_attr_lump_id`, `attr_id`, `sort`) values('3419','411','878620','3');
insert into `itsm_cmdb_model_def_attr_item` (`id`, `model_def_attr_lump_id`, `attr_id`, `sort`) values('3420','411','878621','4');
insert into `itsm_cmdb_model_def_attr_item` (`id`, `model_def_attr_lump_id`, `attr_id`, `sort`) values('3421','411','878631','5');
insert into `itsm_cmdb_model_def_attr_item` (`id`, `model_def_attr_lump_id`, `attr_id`, `sort`) values('3422','411','878685','6');
insert into `itsm_cmdb_model_def_attr_item` (`id`, `model_def_attr_lump_id`, `attr_id`, `sort`) values('3423','411','878721','7');
insert into `itsm_cmdb_model_def_attr_item` (`id`, `model_def_attr_lump_id`, `attr_id`, `sort`) values('3424','411','878728','8');
insert into `itsm_cmdb_model_def_attr_item` (`id`, `model_def_attr_lump_id`, `attr_id`, `sort`) values('3425','411','878729','9');
insert into `itsm_cmdb_model_def_attr_item` (`id`, `model_def_attr_lump_id`, `attr_id`, `sort`) values('3426','411','878730','10');
insert into `itsm_cmdb_model_def_attr_item` (`id`, `model_def_attr_lump_id`, `attr_id`, `sort`) values('3427','411','878731','11');
insert into `itsm_cmdb_model_def_attr_item` (`id`, `model_def_attr_lump_id`, `attr_id`, `sort`) values('3428','411','878645','12');
insert into `itsm_cmdb_model_def_attr_item` (`id`, `model_def_attr_lump_id`, `attr_id`, `sort`) values('3429','411','878719','13');
insert into `itsm_cmdb_model_def_attr_item` (`id`, `model_def_attr_lump_id`, `attr_id`, `sort`) values('3430','411','878739','14');
insert into `itsm_cmdb_model_def_attr_item` (`id`, `model_def_attr_lump_id`, `attr_id`, `sort`) values('3431','411','878720','15');
insert into `itsm_cmdb_model_def_attr_item` (`id`, `model_def_attr_lump_id`, `attr_id`, `sort`) values('3432','411','878740','16');
insert into `itsm_cmdb_model_def_attr_item` (`id`, `model_def_attr_lump_id`, `attr_id`, `sort`) values('3433','411','878723','17');
insert into `itsm_cmdb_model_def_attr_item` (`id`, `model_def_attr_lump_id`, `attr_id`, `sort`) values('3434','411','878724','18');
insert into `itsm_cmdb_model_def_attr_item` (`id`, `model_def_attr_lump_id`, `attr_id`, `sort`) values('3435','411','878734','19');
insert into `itsm_cmdb_model_def_attr_item` (`id`, `model_def_attr_lump_id`, `attr_id`, `sort`) values('3436','411','878736','20');
insert into `itsm_cmdb_model_def_attr_item` (`id`, `model_def_attr_lump_id`, `attr_id`, `sort`) values('3437','411','878738','21');
insert into `itsm_cmdb_model_def_attr_item` (`id`, `model_def_attr_lump_id`, `attr_id`, `sort`) values('3438','411','878756','22');
insert into `itsm_cmdb_model_def_attr_item` (`id`, `model_def_attr_lump_id`, `attr_id`, `sort`) values('3439','411','878772','23');
insert into `itsm_cmdb_model_def_attr_item` (`id`, `model_def_attr_lump_id`, `attr_id`, `sort`) values('3440','412','878619','1');
insert into `itsm_cmdb_model_def_attr_item` (`id`, `model_def_attr_lump_id`, `attr_id`, `sort`) values('3441','412','878620','2');
insert into `itsm_cmdb_model_def_attr_item` (`id`, `model_def_attr_lump_id`, `attr_id`, `sort`) values('3442','412','878621','3');
insert into `itsm_cmdb_model_def_attr_item` (`id`, `model_def_attr_lump_id`, `attr_id`, `sort`) values('3443','412','878739','4');
insert into `itsm_cmdb_model_def_attr_item` (`id`, `model_def_attr_lump_id`, `attr_id`, `sort`) values('3444','412','878740','5');
insert into `itsm_cmdb_model_def_attr_item` (`id`, `model_def_attr_lump_id`, `attr_id`, `sort`) values('3445','413','878618','1');
insert into `itsm_cmdb_model_def_attr_item` (`id`, `model_def_attr_lump_id`, `attr_id`, `sort`) values('3446','413','878619','2');
insert into `itsm_cmdb_model_def_attr_item` (`id`, `model_def_attr_lump_id`, `attr_id`, `sort`) values('3447','413','878620','3');
insert into `itsm_cmdb_model_def_attr_item` (`id`, `model_def_attr_lump_id`, `attr_id`, `sort`) values('3448','413','878621','4');
insert into `itsm_cmdb_model_def_attr_item` (`id`, `model_def_attr_lump_id`, `attr_id`, `sort`) values('3449','413','878631','5');
insert into `itsm_cmdb_model_def_attr_item` (`id`, `model_def_attr_lump_id`, `attr_id`, `sort`) values('3450','413','878756','6');
insert into `itsm_cmdb_model_def_attr_item` (`id`, `model_def_attr_lump_id`, `attr_id`, `sort`) values('3451','413','878772','7');
insert into `itsm_cmdb_model_def_attr_item` (`id`, `model_def_attr_lump_id`, `attr_id`, `sort`) values('3452','414','878622','1');
insert into `itsm_cmdb_model_def_attr_item` (`id`, `model_def_attr_lump_id`, `attr_id`, `sort`) values('3453','414','878623','2');
insert into `itsm_cmdb_model_def_attr_item` (`id`, `model_def_attr_lump_id`, `attr_id`, `sort`) values('3454','414','878624','3');
insert into `itsm_cmdb_model_def_attr_item` (`id`, `model_def_attr_lump_id`, `attr_id`, `sort`) values('3455','415','878632','1');
insert into `itsm_cmdb_model_def_attr_item` (`id`, `model_def_attr_lump_id`, `attr_id`, `sort`) values('3456','415','878633','2');
insert into `itsm_cmdb_model_def_attr_item` (`id`, `model_def_attr_lump_id`, `attr_id`, `sort`) values('3457','416','878625','1');
insert into `itsm_cmdb_model_def_attr_item` (`id`, `model_def_attr_lump_id`, `attr_id`, `sort`) values('3458','416','878626','2');
insert into `itsm_cmdb_model_def_attr_item` (`id`, `model_def_attr_lump_id`, `attr_id`, `sort`) values('3459','416','878627','3');
insert into `itsm_cmdb_model_def_attr_item` (`id`, `model_def_attr_lump_id`, `attr_id`, `sort`) values('3460','416','878628','4');
insert into `itsm_cmdb_model_def_attr_item` (`id`, `model_def_attr_lump_id`, `attr_id`, `sort`) values('3461','416','878629','5');
insert into `itsm_cmdb_model_def_attr_item` (`id`, `model_def_attr_lump_id`, `attr_id`, `sort`) values('3462','416','878630','6');
insert into `itsm_cmdb_model_def_attr_item` (`id`, `model_def_attr_lump_id`, `attr_id`, `sort`) values('3463','416','878636','7');
insert into `itsm_cmdb_model_def_attr_item` (`id`, `model_def_attr_lump_id`, `attr_id`, `sort`) values('3464','416','878639','8');
insert into `itsm_cmdb_model_def_attr_item` (`id`, `model_def_attr_lump_id`, `attr_id`, `sort`) values('3465','416','878640','9');
insert into `itsm_cmdb_model_def_attr_item` (`id`, `model_def_attr_lump_id`, `attr_id`, `sort`) values('3466','416','878641','10');
insert into `itsm_cmdb_model_def_attr_item` (`id`, `model_def_attr_lump_id`, `attr_id`, `sort`) values('3467','416','878728','11');
insert into `itsm_cmdb_model_def_attr_item` (`id`, `model_def_attr_lump_id`, `attr_id`, `sort`) values('3468','416','878731','12');
insert into `itsm_cmdb_model_def_attr_item` (`id`, `model_def_attr_lump_id`, `attr_id`, `sort`) values('3469','416','878685','13');
insert into `itsm_cmdb_model_def_attr_item` (`id`, `model_def_attr_lump_id`, `attr_id`, `sort`) values('3470','416','878739','14');
insert into `itsm_cmdb_model_def_attr_item` (`id`, `model_def_attr_lump_id`, `attr_id`, `sort`) values('3471','416','878730','15');
insert into `itsm_cmdb_model_def_attr_item` (`id`, `model_def_attr_lump_id`, `attr_id`, `sort`) values('3472','416','878740','16');
insert into `itsm_cmdb_model_def_attr_item` (`id`, `model_def_attr_lump_id`, `attr_id`, `sort`) values('3473','416','878723','17');
insert into `itsm_cmdb_model_def_attr_item` (`id`, `model_def_attr_lump_id`, `attr_id`, `sort`) values('3474','416','878724','18');
insert into `itsm_cmdb_model_def_attr_item` (`id`, `model_def_attr_lump_id`, `attr_id`, `sort`) values('3475','416','878736','19');
insert into `itsm_cmdb_model_def_attr_item` (`id`, `model_def_attr_lump_id`, `attr_id`, `sort`) values('3476','416','878721','20');
insert into `itsm_cmdb_model_def_attr_item` (`id`, `model_def_attr_lump_id`, `attr_id`, `sort`) values('3477','416','878729','21');
insert into `itsm_cmdb_model_def_attr_item` (`id`, `model_def_attr_lump_id`, `attr_id`, `sort`) values('3478','416','878738','22');
insert into `itsm_cmdb_model_def_attr_item` (`id`, `model_def_attr_lump_id`, `attr_id`, `sort`) values('3479','417','878619','1');
insert into `itsm_cmdb_model_def_attr_item` (`id`, `model_def_attr_lump_id`, `attr_id`, `sort`) values('3480','417','878620','2');
insert into `itsm_cmdb_model_def_attr_item` (`id`, `model_def_attr_lump_id`, `attr_id`, `sort`) values('3481','417','878621','3');
insert into `itsm_cmdb_model_def_attr_item` (`id`, `model_def_attr_lump_id`, `attr_id`, `sort`) values('3482','417','878626','4');
insert into `itsm_cmdb_model_def_attr_item` (`id`, `model_def_attr_lump_id`, `attr_id`, `sort`) values('3483','417','878739','5');
insert into `itsm_cmdb_model_def_attr_item` (`id`, `model_def_attr_lump_id`, `attr_id`, `sort`) values('3484','417','878740','6');
insert into `itsm_cmdb_model_def_attr_item` (`id`, `model_def_attr_lump_id`, `attr_id`, `sort`) values('3485','418','878618','1');
insert into `itsm_cmdb_model_def_attr_item` (`id`, `model_def_attr_lump_id`, `attr_id`, `sort`) values('3486','418','878619','2');
insert into `itsm_cmdb_model_def_attr_item` (`id`, `model_def_attr_lump_id`, `attr_id`, `sort`) values('3487','418','878620','3');
insert into `itsm_cmdb_model_def_attr_item` (`id`, `model_def_attr_lump_id`, `attr_id`, `sort`) values('3488','418','878621','4');
insert into `itsm_cmdb_model_def_attr_item` (`id`, `model_def_attr_lump_id`, `attr_id`, `sort`) values('3489','418','878631','5');
insert into `itsm_cmdb_model_def_attr_item` (`id`, `model_def_attr_lump_id`, `attr_id`, `sort`) values('3490','418','878756','6');
insert into `itsm_cmdb_model_def_attr_item` (`id`, `model_def_attr_lump_id`, `attr_id`, `sort`) values('3491','418','878772','7');
insert into `itsm_cmdb_model_def_attr_item` (`id`, `model_def_attr_lump_id`, `attr_id`, `sort`) values('3492','419','878622','1');
insert into `itsm_cmdb_model_def_attr_item` (`id`, `model_def_attr_lump_id`, `attr_id`, `sort`) values('3493','419','878623','2');
insert into `itsm_cmdb_model_def_attr_item` (`id`, `model_def_attr_lump_id`, `attr_id`, `sort`) values('3494','419','878624','3');
insert into `itsm_cmdb_model_def_attr_item` (`id`, `model_def_attr_lump_id`, `attr_id`, `sort`) values('3495','420','878632','1');
insert into `itsm_cmdb_model_def_attr_item` (`id`, `model_def_attr_lump_id`, `attr_id`, `sort`) values('3496','420','878633','2');
insert into `itsm_cmdb_model_def_attr_item` (`id`, `model_def_attr_lump_id`, `attr_id`, `sort`) values('3497','421','878625','1');
insert into `itsm_cmdb_model_def_attr_item` (`id`, `model_def_attr_lump_id`, `attr_id`, `sort`) values('3498','421','878626','2');
insert into `itsm_cmdb_model_def_attr_item` (`id`, `model_def_attr_lump_id`, `attr_id`, `sort`) values('3499','421','878627','3');
insert into `itsm_cmdb_model_def_attr_item` (`id`, `model_def_attr_lump_id`, `attr_id`, `sort`) values('3500','421','878628','4');
insert into `itsm_cmdb_model_def_attr_item` (`id`, `model_def_attr_lump_id`, `attr_id`, `sort`) values('3501','421','878629','5');
insert into `itsm_cmdb_model_def_attr_item` (`id`, `model_def_attr_lump_id`, `attr_id`, `sort`) values('3502','421','878636','6');
insert into `itsm_cmdb_model_def_attr_item` (`id`, `model_def_attr_lump_id`, `attr_id`, `sort`) values('3503','421','878739','7');
insert into `itsm_cmdb_model_def_attr_item` (`id`, `model_def_attr_lump_id`, `attr_id`, `sort`) values('3504','421','878740','8');
insert into `itsm_cmdb_model_def_attr_item` (`id`, `model_def_attr_lump_id`, `attr_id`, `sort`) values('3505','422','878619','1');
insert into `itsm_cmdb_model_def_attr_item` (`id`, `model_def_attr_lump_id`, `attr_id`, `sort`) values('3506','422','878620','2');
insert into `itsm_cmdb_model_def_attr_item` (`id`, `model_def_attr_lump_id`, `attr_id`, `sort`) values('3507','422','878621','3');
insert into `itsm_cmdb_model_def_attr_item` (`id`, `model_def_attr_lump_id`, `attr_id`, `sort`) values('3508','422','878625','4');
insert into `itsm_cmdb_model_def_attr_item` (`id`, `model_def_attr_lump_id`, `attr_id`, `sort`) values('3509','422','878626','5');
insert into `itsm_cmdb_model_def_attr_item` (`id`, `model_def_attr_lump_id`, `attr_id`, `sort`) values('3510','422','878628','6');
insert into `itsm_cmdb_model_def_attr_item` (`id`, `model_def_attr_lump_id`, `attr_id`, `sort`) values('3511','422','878740','7');
insert into `itsm_cmdb_model_def_attr_item` (`id`, `model_def_attr_lump_id`, `attr_id`, `sort`) values('3512','423','878618','1');
insert into `itsm_cmdb_model_def_attr_item` (`id`, `model_def_attr_lump_id`, `attr_id`, `sort`) values('3513','423','878619','2');
insert into `itsm_cmdb_model_def_attr_item` (`id`, `model_def_attr_lump_id`, `attr_id`, `sort`) values('3514','423','878620','3');
insert into `itsm_cmdb_model_def_attr_item` (`id`, `model_def_attr_lump_id`, `attr_id`, `sort`) values('3515','423','878621','4');
insert into `itsm_cmdb_model_def_attr_item` (`id`, `model_def_attr_lump_id`, `attr_id`, `sort`) values('3516','423','878631','5');
insert into `itsm_cmdb_model_def_attr_item` (`id`, `model_def_attr_lump_id`, `attr_id`, `sort`) values('3517','423','878756','6');
insert into `itsm_cmdb_model_def_attr_item` (`id`, `model_def_attr_lump_id`, `attr_id`, `sort`) values('3518','423','878772','7');
insert into `itsm_cmdb_model_def_attr_item` (`id`, `model_def_attr_lump_id`, `attr_id`, `sort`) values('3519','424','878622','1');
insert into `itsm_cmdb_model_def_attr_item` (`id`, `model_def_attr_lump_id`, `attr_id`, `sort`) values('3520','424','878623','2');
insert into `itsm_cmdb_model_def_attr_item` (`id`, `model_def_attr_lump_id`, `attr_id`, `sort`) values('3521','424','878624','3');
insert into `itsm_cmdb_model_def_attr_item` (`id`, `model_def_attr_lump_id`, `attr_id`, `sort`) values('3522','425','878632','1');
insert into `itsm_cmdb_model_def_attr_item` (`id`, `model_def_attr_lump_id`, `attr_id`, `sort`) values('3523','425','878633','2');
insert into `itsm_cmdb_model_def_attr_item` (`id`, `model_def_attr_lump_id`, `attr_id`, `sort`) values('3524','426','878625','1');
insert into `itsm_cmdb_model_def_attr_item` (`id`, `model_def_attr_lump_id`, `attr_id`, `sort`) values('3525','426','878626','2');
insert into `itsm_cmdb_model_def_attr_item` (`id`, `model_def_attr_lump_id`, `attr_id`, `sort`) values('3526','426','878627','3');
insert into `itsm_cmdb_model_def_attr_item` (`id`, `model_def_attr_lump_id`, `attr_id`, `sort`) values('3527','426','878628','4');
insert into `itsm_cmdb_model_def_attr_item` (`id`, `model_def_attr_lump_id`, `attr_id`, `sort`) values('3528','426','878629','5');
insert into `itsm_cmdb_model_def_attr_item` (`id`, `model_def_attr_lump_id`, `attr_id`, `sort`) values('3529','426','878636','6');
insert into `itsm_cmdb_model_def_attr_item` (`id`, `model_def_attr_lump_id`, `attr_id`, `sort`) values('3530','426','878739','7');
insert into `itsm_cmdb_model_def_attr_item` (`id`, `model_def_attr_lump_id`, `attr_id`, `sort`) values('3531','426','878740','8');
insert into `itsm_cmdb_model_def_attr_item` (`id`, `model_def_attr_lump_id`, `attr_id`, `sort`) values('3532','427','878619','1');
insert into `itsm_cmdb_model_def_attr_item` (`id`, `model_def_attr_lump_id`, `attr_id`, `sort`) values('3533','427','878620','2');
insert into `itsm_cmdb_model_def_attr_item` (`id`, `model_def_attr_lump_id`, `attr_id`, `sort`) values('3534','427','878621','3');
insert into `itsm_cmdb_model_def_attr_item` (`id`, `model_def_attr_lump_id`, `attr_id`, `sort`) values('3535','427','878625','4');
insert into `itsm_cmdb_model_def_attr_item` (`id`, `model_def_attr_lump_id`, `attr_id`, `sort`) values('3536','427','878626','5');
insert into `itsm_cmdb_model_def_attr_item` (`id`, `model_def_attr_lump_id`, `attr_id`, `sort`) values('3537','427','878628','6');
insert into `itsm_cmdb_model_def_attr_item` (`id`, `model_def_attr_lump_id`, `attr_id`, `sort`) values('3538','427','878740','7');
insert into `itsm_cmdb_model_def_attr_item` (`id`, `model_def_attr_lump_id`, `attr_id`, `sort`) values('3539','428','878618','1');
insert into `itsm_cmdb_model_def_attr_item` (`id`, `model_def_attr_lump_id`, `attr_id`, `sort`) values('3540','428','878619','2');
insert into `itsm_cmdb_model_def_attr_item` (`id`, `model_def_attr_lump_id`, `attr_id`, `sort`) values('3541','428','878620','3');
insert into `itsm_cmdb_model_def_attr_item` (`id`, `model_def_attr_lump_id`, `attr_id`, `sort`) values('3542','428','878621','4');
insert into `itsm_cmdb_model_def_attr_item` (`id`, `model_def_attr_lump_id`, `attr_id`, `sort`) values('3543','428','878631','5');
insert into `itsm_cmdb_model_def_attr_item` (`id`, `model_def_attr_lump_id`, `attr_id`, `sort`) values('3544','428','878756','6');
insert into `itsm_cmdb_model_def_attr_item` (`id`, `model_def_attr_lump_id`, `attr_id`, `sort`) values('3545','428','878772','7');
insert into `itsm_cmdb_model_def_attr_item` (`id`, `model_def_attr_lump_id`, `attr_id`, `sort`) values('3546','429','878622','1');
insert into `itsm_cmdb_model_def_attr_item` (`id`, `model_def_attr_lump_id`, `attr_id`, `sort`) values('3547','429','878623','2');
insert into `itsm_cmdb_model_def_attr_item` (`id`, `model_def_attr_lump_id`, `attr_id`, `sort`) values('3548','429','878624','3');
insert into `itsm_cmdb_model_def_attr_item` (`id`, `model_def_attr_lump_id`, `attr_id`, `sort`) values('3549','430','878632','1');
insert into `itsm_cmdb_model_def_attr_item` (`id`, `model_def_attr_lump_id`, `attr_id`, `sort`) values('3550','430','878633','2');
insert into `itsm_cmdb_model_def_attr_item` (`id`, `model_def_attr_lump_id`, `attr_id`, `sort`) values('3551','431','878625','1');
insert into `itsm_cmdb_model_def_attr_item` (`id`, `model_def_attr_lump_id`, `attr_id`, `sort`) values('3552','431','878626','2');
insert into `itsm_cmdb_model_def_attr_item` (`id`, `model_def_attr_lump_id`, `attr_id`, `sort`) values('3553','431','878627','3');
insert into `itsm_cmdb_model_def_attr_item` (`id`, `model_def_attr_lump_id`, `attr_id`, `sort`) values('3554','431','878628','4');
insert into `itsm_cmdb_model_def_attr_item` (`id`, `model_def_attr_lump_id`, `attr_id`, `sort`) values('3555','431','878629','5');
insert into `itsm_cmdb_model_def_attr_item` (`id`, `model_def_attr_lump_id`, `attr_id`, `sort`) values('3556','431','878636','6');
insert into `itsm_cmdb_model_def_attr_item` (`id`, `model_def_attr_lump_id`, `attr_id`, `sort`) values('3557','431','878739','7');
insert into `itsm_cmdb_model_def_attr_item` (`id`, `model_def_attr_lump_id`, `attr_id`, `sort`) values('3558','431','878740','8');
insert into `itsm_cmdb_model_def_attr_item` (`id`, `model_def_attr_lump_id`, `attr_id`, `sort`) values('3559','432','878619','1');
insert into `itsm_cmdb_model_def_attr_item` (`id`, `model_def_attr_lump_id`, `attr_id`, `sort`) values('3560','432','878620','2');
insert into `itsm_cmdb_model_def_attr_item` (`id`, `model_def_attr_lump_id`, `attr_id`, `sort`) values('3561','432','878621','3');
insert into `itsm_cmdb_model_def_attr_item` (`id`, `model_def_attr_lump_id`, `attr_id`, `sort`) values('3562','432','878625','4');
insert into `itsm_cmdb_model_def_attr_item` (`id`, `model_def_attr_lump_id`, `attr_id`, `sort`) values('3563','432','878626','5');
insert into `itsm_cmdb_model_def_attr_item` (`id`, `model_def_attr_lump_id`, `attr_id`, `sort`) values('3564','432','878628','6');
insert into `itsm_cmdb_model_def_attr_item` (`id`, `model_def_attr_lump_id`, `attr_id`, `sort`) values('3565','432','878740','7');
insert into `itsm_cmdb_model_def_attr_item` (`id`, `model_def_attr_lump_id`, `attr_id`, `sort`) values('3566','433','878618','1');
insert into `itsm_cmdb_model_def_attr_item` (`id`, `model_def_attr_lump_id`, `attr_id`, `sort`) values('3567','433','878619','2');
insert into `itsm_cmdb_model_def_attr_item` (`id`, `model_def_attr_lump_id`, `attr_id`, `sort`) values('3568','433','878620','3');
insert into `itsm_cmdb_model_def_attr_item` (`id`, `model_def_attr_lump_id`, `attr_id`, `sort`) values('3569','433','878621','4');
insert into `itsm_cmdb_model_def_attr_item` (`id`, `model_def_attr_lump_id`, `attr_id`, `sort`) values('3570','433','878631','5');
insert into `itsm_cmdb_model_def_attr_item` (`id`, `model_def_attr_lump_id`, `attr_id`, `sort`) values('3571','433','878756','6');
insert into `itsm_cmdb_model_def_attr_item` (`id`, `model_def_attr_lump_id`, `attr_id`, `sort`) values('3572','433','878772','7');
insert into `itsm_cmdb_model_def_attr_item` (`id`, `model_def_attr_lump_id`, `attr_id`, `sort`) values('3573','434','878622','1');
insert into `itsm_cmdb_model_def_attr_item` (`id`, `model_def_attr_lump_id`, `attr_id`, `sort`) values('3574','434','878623','2');
insert into `itsm_cmdb_model_def_attr_item` (`id`, `model_def_attr_lump_id`, `attr_id`, `sort`) values('3575','434','878624','3');
insert into `itsm_cmdb_model_def_attr_item` (`id`, `model_def_attr_lump_id`, `attr_id`, `sort`) values('3576','435','878632','1');
insert into `itsm_cmdb_model_def_attr_item` (`id`, `model_def_attr_lump_id`, `attr_id`, `sort`) values('3577','435','878633','2');
insert into `itsm_cmdb_model_def_attr_item` (`id`, `model_def_attr_lump_id`, `attr_id`, `sort`) values('3578','436','878625','1');
insert into `itsm_cmdb_model_def_attr_item` (`id`, `model_def_attr_lump_id`, `attr_id`, `sort`) values('3579','436','878626','2');
insert into `itsm_cmdb_model_def_attr_item` (`id`, `model_def_attr_lump_id`, `attr_id`, `sort`) values('3580','436','878627','3');
insert into `itsm_cmdb_model_def_attr_item` (`id`, `model_def_attr_lump_id`, `attr_id`, `sort`) values('3581','436','878628','4');
insert into `itsm_cmdb_model_def_attr_item` (`id`, `model_def_attr_lump_id`, `attr_id`, `sort`) values('3582','436','878629','5');
insert into `itsm_cmdb_model_def_attr_item` (`id`, `model_def_attr_lump_id`, `attr_id`, `sort`) values('3583','436','878636','6');
insert into `itsm_cmdb_model_def_attr_item` (`id`, `model_def_attr_lump_id`, `attr_id`, `sort`) values('3584','436','878739','7');
insert into `itsm_cmdb_model_def_attr_item` (`id`, `model_def_attr_lump_id`, `attr_id`, `sort`) values('3585','436','878740','8');
insert into `itsm_cmdb_model_def_attr_item` (`id`, `model_def_attr_lump_id`, `attr_id`, `sort`) values('3586','437','878619','1');
insert into `itsm_cmdb_model_def_attr_item` (`id`, `model_def_attr_lump_id`, `attr_id`, `sort`) values('3587','437','878620','2');
insert into `itsm_cmdb_model_def_attr_item` (`id`, `model_def_attr_lump_id`, `attr_id`, `sort`) values('3588','437','878621','3');
insert into `itsm_cmdb_model_def_attr_item` (`id`, `model_def_attr_lump_id`, `attr_id`, `sort`) values('3589','437','878625','4');
insert into `itsm_cmdb_model_def_attr_item` (`id`, `model_def_attr_lump_id`, `attr_id`, `sort`) values('3590','437','878626','5');
insert into `itsm_cmdb_model_def_attr_item` (`id`, `model_def_attr_lump_id`, `attr_id`, `sort`) values('3591','437','878628','6');
insert into `itsm_cmdb_model_def_attr_item` (`id`, `model_def_attr_lump_id`, `attr_id`, `sort`) values('3592','437','878739','7');
insert into `itsm_cmdb_model_def_attr_item` (`id`, `model_def_attr_lump_id`, `attr_id`, `sort`) values('3593','437','878740','8');
insert into `itsm_cmdb_model_def_attr_item` (`id`, `model_def_attr_lump_id`, `attr_id`, `sort`) values('3594','438','878619','1');
insert into `itsm_cmdb_model_def_attr_item` (`id`, `model_def_attr_lump_id`, `attr_id`, `sort`) values('3595','438','878620','2');
insert into `itsm_cmdb_model_def_attr_item` (`id`, `model_def_attr_lump_id`, `attr_id`, `sort`) values('3596','438','878622','3');
insert into `itsm_cmdb_model_def_attr_item` (`id`, `model_def_attr_lump_id`, `attr_id`, `sort`) values('3597','438','878739','4');
insert into `itsm_cmdb_model_def_attr_item` (`id`, `model_def_attr_lump_id`, `attr_id`, `sort`) values('3598','438','878740','5');
insert into `itsm_cmdb_model_def_attr_item` (`id`, `model_def_attr_lump_id`, `attr_id`, `sort`) values('3599','438','878756','6');
insert into `itsm_cmdb_model_def_attr_item` (`id`, `model_def_attr_lump_id`, `attr_id`, `sort`) values('3600','438','878772','7');
insert into `itsm_cmdb_model_def_attr_item` (`id`, `model_def_attr_lump_id`, `attr_id`, `sort`) values('3601','439','878619','1');
insert into `itsm_cmdb_model_def_attr_item` (`id`, `model_def_attr_lump_id`, `attr_id`, `sort`) values('3602','439','878620','2');
insert into `itsm_cmdb_model_def_attr_item` (`id`, `model_def_attr_lump_id`, `attr_id`, `sort`) values('3603','439','878622','3');
insert into `itsm_cmdb_model_def_attr_item` (`id`, `model_def_attr_lump_id`, `attr_id`, `sort`) values('3604','439','878739','4');
insert into `itsm_cmdb_model_def_attr_item` (`id`, `model_def_attr_lump_id`, `attr_id`, `sort`) values('3605','439','878740','5');
insert into `itsm_cmdb_model_def_attr_item` (`id`, `model_def_attr_lump_id`, `attr_id`, `sort`) values('3606','440','878619','1');
insert into `itsm_cmdb_model_def_attr_item` (`id`, `model_def_attr_lump_id`, `attr_id`, `sort`) values('3607','440','878620','2');
insert into `itsm_cmdb_model_def_attr_item` (`id`, `model_def_attr_lump_id`, `attr_id`, `sort`) values('3608','440','878622','3');
insert into `itsm_cmdb_model_def_attr_item` (`id`, `model_def_attr_lump_id`, `attr_id`, `sort`) values('3609','440','878642','4');
insert into `itsm_cmdb_model_def_attr_item` (`id`, `model_def_attr_lump_id`, `attr_id`, `sort`) values('3610','440','878643','5');
insert into `itsm_cmdb_model_def_attr_item` (`id`, `model_def_attr_lump_id`, `attr_id`, `sort`) values('3611','440','878739','6');
insert into `itsm_cmdb_model_def_attr_item` (`id`, `model_def_attr_lump_id`, `attr_id`, `sort`) values('3612','440','878740','7');
insert into `itsm_cmdb_model_def_attr_item` (`id`, `model_def_attr_lump_id`, `attr_id`, `sort`) values('3613','440','878756','8');
insert into `itsm_cmdb_model_def_attr_item` (`id`, `model_def_attr_lump_id`, `attr_id`, `sort`) values('3614','440','878772','9');
insert into `itsm_cmdb_model_def_attr_item` (`id`, `model_def_attr_lump_id`, `attr_id`, `sort`) values('3615','441','878643','1');
insert into `itsm_cmdb_model_def_attr_item` (`id`, `model_def_attr_lump_id`, `attr_id`, `sort`) values('3616','441','878642','2');
insert into `itsm_cmdb_model_def_attr_item` (`id`, `model_def_attr_lump_id`, `attr_id`, `sort`) values('3617','441','878620','3');
insert into `itsm_cmdb_model_def_attr_item` (`id`, `model_def_attr_lump_id`, `attr_id`, `sort`) values('3618','441','878622','4');
insert into `itsm_cmdb_model_def_attr_item` (`id`, `model_def_attr_lump_id`, `attr_id`, `sort`) values('3619','441','878739','5');
insert into `itsm_cmdb_model_def_attr_item` (`id`, `model_def_attr_lump_id`, `attr_id`, `sort`) values('3620','441','878740','6');
insert into `itsm_cmdb_model_def_attr_item` (`id`, `model_def_attr_lump_id`, `attr_id`, `sort`) values('3621','442','878619','1');
insert into `itsm_cmdb_model_def_attr_item` (`id`, `model_def_attr_lump_id`, `attr_id`, `sort`) values('3622','442','878620','2');
insert into `itsm_cmdb_model_def_attr_item` (`id`, `model_def_attr_lump_id`, `attr_id`, `sort`) values('3623','442','878644','3');
insert into `itsm_cmdb_model_def_attr_item` (`id`, `model_def_attr_lump_id`, `attr_id`, `sort`) values('3624','442','878756','4');
insert into `itsm_cmdb_model_def_attr_item` (`id`, `model_def_attr_lump_id`, `attr_id`, `sort`) values('3625','442','878772','5');
insert into `itsm_cmdb_model_def_attr_item` (`id`, `model_def_attr_lump_id`, `attr_id`, `sort`) values('3626','443','878622','1');
insert into `itsm_cmdb_model_def_attr_item` (`id`, `model_def_attr_lump_id`, `attr_id`, `sort`) values('3627','443','878634','2');
insert into `itsm_cmdb_model_def_attr_item` (`id`, `model_def_attr_lump_id`, `attr_id`, `sort`) values('3628','443','878635','3');
insert into `itsm_cmdb_model_def_attr_item` (`id`, `model_def_attr_lump_id`, `attr_id`, `sort`) values('3629','443','878636','4');
insert into `itsm_cmdb_model_def_attr_item` (`id`, `model_def_attr_lump_id`, `attr_id`, `sort`) values('3630','443','878637','5');
insert into `itsm_cmdb_model_def_attr_item` (`id`, `model_def_attr_lump_id`, `attr_id`, `sort`) values('3631','443','878638','6');
insert into `itsm_cmdb_model_def_attr_item` (`id`, `model_def_attr_lump_id`, `attr_id`, `sort`) values('3632','443','878641','7');
insert into `itsm_cmdb_model_def_attr_item` (`id`, `model_def_attr_lump_id`, `attr_id`, `sort`) values('3633','443','878739','8');
insert into `itsm_cmdb_model_def_attr_item` (`id`, `model_def_attr_lump_id`, `attr_id`, `sort`) values('3634','443','878740','9');
insert into `itsm_cmdb_model_def_attr_item` (`id`, `model_def_attr_lump_id`, `attr_id`, `sort`) values('3635','444','878619','1');
insert into `itsm_cmdb_model_def_attr_item` (`id`, `model_def_attr_lump_id`, `attr_id`, `sort`) values('3636','444','878620','2');
insert into `itsm_cmdb_model_def_attr_item` (`id`, `model_def_attr_lump_id`, `attr_id`, `sort`) values('3637','444','878739','3');
insert into `itsm_cmdb_model_def_attr_item` (`id`, `model_def_attr_lump_id`, `attr_id`, `sort`) values('3638','444','878740','4');
insert into `itsm_cmdb_model_def_attr_item` (`id`, `model_def_attr_lump_id`, `attr_id`, `sort`) values('3639','445','878619','1');
insert into `itsm_cmdb_model_def_attr_item` (`id`, `model_def_attr_lump_id`, `attr_id`, `sort`) values('3640','445','878620','2');
insert into `itsm_cmdb_model_def_attr_item` (`id`, `model_def_attr_lump_id`, `attr_id`, `sort`) values('3641','445','878621','3');
insert into `itsm_cmdb_model_def_attr_item` (`id`, `model_def_attr_lump_id`, `attr_id`, `sort`) values('3642','445','878622','4');
insert into `itsm_cmdb_model_def_attr_item` (`id`, `model_def_attr_lump_id`, `attr_id`, `sort`) values('3643','445','878623','5');
insert into `itsm_cmdb_model_def_attr_item` (`id`, `model_def_attr_lump_id`, `attr_id`, `sort`) values('3644','445','878624','6');
insert into `itsm_cmdb_model_def_attr_item` (`id`, `model_def_attr_lump_id`, `attr_id`, `sort`) values('3645','445','878625','7');
insert into `itsm_cmdb_model_def_attr_item` (`id`, `model_def_attr_lump_id`, `attr_id`, `sort`) values('3646','445','878626','8');
insert into `itsm_cmdb_model_def_attr_item` (`id`, `model_def_attr_lump_id`, `attr_id`, `sort`) values('3647','445','878628','9');
insert into `itsm_cmdb_model_def_attr_item` (`id`, `model_def_attr_lump_id`, `attr_id`, `sort`) values('3648','445','878629','10');
insert into `itsm_cmdb_model_def_attr_item` (`id`, `model_def_attr_lump_id`, `attr_id`, `sort`) values('3649','445','878739','11');
insert into `itsm_cmdb_model_def_attr_item` (`id`, `model_def_attr_lump_id`, `attr_id`, `sort`) values('3650','445','878740','12');
insert into `itsm_cmdb_model_def_attr_item` (`id`, `model_def_attr_lump_id`, `attr_id`, `sort`) values('3651','445','878756','13');
insert into `itsm_cmdb_model_def_attr_item` (`id`, `model_def_attr_lump_id`, `attr_id`, `sort`) values('3652','445','878772','14');
insert into `itsm_cmdb_model_def_attr_item` (`id`, `model_def_attr_lump_id`, `attr_id`, `sort`) values('3653','446','878619','1');
insert into `itsm_cmdb_model_def_attr_item` (`id`, `model_def_attr_lump_id`, `attr_id`, `sort`) values('3654','446','878620','2');
insert into `itsm_cmdb_model_def_attr_item` (`id`, `model_def_attr_lump_id`, `attr_id`, `sort`) values('3655','446','878621','3');
insert into `itsm_cmdb_model_def_attr_item` (`id`, `model_def_attr_lump_id`, `attr_id`, `sort`) values('3656','446','878625','4');
insert into `itsm_cmdb_model_def_attr_item` (`id`, `model_def_attr_lump_id`, `attr_id`, `sort`) values('3657','446','878626','5');
insert into `itsm_cmdb_model_def_attr_item` (`id`, `model_def_attr_lump_id`, `attr_id`, `sort`) values('3658','446','878628','6');
insert into `itsm_cmdb_model_def_attr_item` (`id`, `model_def_attr_lump_id`, `attr_id`, `sort`) values('3659','446','878739','7');
insert into `itsm_cmdb_model_def_attr_item` (`id`, `model_def_attr_lump_id`, `attr_id`, `sort`) values('3660','446','878740','8');
insert into `itsm_cmdb_model_def_attr_item` (`id`, `model_def_attr_lump_id`, `attr_id`, `sort`) values('3661','447','878619','1');
insert into `itsm_cmdb_model_def_attr_item` (`id`, `model_def_attr_lump_id`, `attr_id`, `sort`) values('3662','447','878620','2');
insert into `itsm_cmdb_model_def_attr_item` (`id`, `model_def_attr_lump_id`, `attr_id`, `sort`) values('3663','447','878621','3');
insert into `itsm_cmdb_model_def_attr_item` (`id`, `model_def_attr_lump_id`, `attr_id`, `sort`) values('3664','447','878622','4');
insert into `itsm_cmdb_model_def_attr_item` (`id`, `model_def_attr_lump_id`, `attr_id`, `sort`) values('3665','447','878623','5');
insert into `itsm_cmdb_model_def_attr_item` (`id`, `model_def_attr_lump_id`, `attr_id`, `sort`) values('3666','447','878624','6');
insert into `itsm_cmdb_model_def_attr_item` (`id`, `model_def_attr_lump_id`, `attr_id`, `sort`) values('3667','447','878625','7');
insert into `itsm_cmdb_model_def_attr_item` (`id`, `model_def_attr_lump_id`, `attr_id`, `sort`) values('3668','447','878626','8');
insert into `itsm_cmdb_model_def_attr_item` (`id`, `model_def_attr_lump_id`, `attr_id`, `sort`) values('3669','447','878628','9');
insert into `itsm_cmdb_model_def_attr_item` (`id`, `model_def_attr_lump_id`, `attr_id`, `sort`) values('3670','447','878629','10');
insert into `itsm_cmdb_model_def_attr_item` (`id`, `model_def_attr_lump_id`, `attr_id`, `sort`) values('3671','447','878739','11');
insert into `itsm_cmdb_model_def_attr_item` (`id`, `model_def_attr_lump_id`, `attr_id`, `sort`) values('3672','447','878740','12');
insert into `itsm_cmdb_model_def_attr_item` (`id`, `model_def_attr_lump_id`, `attr_id`, `sort`) values('3673','447','878756','13');
insert into `itsm_cmdb_model_def_attr_item` (`id`, `model_def_attr_lump_id`, `attr_id`, `sort`) values('3674','447','878772','14');
insert into `itsm_cmdb_model_def_attr_item` (`id`, `model_def_attr_lump_id`, `attr_id`, `sort`) values('3675','448','878619','1');
insert into `itsm_cmdb_model_def_attr_item` (`id`, `model_def_attr_lump_id`, `attr_id`, `sort`) values('3676','448','878620','2');
insert into `itsm_cmdb_model_def_attr_item` (`id`, `model_def_attr_lump_id`, `attr_id`, `sort`) values('3677','448','878621','3');
insert into `itsm_cmdb_model_def_attr_item` (`id`, `model_def_attr_lump_id`, `attr_id`, `sort`) values('3678','448','878625','4');
insert into `itsm_cmdb_model_def_attr_item` (`id`, `model_def_attr_lump_id`, `attr_id`, `sort`) values('3679','448','878626','5');
insert into `itsm_cmdb_model_def_attr_item` (`id`, `model_def_attr_lump_id`, `attr_id`, `sort`) values('3680','448','878628','6');
insert into `itsm_cmdb_model_def_attr_item` (`id`, `model_def_attr_lump_id`, `attr_id`, `sort`) values('3681','448','878739','7');
insert into `itsm_cmdb_model_def_attr_item` (`id`, `model_def_attr_lump_id`, `attr_id`, `sort`) values('3682','448','878740','8');
insert into `itsm_cmdb_model_def_attr_item` (`id`, `model_def_attr_lump_id`, `attr_id`, `sort`) values('3683','449','878619','1');
insert into `itsm_cmdb_model_def_attr_item` (`id`, `model_def_attr_lump_id`, `attr_id`, `sort`) values('3684','449','878620','2');
insert into `itsm_cmdb_model_def_attr_item` (`id`, `model_def_attr_lump_id`, `attr_id`, `sort`) values('3685','449','878622','3');
insert into `itsm_cmdb_model_def_attr_item` (`id`, `model_def_attr_lump_id`, `attr_id`, `sort`) values('3686','449','878623','4');
insert into `itsm_cmdb_model_def_attr_item` (`id`, `model_def_attr_lump_id`, `attr_id`, `sort`) values('3687','449','878624','5');
insert into `itsm_cmdb_model_def_attr_item` (`id`, `model_def_attr_lump_id`, `attr_id`, `sort`) values('3688','449','878625','6');
insert into `itsm_cmdb_model_def_attr_item` (`id`, `model_def_attr_lump_id`, `attr_id`, `sort`) values('3689','449','878626','7');
insert into `itsm_cmdb_model_def_attr_item` (`id`, `model_def_attr_lump_id`, `attr_id`, `sort`) values('3690','449','878628','8');
insert into `itsm_cmdb_model_def_attr_item` (`id`, `model_def_attr_lump_id`, `attr_id`, `sort`) values('3691','449','878629','9');
insert into `itsm_cmdb_model_def_attr_item` (`id`, `model_def_attr_lump_id`, `attr_id`, `sort`) values('3692','449','878621','10');
insert into `itsm_cmdb_model_def_attr_item` (`id`, `model_def_attr_lump_id`, `attr_id`, `sort`) values('3693','449','878739','11');
insert into `itsm_cmdb_model_def_attr_item` (`id`, `model_def_attr_lump_id`, `attr_id`, `sort`) values('3694','449','878740','12');
insert into `itsm_cmdb_model_def_attr_item` (`id`, `model_def_attr_lump_id`, `attr_id`, `sort`) values('3695','449','878756','13');
insert into `itsm_cmdb_model_def_attr_item` (`id`, `model_def_attr_lump_id`, `attr_id`, `sort`) values('3696','449','878772','14');
insert into `itsm_cmdb_model_def_attr_item` (`id`, `model_def_attr_lump_id`, `attr_id`, `sort`) values('3697','450','878619','1');
insert into `itsm_cmdb_model_def_attr_item` (`id`, `model_def_attr_lump_id`, `attr_id`, `sort`) values('3698','450','878620','2');
insert into `itsm_cmdb_model_def_attr_item` (`id`, `model_def_attr_lump_id`, `attr_id`, `sort`) values('3699','450','878621','3');
insert into `itsm_cmdb_model_def_attr_item` (`id`, `model_def_attr_lump_id`, `attr_id`, `sort`) values('3700','450','878625','4');
insert into `itsm_cmdb_model_def_attr_item` (`id`, `model_def_attr_lump_id`, `attr_id`, `sort`) values('3701','450','878626','5');
insert into `itsm_cmdb_model_def_attr_item` (`id`, `model_def_attr_lump_id`, `attr_id`, `sort`) values('3702','450','878628','6');
insert into `itsm_cmdb_model_def_attr_item` (`id`, `model_def_attr_lump_id`, `attr_id`, `sort`) values('3703','450','878739','7');
insert into `itsm_cmdb_model_def_attr_item` (`id`, `model_def_attr_lump_id`, `attr_id`, `sort`) values('3704','450','878740','8');
insert into `itsm_cmdb_model_def_attr_item` (`id`, `model_def_attr_lump_id`, `attr_id`, `sort`) values('3705','451','878619','1');
insert into `itsm_cmdb_model_def_attr_item` (`id`, `model_def_attr_lump_id`, `attr_id`, `sort`) values('3706','451','878620','2');
insert into `itsm_cmdb_model_def_attr_item` (`id`, `model_def_attr_lump_id`, `attr_id`, `sort`) values('3707','451','878621','3');
insert into `itsm_cmdb_model_def_attr_item` (`id`, `model_def_attr_lump_id`, `attr_id`, `sort`) values('3708','451','878622','4');
insert into `itsm_cmdb_model_def_attr_item` (`id`, `model_def_attr_lump_id`, `attr_id`, `sort`) values('3709','451','878623','5');
insert into `itsm_cmdb_model_def_attr_item` (`id`, `model_def_attr_lump_id`, `attr_id`, `sort`) values('3710','451','878624','6');
insert into `itsm_cmdb_model_def_attr_item` (`id`, `model_def_attr_lump_id`, `attr_id`, `sort`) values('3711','451','878625','7');
insert into `itsm_cmdb_model_def_attr_item` (`id`, `model_def_attr_lump_id`, `attr_id`, `sort`) values('3712','451','878626','8');
insert into `itsm_cmdb_model_def_attr_item` (`id`, `model_def_attr_lump_id`, `attr_id`, `sort`) values('3713','451','878628','9');
insert into `itsm_cmdb_model_def_attr_item` (`id`, `model_def_attr_lump_id`, `attr_id`, `sort`) values('3714','451','878629','10');
insert into `itsm_cmdb_model_def_attr_item` (`id`, `model_def_attr_lump_id`, `attr_id`, `sort`) values('3715','451','878654','11');
insert into `itsm_cmdb_model_def_attr_item` (`id`, `model_def_attr_lump_id`, `attr_id`, `sort`) values('3716','451','878655','12');
insert into `itsm_cmdb_model_def_attr_item` (`id`, `model_def_attr_lump_id`, `attr_id`, `sort`) values('3717','451','878656','13');
insert into `itsm_cmdb_model_def_attr_item` (`id`, `model_def_attr_lump_id`, `attr_id`, `sort`) values('3718','451','878739','14');
insert into `itsm_cmdb_model_def_attr_item` (`id`, `model_def_attr_lump_id`, `attr_id`, `sort`) values('3719','451','878740','15');
insert into `itsm_cmdb_model_def_attr_item` (`id`, `model_def_attr_lump_id`, `attr_id`, `sort`) values('3720','451','878756','16');
insert into `itsm_cmdb_model_def_attr_item` (`id`, `model_def_attr_lump_id`, `attr_id`, `sort`) values('3721','451','878772','17');
insert into `itsm_cmdb_model_def_attr_item` (`id`, `model_def_attr_lump_id`, `attr_id`, `sort`) values('3722','452','878619','1');
insert into `itsm_cmdb_model_def_attr_item` (`id`, `model_def_attr_lump_id`, `attr_id`, `sort`) values('3723','452','878620','2');
insert into `itsm_cmdb_model_def_attr_item` (`id`, `model_def_attr_lump_id`, `attr_id`, `sort`) values('3724','452','878621','3');
insert into `itsm_cmdb_model_def_attr_item` (`id`, `model_def_attr_lump_id`, `attr_id`, `sort`) values('3725','452','878625','4');
insert into `itsm_cmdb_model_def_attr_item` (`id`, `model_def_attr_lump_id`, `attr_id`, `sort`) values('3726','452','878626','5');
insert into `itsm_cmdb_model_def_attr_item` (`id`, `model_def_attr_lump_id`, `attr_id`, `sort`) values('3727','452','878654','6');
insert into `itsm_cmdb_model_def_attr_item` (`id`, `model_def_attr_lump_id`, `attr_id`, `sort`) values('3728','452','878739','7');
insert into `itsm_cmdb_model_def_attr_item` (`id`, `model_def_attr_lump_id`, `attr_id`, `sort`) values('3729','452','878740','8');
insert into `itsm_cmdb_model_def_attr_item` (`id`, `model_def_attr_lump_id`, `attr_id`, `sort`) values('3730','453','878619','1');
insert into `itsm_cmdb_model_def_attr_item` (`id`, `model_def_attr_lump_id`, `attr_id`, `sort`) values('3731','453','878620','2');
insert into `itsm_cmdb_model_def_attr_item` (`id`, `model_def_attr_lump_id`, `attr_id`, `sort`) values('3732','453','878621','3');
insert into `itsm_cmdb_model_def_attr_item` (`id`, `model_def_attr_lump_id`, `attr_id`, `sort`) values('3733','453','878622','4');
insert into `itsm_cmdb_model_def_attr_item` (`id`, `model_def_attr_lump_id`, `attr_id`, `sort`) values('3734','453','878623','5');
insert into `itsm_cmdb_model_def_attr_item` (`id`, `model_def_attr_lump_id`, `attr_id`, `sort`) values('3735','453','878624','6');
insert into `itsm_cmdb_model_def_attr_item` (`id`, `model_def_attr_lump_id`, `attr_id`, `sort`) values('3736','453','878625','7');
insert into `itsm_cmdb_model_def_attr_item` (`id`, `model_def_attr_lump_id`, `attr_id`, `sort`) values('3737','453','878626','8');
insert into `itsm_cmdb_model_def_attr_item` (`id`, `model_def_attr_lump_id`, `attr_id`, `sort`) values('3738','453','878628','9');
insert into `itsm_cmdb_model_def_attr_item` (`id`, `model_def_attr_lump_id`, `attr_id`, `sort`) values('3739','453','878629','10');
insert into `itsm_cmdb_model_def_attr_item` (`id`, `model_def_attr_lump_id`, `attr_id`, `sort`) values('3740','453','878654','11');
insert into `itsm_cmdb_model_def_attr_item` (`id`, `model_def_attr_lump_id`, `attr_id`, `sort`) values('3741','453','878739','12');
insert into `itsm_cmdb_model_def_attr_item` (`id`, `model_def_attr_lump_id`, `attr_id`, `sort`) values('3742','453','878740','13');
insert into `itsm_cmdb_model_def_attr_item` (`id`, `model_def_attr_lump_id`, `attr_id`, `sort`) values('3743','453','878756','14');
insert into `itsm_cmdb_model_def_attr_item` (`id`, `model_def_attr_lump_id`, `attr_id`, `sort`) values('3744','453','878772','15');
insert into `itsm_cmdb_model_def_attr_item` (`id`, `model_def_attr_lump_id`, `attr_id`, `sort`) values('3745','454','878619','1');
insert into `itsm_cmdb_model_def_attr_item` (`id`, `model_def_attr_lump_id`, `attr_id`, `sort`) values('3746','454','878620','2');
insert into `itsm_cmdb_model_def_attr_item` (`id`, `model_def_attr_lump_id`, `attr_id`, `sort`) values('3747','454','878621','3');
insert into `itsm_cmdb_model_def_attr_item` (`id`, `model_def_attr_lump_id`, `attr_id`, `sort`) values('3748','454','878625','4');
insert into `itsm_cmdb_model_def_attr_item` (`id`, `model_def_attr_lump_id`, `attr_id`, `sort`) values('3749','454','878626','5');
insert into `itsm_cmdb_model_def_attr_item` (`id`, `model_def_attr_lump_id`, `attr_id`, `sort`) values('3750','454','878654','6');
insert into `itsm_cmdb_model_def_attr_item` (`id`, `model_def_attr_lump_id`, `attr_id`, `sort`) values('3751','454','878739','7');
insert into `itsm_cmdb_model_def_attr_item` (`id`, `model_def_attr_lump_id`, `attr_id`, `sort`) values('3752','454','878740','8');
insert into `itsm_cmdb_model_def_attr_item` (`id`, `model_def_attr_lump_id`, `attr_id`, `sort`) values('3753','455','878619','1');
insert into `itsm_cmdb_model_def_attr_item` (`id`, `model_def_attr_lump_id`, `attr_id`, `sort`) values('3754','455','878620','2');
insert into `itsm_cmdb_model_def_attr_item` (`id`, `model_def_attr_lump_id`, `attr_id`, `sort`) values('3755','455','878621','3');
insert into `itsm_cmdb_model_def_attr_item` (`id`, `model_def_attr_lump_id`, `attr_id`, `sort`) values('3756','455','878622','4');
insert into `itsm_cmdb_model_def_attr_item` (`id`, `model_def_attr_lump_id`, `attr_id`, `sort`) values('3757','455','878623','5');
insert into `itsm_cmdb_model_def_attr_item` (`id`, `model_def_attr_lump_id`, `attr_id`, `sort`) values('3758','455','878624','6');
insert into `itsm_cmdb_model_def_attr_item` (`id`, `model_def_attr_lump_id`, `attr_id`, `sort`) values('3759','455','878625','7');
insert into `itsm_cmdb_model_def_attr_item` (`id`, `model_def_attr_lump_id`, `attr_id`, `sort`) values('3760','455','878626','8');
insert into `itsm_cmdb_model_def_attr_item` (`id`, `model_def_attr_lump_id`, `attr_id`, `sort`) values('3761','455','878628','9');
insert into `itsm_cmdb_model_def_attr_item` (`id`, `model_def_attr_lump_id`, `attr_id`, `sort`) values('3762','455','878629','10');
insert into `itsm_cmdb_model_def_attr_item` (`id`, `model_def_attr_lump_id`, `attr_id`, `sort`) values('3763','455','878654','11');
insert into `itsm_cmdb_model_def_attr_item` (`id`, `model_def_attr_lump_id`, `attr_id`, `sort`) values('3764','455','878739','12');
insert into `itsm_cmdb_model_def_attr_item` (`id`, `model_def_attr_lump_id`, `attr_id`, `sort`) values('3765','455','878740','13');
insert into `itsm_cmdb_model_def_attr_item` (`id`, `model_def_attr_lump_id`, `attr_id`, `sort`) values('3766','455','878756','14');
insert into `itsm_cmdb_model_def_attr_item` (`id`, `model_def_attr_lump_id`, `attr_id`, `sort`) values('3767','455','878772','15');
insert into `itsm_cmdb_model_def_attr_item` (`id`, `model_def_attr_lump_id`, `attr_id`, `sort`) values('3768','456','878619','1');
insert into `itsm_cmdb_model_def_attr_item` (`id`, `model_def_attr_lump_id`, `attr_id`, `sort`) values('3769','456','878620','2');
insert into `itsm_cmdb_model_def_attr_item` (`id`, `model_def_attr_lump_id`, `attr_id`, `sort`) values('3770','456','878621','3');
insert into `itsm_cmdb_model_def_attr_item` (`id`, `model_def_attr_lump_id`, `attr_id`, `sort`) values('3771','456','878625','4');
insert into `itsm_cmdb_model_def_attr_item` (`id`, `model_def_attr_lump_id`, `attr_id`, `sort`) values('3772','456','878626','5');
insert into `itsm_cmdb_model_def_attr_item` (`id`, `model_def_attr_lump_id`, `attr_id`, `sort`) values('3773','456','878654','6');
insert into `itsm_cmdb_model_def_attr_item` (`id`, `model_def_attr_lump_id`, `attr_id`, `sort`) values('3774','456','878739','7');
insert into `itsm_cmdb_model_def_attr_item` (`id`, `model_def_attr_lump_id`, `attr_id`, `sort`) values('3775','456','878740','8');
insert into `itsm_cmdb_model_def_attr_item` (`id`, `model_def_attr_lump_id`, `attr_id`, `sort`) values('3776','457','878619','1');
insert into `itsm_cmdb_model_def_attr_item` (`id`, `model_def_attr_lump_id`, `attr_id`, `sort`) values('3777','457','878620','2');
insert into `itsm_cmdb_model_def_attr_item` (`id`, `model_def_attr_lump_id`, `attr_id`, `sort`) values('3778','457','878622','3');
insert into `itsm_cmdb_model_def_attr_item` (`id`, `model_def_attr_lump_id`, `attr_id`, `sort`) values('3779','457','878645','4');
insert into `itsm_cmdb_model_def_attr_item` (`id`, `model_def_attr_lump_id`, `attr_id`, `sort`) values('3780','457','878646','5');
insert into `itsm_cmdb_model_def_attr_item` (`id`, `model_def_attr_lump_id`, `attr_id`, `sort`) values('3781','457','878647','6');
insert into `itsm_cmdb_model_def_attr_item` (`id`, `model_def_attr_lump_id`, `attr_id`, `sort`) values('3782','457','878648','7');
insert into `itsm_cmdb_model_def_attr_item` (`id`, `model_def_attr_lump_id`, `attr_id`, `sort`) values('3783','457','878739','8');
insert into `itsm_cmdb_model_def_attr_item` (`id`, `model_def_attr_lump_id`, `attr_id`, `sort`) values('3784','457','878740','9');
insert into `itsm_cmdb_model_def_attr_item` (`id`, `model_def_attr_lump_id`, `attr_id`, `sort`) values('3785','457','878756','10');
insert into `itsm_cmdb_model_def_attr_item` (`id`, `model_def_attr_lump_id`, `attr_id`, `sort`) values('3786','457','878772','11');
insert into `itsm_cmdb_model_def_attr_item` (`id`, `model_def_attr_lump_id`, `attr_id`, `sort`) values('3787','458','878620','1');
insert into `itsm_cmdb_model_def_attr_item` (`id`, `model_def_attr_lump_id`, `attr_id`, `sort`) values('3788','458','878645','2');
insert into `itsm_cmdb_model_def_attr_item` (`id`, `model_def_attr_lump_id`, `attr_id`, `sort`) values('3789','458','878646','3');
insert into `itsm_cmdb_model_def_attr_item` (`id`, `model_def_attr_lump_id`, `attr_id`, `sort`) values('3790','458','878739','4');
insert into `itsm_cmdb_model_def_attr_item` (`id`, `model_def_attr_lump_id`, `attr_id`, `sort`) values('3791','458','878740','5');
insert into `itsm_cmdb_model_def_attr_item` (`id`, `model_def_attr_lump_id`, `attr_id`, `sort`) values('3792','459','878619','1');
insert into `itsm_cmdb_model_def_attr_item` (`id`, `model_def_attr_lump_id`, `attr_id`, `sort`) values('3793','459','878620','2');
insert into `itsm_cmdb_model_def_attr_item` (`id`, `model_def_attr_lump_id`, `attr_id`, `sort`) values('3794','459','878622','3');
insert into `itsm_cmdb_model_def_attr_item` (`id`, `model_def_attr_lump_id`, `attr_id`, `sort`) values('3795','459','878645','4');
insert into `itsm_cmdb_model_def_attr_item` (`id`, `model_def_attr_lump_id`, `attr_id`, `sort`) values('3796','459','878646','5');
insert into `itsm_cmdb_model_def_attr_item` (`id`, `model_def_attr_lump_id`, `attr_id`, `sort`) values('3797','459','878647','6');
insert into `itsm_cmdb_model_def_attr_item` (`id`, `model_def_attr_lump_id`, `attr_id`, `sort`) values('3798','459','878648','7');
insert into `itsm_cmdb_model_def_attr_item` (`id`, `model_def_attr_lump_id`, `attr_id`, `sort`) values('3799','459','878739','8');
insert into `itsm_cmdb_model_def_attr_item` (`id`, `model_def_attr_lump_id`, `attr_id`, `sort`) values('3800','459','878740','9');
insert into `itsm_cmdb_model_def_attr_item` (`id`, `model_def_attr_lump_id`, `attr_id`, `sort`) values('3801','459','878756','10');
insert into `itsm_cmdb_model_def_attr_item` (`id`, `model_def_attr_lump_id`, `attr_id`, `sort`) values('3802','459','878772','11');
insert into `itsm_cmdb_model_def_attr_item` (`id`, `model_def_attr_lump_id`, `attr_id`, `sort`) values('3803','460','878620','1');
insert into `itsm_cmdb_model_def_attr_item` (`id`, `model_def_attr_lump_id`, `attr_id`, `sort`) values('3804','460','878645','2');
insert into `itsm_cmdb_model_def_attr_item` (`id`, `model_def_attr_lump_id`, `attr_id`, `sort`) values('3805','460','878646','3');
insert into `itsm_cmdb_model_def_attr_item` (`id`, `model_def_attr_lump_id`, `attr_id`, `sort`) values('3806','460','878739','4');
insert into `itsm_cmdb_model_def_attr_item` (`id`, `model_def_attr_lump_id`, `attr_id`, `sort`) values('3807','460','878740','5');
insert into `itsm_cmdb_model_def_attr_item` (`id`, `model_def_attr_lump_id`, `attr_id`, `sort`) values('3808','461','878619','1');
insert into `itsm_cmdb_model_def_attr_item` (`id`, `model_def_attr_lump_id`, `attr_id`, `sort`) values('3809','461','878620','2');
insert into `itsm_cmdb_model_def_attr_item` (`id`, `model_def_attr_lump_id`, `attr_id`, `sort`) values('3810','461','878622','3');
insert into `itsm_cmdb_model_def_attr_item` (`id`, `model_def_attr_lump_id`, `attr_id`, `sort`) values('3811','461','878645','4');
insert into `itsm_cmdb_model_def_attr_item` (`id`, `model_def_attr_lump_id`, `attr_id`, `sort`) values('3812','461','878646','5');
insert into `itsm_cmdb_model_def_attr_item` (`id`, `model_def_attr_lump_id`, `attr_id`, `sort`) values('3813','461','878647','6');
insert into `itsm_cmdb_model_def_attr_item` (`id`, `model_def_attr_lump_id`, `attr_id`, `sort`) values('3814','461','878648','7');
insert into `itsm_cmdb_model_def_attr_item` (`id`, `model_def_attr_lump_id`, `attr_id`, `sort`) values('3815','461','878739','8');
insert into `itsm_cmdb_model_def_attr_item` (`id`, `model_def_attr_lump_id`, `attr_id`, `sort`) values('3816','461','878740','9');
insert into `itsm_cmdb_model_def_attr_item` (`id`, `model_def_attr_lump_id`, `attr_id`, `sort`) values('3817','461','878756','10');
insert into `itsm_cmdb_model_def_attr_item` (`id`, `model_def_attr_lump_id`, `attr_id`, `sort`) values('3818','461','878772','11');
insert into `itsm_cmdb_model_def_attr_item` (`id`, `model_def_attr_lump_id`, `attr_id`, `sort`) values('3819','462','878620','1');
insert into `itsm_cmdb_model_def_attr_item` (`id`, `model_def_attr_lump_id`, `attr_id`, `sort`) values('3820','462','878645','2');
insert into `itsm_cmdb_model_def_attr_item` (`id`, `model_def_attr_lump_id`, `attr_id`, `sort`) values('3821','462','878646','3');
insert into `itsm_cmdb_model_def_attr_item` (`id`, `model_def_attr_lump_id`, `attr_id`, `sort`) values('3822','462','878739','4');
insert into `itsm_cmdb_model_def_attr_item` (`id`, `model_def_attr_lump_id`, `attr_id`, `sort`) values('3823','462','878740','5');
insert into `itsm_cmdb_model_def_attr_item` (`id`, `model_def_attr_lump_id`, `attr_id`, `sort`) values('3824','463','878619','1');
insert into `itsm_cmdb_model_def_attr_item` (`id`, `model_def_attr_lump_id`, `attr_id`, `sort`) values('3825','463','878620','2');
insert into `itsm_cmdb_model_def_attr_item` (`id`, `model_def_attr_lump_id`, `attr_id`, `sort`) values('3826','463','878622','3');
insert into `itsm_cmdb_model_def_attr_item` (`id`, `model_def_attr_lump_id`, `attr_id`, `sort`) values('3827','463','878645','4');
insert into `itsm_cmdb_model_def_attr_item` (`id`, `model_def_attr_lump_id`, `attr_id`, `sort`) values('3828','463','878646','5');
insert into `itsm_cmdb_model_def_attr_item` (`id`, `model_def_attr_lump_id`, `attr_id`, `sort`) values('3829','463','878647','6');
insert into `itsm_cmdb_model_def_attr_item` (`id`, `model_def_attr_lump_id`, `attr_id`, `sort`) values('3830','463','878648','7');
insert into `itsm_cmdb_model_def_attr_item` (`id`, `model_def_attr_lump_id`, `attr_id`, `sort`) values('3831','463','878739','8');
insert into `itsm_cmdb_model_def_attr_item` (`id`, `model_def_attr_lump_id`, `attr_id`, `sort`) values('3832','463','878740','9');
insert into `itsm_cmdb_model_def_attr_item` (`id`, `model_def_attr_lump_id`, `attr_id`, `sort`) values('3833','463','878756','10');
insert into `itsm_cmdb_model_def_attr_item` (`id`, `model_def_attr_lump_id`, `attr_id`, `sort`) values('3834','463','878772','11');
insert into `itsm_cmdb_model_def_attr_item` (`id`, `model_def_attr_lump_id`, `attr_id`, `sort`) values('3835','464','878620','1');
insert into `itsm_cmdb_model_def_attr_item` (`id`, `model_def_attr_lump_id`, `attr_id`, `sort`) values('3836','464','878645','2');
insert into `itsm_cmdb_model_def_attr_item` (`id`, `model_def_attr_lump_id`, `attr_id`, `sort`) values('3837','464','878646','3');
insert into `itsm_cmdb_model_def_attr_item` (`id`, `model_def_attr_lump_id`, `attr_id`, `sort`) values('3838','464','878739','4');
insert into `itsm_cmdb_model_def_attr_item` (`id`, `model_def_attr_lump_id`, `attr_id`, `sort`) values('3839','464','878740','5');
insert into `itsm_cmdb_model_def_attr_item` (`id`, `model_def_attr_lump_id`, `attr_id`, `sort`) values('3840','465','878619','1');
insert into `itsm_cmdb_model_def_attr_item` (`id`, `model_def_attr_lump_id`, `attr_id`, `sort`) values('3841','465','878620','2');
insert into `itsm_cmdb_model_def_attr_item` (`id`, `model_def_attr_lump_id`, `attr_id`, `sort`) values('3842','465','878622','3');
insert into `itsm_cmdb_model_def_attr_item` (`id`, `model_def_attr_lump_id`, `attr_id`, `sort`) values('3843','465','878645','4');
insert into `itsm_cmdb_model_def_attr_item` (`id`, `model_def_attr_lump_id`, `attr_id`, `sort`) values('3844','465','878646','5');
insert into `itsm_cmdb_model_def_attr_item` (`id`, `model_def_attr_lump_id`, `attr_id`, `sort`) values('3845','465','878647','6');
insert into `itsm_cmdb_model_def_attr_item` (`id`, `model_def_attr_lump_id`, `attr_id`, `sort`) values('3846','465','878648','7');
insert into `itsm_cmdb_model_def_attr_item` (`id`, `model_def_attr_lump_id`, `attr_id`, `sort`) values('3847','465','878739','8');
insert into `itsm_cmdb_model_def_attr_item` (`id`, `model_def_attr_lump_id`, `attr_id`, `sort`) values('3848','465','878740','9');
insert into `itsm_cmdb_model_def_attr_item` (`id`, `model_def_attr_lump_id`, `attr_id`, `sort`) values('3849','465','878756','10');
insert into `itsm_cmdb_model_def_attr_item` (`id`, `model_def_attr_lump_id`, `attr_id`, `sort`) values('3850','465','878772','11');
insert into `itsm_cmdb_model_def_attr_item` (`id`, `model_def_attr_lump_id`, `attr_id`, `sort`) values('3851','466','878620','1');
insert into `itsm_cmdb_model_def_attr_item` (`id`, `model_def_attr_lump_id`, `attr_id`, `sort`) values('3852','466','878645','2');
insert into `itsm_cmdb_model_def_attr_item` (`id`, `model_def_attr_lump_id`, `attr_id`, `sort`) values('3853','466','878646','3');
insert into `itsm_cmdb_model_def_attr_item` (`id`, `model_def_attr_lump_id`, `attr_id`, `sort`) values('3854','466','878739','4');
insert into `itsm_cmdb_model_def_attr_item` (`id`, `model_def_attr_lump_id`, `attr_id`, `sort`) values('3855','466','878740','5');
insert into `itsm_cmdb_model_def_attr_item` (`id`, `model_def_attr_lump_id`, `attr_id`, `sort`) values('3856','467','878619','1');
insert into `itsm_cmdb_model_def_attr_item` (`id`, `model_def_attr_lump_id`, `attr_id`, `sort`) values('3857','467','878620','2');
insert into `itsm_cmdb_model_def_attr_item` (`id`, `model_def_attr_lump_id`, `attr_id`, `sort`) values('3858','467','878622','3');
insert into `itsm_cmdb_model_def_attr_item` (`id`, `model_def_attr_lump_id`, `attr_id`, `sort`) values('3859','467','878649','4');
insert into `itsm_cmdb_model_def_attr_item` (`id`, `model_def_attr_lump_id`, `attr_id`, `sort`) values('3860','467','878739','5');
insert into `itsm_cmdb_model_def_attr_item` (`id`, `model_def_attr_lump_id`, `attr_id`, `sort`) values('3861','467','878740','6');
insert into `itsm_cmdb_model_def_attr_item` (`id`, `model_def_attr_lump_id`, `attr_id`, `sort`) values('3862','467','878756','7');
insert into `itsm_cmdb_model_def_attr_item` (`id`, `model_def_attr_lump_id`, `attr_id`, `sort`) values('3863','467','878772','8');
insert into `itsm_cmdb_model_def_attr_item` (`id`, `model_def_attr_lump_id`, `attr_id`, `sort`) values('3864','468','878620','1');
insert into `itsm_cmdb_model_def_attr_item` (`id`, `model_def_attr_lump_id`, `attr_id`, `sort`) values('3865','468','878622','2');
insert into `itsm_cmdb_model_def_attr_item` (`id`, `model_def_attr_lump_id`, `attr_id`, `sort`) values('3866','468','878739','3');
insert into `itsm_cmdb_model_def_attr_item` (`id`, `model_def_attr_lump_id`, `attr_id`, `sort`) values('3867','468','878740','4');
insert into `itsm_cmdb_model_def_attr_item` (`id`, `model_def_attr_lump_id`, `attr_id`, `sort`) values('3868','469','878619','1');
insert into `itsm_cmdb_model_def_attr_item` (`id`, `model_def_attr_lump_id`, `attr_id`, `sort`) values('3869','469','878620','2');
insert into `itsm_cmdb_model_def_attr_item` (`id`, `model_def_attr_lump_id`, `attr_id`, `sort`) values('3870','469','878622','3');
insert into `itsm_cmdb_model_def_attr_item` (`id`, `model_def_attr_lump_id`, `attr_id`, `sort`) values('3871','469','878650','4');
insert into `itsm_cmdb_model_def_attr_item` (`id`, `model_def_attr_lump_id`, `attr_id`, `sort`) values('3872','469','878739','5');
insert into `itsm_cmdb_model_def_attr_item` (`id`, `model_def_attr_lump_id`, `attr_id`, `sort`) values('3873','469','878740','6');
insert into `itsm_cmdb_model_def_attr_item` (`id`, `model_def_attr_lump_id`, `attr_id`, `sort`) values('3874','469','878756','7');
insert into `itsm_cmdb_model_def_attr_item` (`id`, `model_def_attr_lump_id`, `attr_id`, `sort`) values('3875','469','878772','8');
insert into `itsm_cmdb_model_def_attr_item` (`id`, `model_def_attr_lump_id`, `attr_id`, `sort`) values('3876','470','878620','1');
insert into `itsm_cmdb_model_def_attr_item` (`id`, `model_def_attr_lump_id`, `attr_id`, `sort`) values('3877','470','878622','2');
insert into `itsm_cmdb_model_def_attr_item` (`id`, `model_def_attr_lump_id`, `attr_id`, `sort`) values('3878','470','878739','3');
insert into `itsm_cmdb_model_def_attr_item` (`id`, `model_def_attr_lump_id`, `attr_id`, `sort`) values('3879','470','878740','4');
insert into `itsm_cmdb_model_def_attr_item` (`id`, `model_def_attr_lump_id`, `attr_id`, `sort`) values('3880','471','878619','1');
insert into `itsm_cmdb_model_def_attr_item` (`id`, `model_def_attr_lump_id`, `attr_id`, `sort`) values('3881','471','878620','2');
insert into `itsm_cmdb_model_def_attr_item` (`id`, `model_def_attr_lump_id`, `attr_id`, `sort`) values('3882','471','878622','3');
insert into `itsm_cmdb_model_def_attr_item` (`id`, `model_def_attr_lump_id`, `attr_id`, `sort`) values('3883','471','878651','4');
insert into `itsm_cmdb_model_def_attr_item` (`id`, `model_def_attr_lump_id`, `attr_id`, `sort`) values('3884','471','878652','5');
insert into `itsm_cmdb_model_def_attr_item` (`id`, `model_def_attr_lump_id`, `attr_id`, `sort`) values('3885','471','878739','6');
insert into `itsm_cmdb_model_def_attr_item` (`id`, `model_def_attr_lump_id`, `attr_id`, `sort`) values('3886','471','878740','7');
insert into `itsm_cmdb_model_def_attr_item` (`id`, `model_def_attr_lump_id`, `attr_id`, `sort`) values('3887','471','878756','8');
insert into `itsm_cmdb_model_def_attr_item` (`id`, `model_def_attr_lump_id`, `attr_id`, `sort`) values('3888','471','878772','9');
insert into `itsm_cmdb_model_def_attr_item` (`id`, `model_def_attr_lump_id`, `attr_id`, `sort`) values('3889','472','878620','1');
insert into `itsm_cmdb_model_def_attr_item` (`id`, `model_def_attr_lump_id`, `attr_id`, `sort`) values('3890','472','878622','2');
insert into `itsm_cmdb_model_def_attr_item` (`id`, `model_def_attr_lump_id`, `attr_id`, `sort`) values('3891','472','878739','3');
insert into `itsm_cmdb_model_def_attr_item` (`id`, `model_def_attr_lump_id`, `attr_id`, `sort`) values('3892','472','878740','4');
insert into `itsm_cmdb_model_def_attr_item` (`id`, `model_def_attr_lump_id`, `attr_id`, `sort`) values('3893','473','878685','1');
insert into `itsm_cmdb_model_def_attr_item` (`id`, `model_def_attr_lump_id`, `attr_id`, `sort`) values('3894','473','878686','2');
insert into `itsm_cmdb_model_def_attr_item` (`id`, `model_def_attr_lump_id`, `attr_id`, `sort`) values('3895','473','878690','3');
insert into `itsm_cmdb_model_def_attr_item` (`id`, `model_def_attr_lump_id`, `attr_id`, `sort`) values('3896','473','878739','4');
insert into `itsm_cmdb_model_def_attr_item` (`id`, `model_def_attr_lump_id`, `attr_id`, `sort`) values('3897','473','878740','5');
insert into `itsm_cmdb_model_def_attr_item` (`id`, `model_def_attr_lump_id`, `attr_id`, `sort`) values('3898','473','878756','6');
insert into `itsm_cmdb_model_def_attr_item` (`id`, `model_def_attr_lump_id`, `attr_id`, `sort`) values('3899','473','878772','7');
insert into `itsm_cmdb_model_def_attr_item` (`id`, `model_def_attr_lump_id`, `attr_id`, `sort`) values('3900','474','878685','1');
insert into `itsm_cmdb_model_def_attr_item` (`id`, `model_def_attr_lump_id`, `attr_id`, `sort`) values('3901','474','878739','2');
insert into `itsm_cmdb_model_def_attr_item` (`id`, `model_def_attr_lump_id`, `attr_id`, `sort`) values('3902','474','878740','3');
insert into `itsm_cmdb_model_def_attr_item` (`id`, `model_def_attr_lump_id`, `attr_id`, `sort`) values('3903','475','878685','1');
insert into `itsm_cmdb_model_def_attr_item` (`id`, `model_def_attr_lump_id`, `attr_id`, `sort`) values('3904','475','878686','2');
insert into `itsm_cmdb_model_def_attr_item` (`id`, `model_def_attr_lump_id`, `attr_id`, `sort`) values('3905','475','878687','3');
insert into `itsm_cmdb_model_def_attr_item` (`id`, `model_def_attr_lump_id`, `attr_id`, `sort`) values('3906','475','878739','4');
insert into `itsm_cmdb_model_def_attr_item` (`id`, `model_def_attr_lump_id`, `attr_id`, `sort`) values('3907','475','878740','5');
insert into `itsm_cmdb_model_def_attr_item` (`id`, `model_def_attr_lump_id`, `attr_id`, `sort`) values('3908','475','878756','6');
insert into `itsm_cmdb_model_def_attr_item` (`id`, `model_def_attr_lump_id`, `attr_id`, `sort`) values('3909','475','878772','7');
insert into `itsm_cmdb_model_def_attr_item` (`id`, `model_def_attr_lump_id`, `attr_id`, `sort`) values('3910','476','878685','1');
insert into `itsm_cmdb_model_def_attr_item` (`id`, `model_def_attr_lump_id`, `attr_id`, `sort`) values('3911','476','878739','2');
insert into `itsm_cmdb_model_def_attr_item` (`id`, `model_def_attr_lump_id`, `attr_id`, `sort`) values('3912','476','878740','3');
insert into `itsm_cmdb_model_def_attr_item` (`id`, `model_def_attr_lump_id`, `attr_id`, `sort`) values('3913','477','878685','1');
insert into `itsm_cmdb_model_def_attr_item` (`id`, `model_def_attr_lump_id`, `attr_id`, `sort`) values('3914','477','878686','2');
insert into `itsm_cmdb_model_def_attr_item` (`id`, `model_def_attr_lump_id`, `attr_id`, `sort`) values('3915','477','878689','3');
insert into `itsm_cmdb_model_def_attr_item` (`id`, `model_def_attr_lump_id`, `attr_id`, `sort`) values('3916','477','878688','4');
insert into `itsm_cmdb_model_def_attr_item` (`id`, `model_def_attr_lump_id`, `attr_id`, `sort`) values('3917','477','878739','5');
insert into `itsm_cmdb_model_def_attr_item` (`id`, `model_def_attr_lump_id`, `attr_id`, `sort`) values('3918','477','878740','6');
insert into `itsm_cmdb_model_def_attr_item` (`id`, `model_def_attr_lump_id`, `attr_id`, `sort`) values('3919','477','878756','7');
insert into `itsm_cmdb_model_def_attr_item` (`id`, `model_def_attr_lump_id`, `attr_id`, `sort`) values('3920','477','878772','8');
insert into `itsm_cmdb_model_def_attr_item` (`id`, `model_def_attr_lump_id`, `attr_id`, `sort`) values('3921','478','878685','1');
insert into `itsm_cmdb_model_def_attr_item` (`id`, `model_def_attr_lump_id`, `attr_id`, `sort`) values('3922','478','878739','2');
insert into `itsm_cmdb_model_def_attr_item` (`id`, `model_def_attr_lump_id`, `attr_id`, `sort`) values('3923','478','878740','3');
insert into `itsm_cmdb_model_def_attr_item` (`id`, `model_def_attr_lump_id`, `attr_id`, `sort`) values('3924','479','878619','1');
insert into `itsm_cmdb_model_def_attr_item` (`id`, `model_def_attr_lump_id`, `attr_id`, `sort`) values('3925','479','878620','2');
insert into `itsm_cmdb_model_def_attr_item` (`id`, `model_def_attr_lump_id`, `attr_id`, `sort`) values('3926','479','878739','3');
insert into `itsm_cmdb_model_def_attr_item` (`id`, `model_def_attr_lump_id`, `attr_id`, `sort`) values('3927','479','878740','4');
insert into `itsm_cmdb_model_def_attr_item` (`id`, `model_def_attr_lump_id`, `attr_id`, `sort`) values('3928','479','878756','5');
insert into `itsm_cmdb_model_def_attr_item` (`id`, `model_def_attr_lump_id`, `attr_id`, `sort`) values('3929','479','878772','6');
insert into `itsm_cmdb_model_def_attr_item` (`id`, `model_def_attr_lump_id`, `attr_id`, `sort`) values('3930','480','878619','1');
insert into `itsm_cmdb_model_def_attr_item` (`id`, `model_def_attr_lump_id`, `attr_id`, `sort`) values('3931','480','878620','2');
insert into `itsm_cmdb_model_def_attr_item` (`id`, `model_def_attr_lump_id`, `attr_id`, `sort`) values('3932','480','878739','3');
insert into `itsm_cmdb_model_def_attr_item` (`id`, `model_def_attr_lump_id`, `attr_id`, `sort`) values('3933','480','878740','4');
insert into `itsm_cmdb_model_def_attr_item` (`id`, `model_def_attr_lump_id`, `attr_id`, `sort`) values('3934','481','878619','1');
insert into `itsm_cmdb_model_def_attr_item` (`id`, `model_def_attr_lump_id`, `attr_id`, `sort`) values('3935','481','878620','2');
insert into `itsm_cmdb_model_def_attr_item` (`id`, `model_def_attr_lump_id`, `attr_id`, `sort`) values('3936','481','878691','3');
insert into `itsm_cmdb_model_def_attr_item` (`id`, `model_def_attr_lump_id`, `attr_id`, `sort`) values('3937','481','878692','4');
insert into `itsm_cmdb_model_def_attr_item` (`id`, `model_def_attr_lump_id`, `attr_id`, `sort`) values('3938','481','878693','5');
insert into `itsm_cmdb_model_def_attr_item` (`id`, `model_def_attr_lump_id`, `attr_id`, `sort`) values('3939','481','878694','6');
insert into `itsm_cmdb_model_def_attr_item` (`id`, `model_def_attr_lump_id`, `attr_id`, `sort`) values('3940','481','878695','7');
insert into `itsm_cmdb_model_def_attr_item` (`id`, `model_def_attr_lump_id`, `attr_id`, `sort`) values('3941','481','878696','8');
insert into `itsm_cmdb_model_def_attr_item` (`id`, `model_def_attr_lump_id`, `attr_id`, `sort`) values('3942','481','878697','9');
insert into `itsm_cmdb_model_def_attr_item` (`id`, `model_def_attr_lump_id`, `attr_id`, `sort`) values('3943','481','878698','10');
insert into `itsm_cmdb_model_def_attr_item` (`id`, `model_def_attr_lump_id`, `attr_id`, `sort`) values('3944','481','878699','11');
insert into `itsm_cmdb_model_def_attr_item` (`id`, `model_def_attr_lump_id`, `attr_id`, `sort`) values('3945','481','878700','12');
insert into `itsm_cmdb_model_def_attr_item` (`id`, `model_def_attr_lump_id`, `attr_id`, `sort`) values('3946','481','878701','13');
insert into `itsm_cmdb_model_def_attr_item` (`id`, `model_def_attr_lump_id`, `attr_id`, `sort`) values('3947','481','878739','14');
insert into `itsm_cmdb_model_def_attr_item` (`id`, `model_def_attr_lump_id`, `attr_id`, `sort`) values('3948','481','878702','15');
insert into `itsm_cmdb_model_def_attr_item` (`id`, `model_def_attr_lump_id`, `attr_id`, `sort`) values('3949','481','878740','16');
insert into `itsm_cmdb_model_def_attr_item` (`id`, `model_def_attr_lump_id`, `attr_id`, `sort`) values('3950','481','878703','17');
insert into `itsm_cmdb_model_def_attr_item` (`id`, `model_def_attr_lump_id`, `attr_id`, `sort`) values('3951','481','878756','18');
insert into `itsm_cmdb_model_def_attr_item` (`id`, `model_def_attr_lump_id`, `attr_id`, `sort`) values('3952','481','878772','19');
insert into `itsm_cmdb_model_def_attr_item` (`id`, `model_def_attr_lump_id`, `attr_id`, `sort`) values('3953','482','878619','1');
insert into `itsm_cmdb_model_def_attr_item` (`id`, `model_def_attr_lump_id`, `attr_id`, `sort`) values('3954','482','878620','2');
insert into `itsm_cmdb_model_def_attr_item` (`id`, `model_def_attr_lump_id`, `attr_id`, `sort`) values('3955','482','878739','3');
insert into `itsm_cmdb_model_def_attr_item` (`id`, `model_def_attr_lump_id`, `attr_id`, `sort`) values('3956','482','878740','4');
insert into `itsm_cmdb_model_def_attr_item` (`id`, `model_def_attr_lump_id`, `attr_id`, `sort`) values('3957','483','878619','1');
insert into `itsm_cmdb_model_def_attr_item` (`id`, `model_def_attr_lump_id`, `attr_id`, `sort`) values('3958','483','878620','2');
insert into `itsm_cmdb_model_def_attr_item` (`id`, `model_def_attr_lump_id`, `attr_id`, `sort`) values('3959','483','878621','3');
insert into `itsm_cmdb_model_def_attr_item` (`id`, `model_def_attr_lump_id`, `attr_id`, `sort`) values('3960','483','878691','4');
insert into `itsm_cmdb_model_def_attr_item` (`id`, `model_def_attr_lump_id`, `attr_id`, `sort`) values('3961','483','878699','5');
insert into `itsm_cmdb_model_def_attr_item` (`id`, `model_def_attr_lump_id`, `attr_id`, `sort`) values('3962','483','878700','6');
insert into `itsm_cmdb_model_def_attr_item` (`id`, `model_def_attr_lump_id`, `attr_id`, `sort`) values('3963','483','878704','7');
insert into `itsm_cmdb_model_def_attr_item` (`id`, `model_def_attr_lump_id`, `attr_id`, `sort`) values('3964','483','878705','8');
insert into `itsm_cmdb_model_def_attr_item` (`id`, `model_def_attr_lump_id`, `attr_id`, `sort`) values('3965','483','878706','9');
insert into `itsm_cmdb_model_def_attr_item` (`id`, `model_def_attr_lump_id`, `attr_id`, `sort`) values('3966','483','878707','10');
insert into `itsm_cmdb_model_def_attr_item` (`id`, `model_def_attr_lump_id`, `attr_id`, `sort`) values('3967','483','878708','11');
insert into `itsm_cmdb_model_def_attr_item` (`id`, `model_def_attr_lump_id`, `attr_id`, `sort`) values('3968','483','878709','12');
insert into `itsm_cmdb_model_def_attr_item` (`id`, `model_def_attr_lump_id`, `attr_id`, `sort`) values('3969','483','878710','13');
insert into `itsm_cmdb_model_def_attr_item` (`id`, `model_def_attr_lump_id`, `attr_id`, `sort`) values('3970','483','878739','14');
insert into `itsm_cmdb_model_def_attr_item` (`id`, `model_def_attr_lump_id`, `attr_id`, `sort`) values('3971','483','878711','15');
insert into `itsm_cmdb_model_def_attr_item` (`id`, `model_def_attr_lump_id`, `attr_id`, `sort`) values('3972','483','878740','16');
insert into `itsm_cmdb_model_def_attr_item` (`id`, `model_def_attr_lump_id`, `attr_id`, `sort`) values('3973','483','878713','17');
insert into `itsm_cmdb_model_def_attr_item` (`id`, `model_def_attr_lump_id`, `attr_id`, `sort`) values('3974','483','878714','18');
insert into `itsm_cmdb_model_def_attr_item` (`id`, `model_def_attr_lump_id`, `attr_id`, `sort`) values('3975','483','878715','19');
insert into `itsm_cmdb_model_def_attr_item` (`id`, `model_def_attr_lump_id`, `attr_id`, `sort`) values('3976','483','878716','20');
insert into `itsm_cmdb_model_def_attr_item` (`id`, `model_def_attr_lump_id`, `attr_id`, `sort`) values('3977','483','878717','21');
insert into `itsm_cmdb_model_def_attr_item` (`id`, `model_def_attr_lump_id`, `attr_id`, `sort`) values('3978','483','878718','22');
insert into `itsm_cmdb_model_def_attr_item` (`id`, `model_def_attr_lump_id`, `attr_id`, `sort`) values('3979','483','878719','23');
insert into `itsm_cmdb_model_def_attr_item` (`id`, `model_def_attr_lump_id`, `attr_id`, `sort`) values('3980','483','878720','24');
insert into `itsm_cmdb_model_def_attr_item` (`id`, `model_def_attr_lump_id`, `attr_id`, `sort`) values('3981','483','878721','25');
insert into `itsm_cmdb_model_def_attr_item` (`id`, `model_def_attr_lump_id`, `attr_id`, `sort`) values('3982','483','878722','26');
insert into `itsm_cmdb_model_def_attr_item` (`id`, `model_def_attr_lump_id`, `attr_id`, `sort`) values('3983','483','878725','27');
insert into `itsm_cmdb_model_def_attr_item` (`id`, `model_def_attr_lump_id`, `attr_id`, `sort`) values('3984','483','878726','28');
insert into `itsm_cmdb_model_def_attr_item` (`id`, `model_def_attr_lump_id`, `attr_id`, `sort`) values('3985','483','878727','29');
insert into `itsm_cmdb_model_def_attr_item` (`id`, `model_def_attr_lump_id`, `attr_id`, `sort`) values('3986','483','878728','30');
insert into `itsm_cmdb_model_def_attr_item` (`id`, `model_def_attr_lump_id`, `attr_id`, `sort`) values('3987','483','878729','31');
insert into `itsm_cmdb_model_def_attr_item` (`id`, `model_def_attr_lump_id`, `attr_id`, `sort`) values('3988','483','878730','32');
insert into `itsm_cmdb_model_def_attr_item` (`id`, `model_def_attr_lump_id`, `attr_id`, `sort`) values('3989','483','878723','33');
insert into `itsm_cmdb_model_def_attr_item` (`id`, `model_def_attr_lump_id`, `attr_id`, `sort`) values('3990','483','878724','34');
insert into `itsm_cmdb_model_def_attr_item` (`id`, `model_def_attr_lump_id`, `attr_id`, `sort`) values('3991','483','878734','35');
insert into `itsm_cmdb_model_def_attr_item` (`id`, `model_def_attr_lump_id`, `attr_id`, `sort`) values('3992','483','878737','36');
insert into `itsm_cmdb_model_def_attr_item` (`id`, `model_def_attr_lump_id`, `attr_id`, `sort`) values('3993','483','878736','37');
insert into `itsm_cmdb_model_def_attr_item` (`id`, `model_def_attr_lump_id`, `attr_id`, `sort`) values('3994','483','878738','38');
insert into `itsm_cmdb_model_def_attr_item` (`id`, `model_def_attr_lump_id`, `attr_id`, `sort`) values('3995','483','878735','39');
insert into `itsm_cmdb_model_def_attr_item` (`id`, `model_def_attr_lump_id`, `attr_id`, `sort`) values('3996','483','878756','40');
insert into `itsm_cmdb_model_def_attr_item` (`id`, `model_def_attr_lump_id`, `attr_id`, `sort`) values('3997','483','878772','41');
insert into `itsm_cmdb_model_def_attr_item` (`id`, `model_def_attr_lump_id`, `attr_id`, `sort`) values('3998','484','878619','1');
insert into `itsm_cmdb_model_def_attr_item` (`id`, `model_def_attr_lump_id`, `attr_id`, `sort`) values('3999','484','878620','2');
insert into `itsm_cmdb_model_def_attr_item` (`id`, `model_def_attr_lump_id`, `attr_id`, `sort`) values('4000','484','878739','3');
insert into `itsm_cmdb_model_def_attr_item` (`id`, `model_def_attr_lump_id`, `attr_id`, `sort`) values('4001','484','878740','4');
insert into `itsm_cmdb_model_def_attr_item` (`id`, `model_def_attr_lump_id`, `attr_id`, `sort`) values('4002','485','878685','1');
insert into `itsm_cmdb_model_def_attr_item` (`id`, `model_def_attr_lump_id`, `attr_id`, `sort`) values('4003','485','878704','2');
insert into `itsm_cmdb_model_def_attr_item` (`id`, `model_def_attr_lump_id`, `attr_id`, `sort`) values('4004','485','878720','3');
insert into `itsm_cmdb_model_def_attr_item` (`id`, `model_def_attr_lump_id`, `attr_id`, `sort`) values('4005','485','878723','4');
insert into `itsm_cmdb_model_def_attr_item` (`id`, `model_def_attr_lump_id`, `attr_id`, `sort`) values('4006','485','878724','5');
insert into `itsm_cmdb_model_def_attr_item` (`id`, `model_def_attr_lump_id`, `attr_id`, `sort`) values('4007','485','878728','6');
insert into `itsm_cmdb_model_def_attr_item` (`id`, `model_def_attr_lump_id`, `attr_id`, `sort`) values('4008','485','878729','7');
insert into `itsm_cmdb_model_def_attr_item` (`id`, `model_def_attr_lump_id`, `attr_id`, `sort`) values('4009','485','878730','8');
insert into `itsm_cmdb_model_def_attr_item` (`id`, `model_def_attr_lump_id`, `attr_id`, `sort`) values('4010','485','878734','9');
insert into `itsm_cmdb_model_def_attr_item` (`id`, `model_def_attr_lump_id`, `attr_id`, `sort`) values('4011','485','878736','10');
insert into `itsm_cmdb_model_def_attr_item` (`id`, `model_def_attr_lump_id`, `attr_id`, `sort`) values('4012','485','878639','11');
insert into `itsm_cmdb_model_def_attr_item` (`id`, `model_def_attr_lump_id`, `attr_id`, `sort`) values('4013','485','878738','12');
insert into `itsm_cmdb_model_def_attr_item` (`id`, `model_def_attr_lump_id`, `attr_id`, `sort`) values('4014','485','878625','13');
insert into `itsm_cmdb_model_def_attr_item` (`id`, `model_def_attr_lump_id`, `attr_id`, `sort`) values('4015','485','878739','14');
insert into `itsm_cmdb_model_def_attr_item` (`id`, `model_def_attr_lump_id`, `attr_id`, `sort`) values('4016','485','878621','15');
insert into `itsm_cmdb_model_def_attr_item` (`id`, `model_def_attr_lump_id`, `attr_id`, `sort`) values('4017','485','878740','16');
insert into `itsm_cmdb_model_def_attr_item` (`id`, `model_def_attr_lump_id`, `attr_id`, `sort`) values('4018','485','878756','17');
insert into `itsm_cmdb_model_def_attr_item` (`id`, `model_def_attr_lump_id`, `attr_id`, `sort`) values('4019','485','878772','18');
insert into `itsm_cmdb_model_def_attr_item` (`id`, `model_def_attr_lump_id`, `attr_id`, `sort`) values('4020','486','878704','1');
insert into `itsm_cmdb_model_def_attr_item` (`id`, `model_def_attr_lump_id`, `attr_id`, `sort`) values('4021','486','878739','2');
insert into `itsm_cmdb_model_def_attr_item` (`id`, `model_def_attr_lump_id`, `attr_id`, `sort`) values('4022','486','878740','3');
insert into `itsm_cmdb_model_def_attr_item` (`id`, `model_def_attr_lump_id`, `attr_id`, `sort`) values('4023','487','878745','1');
insert into `itsm_cmdb_model_def_attr_item` (`id`, `model_def_attr_lump_id`, `attr_id`, `sort`) values('4024','487','878628','2');
insert into `itsm_cmdb_model_def_attr_item` (`id`, `model_def_attr_lump_id`, `attr_id`, `sort`) values('4025','487','878685','3');
insert into `itsm_cmdb_model_def_attr_item` (`id`, `model_def_attr_lump_id`, `attr_id`, `sort`) values('4026','487','878719','4');
insert into `itsm_cmdb_model_def_attr_item` (`id`, `model_def_attr_lump_id`, `attr_id`, `sort`) values('4027','487','878720','5');
insert into `itsm_cmdb_model_def_attr_item` (`id`, `model_def_attr_lump_id`, `attr_id`, `sort`) values('4028','487','878737','6');
insert into `itsm_cmdb_model_def_attr_item` (`id`, `model_def_attr_lump_id`, `attr_id`, `sort`) values('4029','487','878741','7');
insert into `itsm_cmdb_model_def_attr_item` (`id`, `model_def_attr_lump_id`, `attr_id`, `sort`) values('4030','487','878742','8');
insert into `itsm_cmdb_model_def_attr_item` (`id`, `model_def_attr_lump_id`, `attr_id`, `sort`) values('4031','487','878743','9');
insert into `itsm_cmdb_model_def_attr_item` (`id`, `model_def_attr_lump_id`, `attr_id`, `sort`) values('4032','487','878744','10');
insert into `itsm_cmdb_model_def_attr_item` (`id`, `model_def_attr_lump_id`, `attr_id`, `sort`) values('4033','487','878746','11');
insert into `itsm_cmdb_model_def_attr_item` (`id`, `model_def_attr_lump_id`, `attr_id`, `sort`) values('4034','487','878753','12');
insert into `itsm_cmdb_model_def_attr_item` (`id`, `model_def_attr_lump_id`, `attr_id`, `sort`) values('4035','487','878754','13');
insert into `itsm_cmdb_model_def_attr_item` (`id`, `model_def_attr_lump_id`, `attr_id`, `sort`) values('4036','487','878756','14');
insert into `itsm_cmdb_model_def_attr_item` (`id`, `model_def_attr_lump_id`, `attr_id`, `sort`) values('4037','487','878772','15');
insert into `itsm_cmdb_model_def_attr_item` (`id`, `model_def_attr_lump_id`, `attr_id`, `sort`) values('4038','488','878621','1');
insert into `itsm_cmdb_model_def_attr_item` (`id`, `model_def_attr_lump_id`, `attr_id`, `sort`) values('4039','488','878721','2');
insert into `itsm_cmdb_model_def_attr_item` (`id`, `model_def_attr_lump_id`, `attr_id`, `sort`) values('4040','488','878723','3');
insert into `itsm_cmdb_model_def_attr_item` (`id`, `model_def_attr_lump_id`, `attr_id`, `sort`) values('4041','488','878724','4');
insert into `itsm_cmdb_model_def_attr_item` (`id`, `model_def_attr_lump_id`, `attr_id`, `sort`) values('4042','488','878747','5');
insert into `itsm_cmdb_model_def_attr_item` (`id`, `model_def_attr_lump_id`, `attr_id`, `sort`) values('4043','488','878748','6');
insert into `itsm_cmdb_model_def_attr_item` (`id`, `model_def_attr_lump_id`, `attr_id`, `sort`) values('4044','488','878755','7');
insert into `itsm_cmdb_model_def_attr_item` (`id`, `model_def_attr_lump_id`, `attr_id`, `sort`) values('4045','489','878750','1');
insert into `itsm_cmdb_model_def_attr_item` (`id`, `model_def_attr_lump_id`, `attr_id`, `sort`) values('4046','489','878751','2');
insert into `itsm_cmdb_model_def_attr_item` (`id`, `model_def_attr_lump_id`, `attr_id`, `sort`) values('4047','489','878752','3');
insert into `itsm_cmdb_model_def_attr_item` (`id`, `model_def_attr_lump_id`, `attr_id`, `sort`) values('4048','489','878619','4');
insert into `itsm_cmdb_model_def_attr_item` (`id`, `model_def_attr_lump_id`, `attr_id`, `sort`) values('4049','489','878621','5');
insert into `itsm_cmdb_model_def_attr_item` (`id`, `model_def_attr_lump_id`, `attr_id`, `sort`) values('4050','489','878729','6');
insert into `itsm_cmdb_model_def_attr_item` (`id`, `model_def_attr_lump_id`, `attr_id`, `sort`) values('4051','489','878749','7');
insert into `itsm_cmdb_model_def_attr_item` (`id`, `model_def_attr_lump_id`, `attr_id`, `sort`) values('4052','489','878739','8');
insert into `itsm_cmdb_model_def_attr_item` (`id`, `model_def_attr_lump_id`, `attr_id`, `sort`) values('4053','489','878740','9');
insert into `itsm_cmdb_model_def_attr_item` (`id`, `model_def_attr_lump_id`, `attr_id`, `sort`) values('4054','490','878741','1');
insert into `itsm_cmdb_model_def_attr_item` (`id`, `model_def_attr_lump_id`, `attr_id`, `sort`) values('4055','490','878742','2');
insert into `itsm_cmdb_model_def_attr_item` (`id`, `model_def_attr_lump_id`, `attr_id`, `sort`) values('4056','490','878743','3');
insert into `itsm_cmdb_model_def_attr_item` (`id`, `model_def_attr_lump_id`, `attr_id`, `sort`) values('4057','490','878744','4');
insert into `itsm_cmdb_model_def_attr_item` (`id`, `model_def_attr_lump_id`, `attr_id`, `sort`) values('4058','490','878745','5');

/*Data for the table `itsm_cmdb_model_def_attr_lump` */

insert into `itsm_cmdb_model_def_attr_lump` (`id`, `model_def_id`, `name`, `position`) values('351','22','总体信息','1');
insert into `itsm_cmdb_model_def_attr_lump` (`id`, `model_def_id`, `name`, `position`) values('352','22','日期信息','2');
insert into `itsm_cmdb_model_def_attr_lump` (`id`, `model_def_id`, `name`, `position`) values('353','22','详细信息','3');
insert into `itsm_cmdb_model_def_attr_lump` (`id`, `model_def_id`, `name`, `position`) values('354','22','表头','0');
insert into `itsm_cmdb_model_def_attr_lump` (`id`, `model_def_id`, `name`, `position`) values('403','2','基本属性','1');
insert into `itsm_cmdb_model_def_attr_lump` (`id`, `model_def_id`, `name`, `position`) values('404','2','表头','0');
insert into `itsm_cmdb_model_def_attr_lump` (`id`, `model_def_id`, `name`, `position`) values('405','1','基本属性','1');
insert into `itsm_cmdb_model_def_attr_lump` (`id`, `model_def_id`, `name`, `position`) values('406','1','表头','0');
insert into `itsm_cmdb_model_def_attr_lump` (`id`, `model_def_id`, `name`, `position`) values('407','3','基本属性','1');
insert into `itsm_cmdb_model_def_attr_lump` (`id`, `model_def_id`, `name`, `position`) values('408','3','表头','0');
insert into `itsm_cmdb_model_def_attr_lump` (`id`, `model_def_id`, `name`, `position`) values('409','4','基本属性','1');
insert into `itsm_cmdb_model_def_attr_lump` (`id`, `model_def_id`, `name`, `position`) values('410','4','表头','0');
insert into `itsm_cmdb_model_def_attr_lump` (`id`, `model_def_id`, `name`, `position`) values('411','5','总体信息','1');
insert into `itsm_cmdb_model_def_attr_lump` (`id`, `model_def_id`, `name`, `position`) values('412','5','表头','0');
insert into `itsm_cmdb_model_def_attr_lump` (`id`, `model_def_id`, `name`, `position`) values('413','6','总体信息','1');
insert into `itsm_cmdb_model_def_attr_lump` (`id`, `model_def_id`, `name`, `position`) values('414','6','日期信息','2');
insert into `itsm_cmdb_model_def_attr_lump` (`id`, `model_def_id`, `name`, `position`) values('415','6','电源','3');
insert into `itsm_cmdb_model_def_attr_lump` (`id`, `model_def_id`, `name`, `position`) values('416','6','详细信息','4');
insert into `itsm_cmdb_model_def_attr_lump` (`id`, `model_def_id`, `name`, `position`) values('417','6','表头','0');
insert into `itsm_cmdb_model_def_attr_lump` (`id`, `model_def_id`, `name`, `position`) values('418','7','总体信息','1');
insert into `itsm_cmdb_model_def_attr_lump` (`id`, `model_def_id`, `name`, `position`) values('419','7','日期信息','2');
insert into `itsm_cmdb_model_def_attr_lump` (`id`, `model_def_id`, `name`, `position`) values('420','7','电源','3');
insert into `itsm_cmdb_model_def_attr_lump` (`id`, `model_def_id`, `name`, `position`) values('421','7','详细信息','4');
insert into `itsm_cmdb_model_def_attr_lump` (`id`, `model_def_id`, `name`, `position`) values('422','7','表头','0');
insert into `itsm_cmdb_model_def_attr_lump` (`id`, `model_def_id`, `name`, `position`) values('423','8','总体信息','1');
insert into `itsm_cmdb_model_def_attr_lump` (`id`, `model_def_id`, `name`, `position`) values('424','8','日期信息','2');
insert into `itsm_cmdb_model_def_attr_lump` (`id`, `model_def_id`, `name`, `position`) values('425','8','电源','3');
insert into `itsm_cmdb_model_def_attr_lump` (`id`, `model_def_id`, `name`, `position`) values('426','8','详细信息','4');
insert into `itsm_cmdb_model_def_attr_lump` (`id`, `model_def_id`, `name`, `position`) values('427','8','表头','0');
insert into `itsm_cmdb_model_def_attr_lump` (`id`, `model_def_id`, `name`, `position`) values('428','9','总体信息','1');
insert into `itsm_cmdb_model_def_attr_lump` (`id`, `model_def_id`, `name`, `position`) values('429','9','日期信息','2');
insert into `itsm_cmdb_model_def_attr_lump` (`id`, `model_def_id`, `name`, `position`) values('430','9','电源','3');
insert into `itsm_cmdb_model_def_attr_lump` (`id`, `model_def_id`, `name`, `position`) values('431','9','详细信息','4');
insert into `itsm_cmdb_model_def_attr_lump` (`id`, `model_def_id`, `name`, `position`) values('432','9','表头','0');
insert into `itsm_cmdb_model_def_attr_lump` (`id`, `model_def_id`, `name`, `position`) values('433','10','总体信息','1');
insert into `itsm_cmdb_model_def_attr_lump` (`id`, `model_def_id`, `name`, `position`) values('434','10','日期信息','2');
insert into `itsm_cmdb_model_def_attr_lump` (`id`, `model_def_id`, `name`, `position`) values('435','10','电源','3');
insert into `itsm_cmdb_model_def_attr_lump` (`id`, `model_def_id`, `name`, `position`) values('436','10','详细信息','4');
insert into `itsm_cmdb_model_def_attr_lump` (`id`, `model_def_id`, `name`, `position`) values('437','10','表头','0');
insert into `itsm_cmdb_model_def_attr_lump` (`id`, `model_def_id`, `name`, `position`) values('438','11','基本属性','1');
insert into `itsm_cmdb_model_def_attr_lump` (`id`, `model_def_id`, `name`, `position`) values('439','11','表头','0');
insert into `itsm_cmdb_model_def_attr_lump` (`id`, `model_def_id`, `name`, `position`) values('440','12','基本属性','1');
insert into `itsm_cmdb_model_def_attr_lump` (`id`, `model_def_id`, `name`, `position`) values('441','12','表头','0');
insert into `itsm_cmdb_model_def_attr_lump` (`id`, `model_def_id`, `name`, `position`) values('442','13','总体信息','1');
insert into `itsm_cmdb_model_def_attr_lump` (`id`, `model_def_id`, `name`, `position`) values('443','13','基本属性2','2');
insert into `itsm_cmdb_model_def_attr_lump` (`id`, `model_def_id`, `name`, `position`) values('444','13','表头','0');
insert into `itsm_cmdb_model_def_attr_lump` (`id`, `model_def_id`, `name`, `position`) values('445','23','基本属性','1');
insert into `itsm_cmdb_model_def_attr_lump` (`id`, `model_def_id`, `name`, `position`) values('446','23','表头','0');
insert into `itsm_cmdb_model_def_attr_lump` (`id`, `model_def_id`, `name`, `position`) values('447','24','基本属性','1');
insert into `itsm_cmdb_model_def_attr_lump` (`id`, `model_def_id`, `name`, `position`) values('448','24','表头','0');
insert into `itsm_cmdb_model_def_attr_lump` (`id`, `model_def_id`, `name`, `position`) values('449','25','基本属性','1');
insert into `itsm_cmdb_model_def_attr_lump` (`id`, `model_def_id`, `name`, `position`) values('450','25','表头','0');
insert into `itsm_cmdb_model_def_attr_lump` (`id`, `model_def_id`, `name`, `position`) values('451','26','基本属性','1');
insert into `itsm_cmdb_model_def_attr_lump` (`id`, `model_def_id`, `name`, `position`) values('452','26','表头','0');
insert into `itsm_cmdb_model_def_attr_lump` (`id`, `model_def_id`, `name`, `position`) values('453','27','基本属性','1');
insert into `itsm_cmdb_model_def_attr_lump` (`id`, `model_def_id`, `name`, `position`) values('454','27','表头','0');
insert into `itsm_cmdb_model_def_attr_lump` (`id`, `model_def_id`, `name`, `position`) values('455','28','基本属性','1');
insert into `itsm_cmdb_model_def_attr_lump` (`id`, `model_def_id`, `name`, `position`) values('456','28','表头','0');
insert into `itsm_cmdb_model_def_attr_lump` (`id`, `model_def_id`, `name`, `position`) values('457','14','基本属性','1');
insert into `itsm_cmdb_model_def_attr_lump` (`id`, `model_def_id`, `name`, `position`) values('458','14','表头','0');
insert into `itsm_cmdb_model_def_attr_lump` (`id`, `model_def_id`, `name`, `position`) values('459','15','基本属性','1');
insert into `itsm_cmdb_model_def_attr_lump` (`id`, `model_def_id`, `name`, `position`) values('460','15','表头','0');
insert into `itsm_cmdb_model_def_attr_lump` (`id`, `model_def_id`, `name`, `position`) values('461','16','基本属性','1');
insert into `itsm_cmdb_model_def_attr_lump` (`id`, `model_def_id`, `name`, `position`) values('462','16','表头','0');
insert into `itsm_cmdb_model_def_attr_lump` (`id`, `model_def_id`, `name`, `position`) values('463','17','基本属性','1');
insert into `itsm_cmdb_model_def_attr_lump` (`id`, `model_def_id`, `name`, `position`) values('464','17','表头','0');
insert into `itsm_cmdb_model_def_attr_lump` (`id`, `model_def_id`, `name`, `position`) values('465','18','基本属性','1');
insert into `itsm_cmdb_model_def_attr_lump` (`id`, `model_def_id`, `name`, `position`) values('466','18','表头','0');
insert into `itsm_cmdb_model_def_attr_lump` (`id`, `model_def_id`, `name`, `position`) values('467','19','基本属性','1');
insert into `itsm_cmdb_model_def_attr_lump` (`id`, `model_def_id`, `name`, `position`) values('468','19','表头','0');
insert into `itsm_cmdb_model_def_attr_lump` (`id`, `model_def_id`, `name`, `position`) values('469','20','基本属性','1');
insert into `itsm_cmdb_model_def_attr_lump` (`id`, `model_def_id`, `name`, `position`) values('470','20','表头','0');
insert into `itsm_cmdb_model_def_attr_lump` (`id`, `model_def_id`, `name`, `position`) values('471','21','基本属性','1');
insert into `itsm_cmdb_model_def_attr_lump` (`id`, `model_def_id`, `name`, `position`) values('472','21','表头','0');
insert into `itsm_cmdb_model_def_attr_lump` (`id`, `model_def_id`, `name`, `position`) values('473','29','基本属性','1');
insert into `itsm_cmdb_model_def_attr_lump` (`id`, `model_def_id`, `name`, `position`) values('474','29','表头','0');
insert into `itsm_cmdb_model_def_attr_lump` (`id`, `model_def_id`, `name`, `position`) values('475','30','基本属性','1');
insert into `itsm_cmdb_model_def_attr_lump` (`id`, `model_def_id`, `name`, `position`) values('476','30','表头','0');
insert into `itsm_cmdb_model_def_attr_lump` (`id`, `model_def_id`, `name`, `position`) values('477','31','基本属性','1');
insert into `itsm_cmdb_model_def_attr_lump` (`id`, `model_def_id`, `name`, `position`) values('478','31','表头','0');
insert into `itsm_cmdb_model_def_attr_lump` (`id`, `model_def_id`, `name`, `position`) values('479','32','基本属性','1');
insert into `itsm_cmdb_model_def_attr_lump` (`id`, `model_def_id`, `name`, `position`) values('480','32','表头','0');
insert into `itsm_cmdb_model_def_attr_lump` (`id`, `model_def_id`, `name`, `position`) values('481','33','基本属性','1');
insert into `itsm_cmdb_model_def_attr_lump` (`id`, `model_def_id`, `name`, `position`) values('482','33','表头','0');
insert into `itsm_cmdb_model_def_attr_lump` (`id`, `model_def_id`, `name`, `position`) values('483','34','基本属性','1');
insert into `itsm_cmdb_model_def_attr_lump` (`id`, `model_def_id`, `name`, `position`) values('484','34','表头','0');
insert into `itsm_cmdb_model_def_attr_lump` (`id`, `model_def_id`, `name`, `position`) values('485','40','基本属性1','1');
insert into `itsm_cmdb_model_def_attr_lump` (`id`, `model_def_id`, `name`, `position`) values('486','40','表头','0');
insert into `itsm_cmdb_model_def_attr_lump` (`id`, `model_def_id`, `name`, `position`) values('487','41','基本属性','1');
insert into `itsm_cmdb_model_def_attr_lump` (`id`, `model_def_id`, `name`, `position`) values('488','41','位置属性','2');
insert into `itsm_cmdb_model_def_attr_lump` (`id`, `model_def_id`, `name`, `position`) values('489','41','管理属性','3');
insert into `itsm_cmdb_model_def_attr_lump` (`id`, `model_def_id`, `name`, `position`) values('490','41','表头','0');

/*Data for the table `itsm_cmdb_model_def_link` */

insert into `itsm_cmdb_model_def_link` (`id`, `model_def_id`, `type`, `link_id`) values('78','9','0','6');
insert into `itsm_cmdb_model_def_link` (`id`, `model_def_id`, `type`, `link_id`) values('79','9','0','31');
insert into `itsm_cmdb_model_def_link` (`id`, `model_def_id`, `type`, `link_id`) values('80','9','0','30');
insert into `itsm_cmdb_model_def_link` (`id`, `model_def_id`, `type`, `link_id`) values('81','9','0','29');
insert into `itsm_cmdb_model_def_link` (`id`, `model_def_id`, `type`, `link_id`) values('82','9','1','1');
insert into `itsm_cmdb_model_def_link` (`id`, `model_def_id`, `type`, `link_id`) values('83','9','1','3');
insert into `itsm_cmdb_model_def_link` (`id`, `model_def_id`, `type`, `link_id`) values('112','2','1','1');
insert into `itsm_cmdb_model_def_link` (`id`, `model_def_id`, `type`, `link_id`) values('113','2','1','2');
insert into `itsm_cmdb_model_def_link` (`id`, `model_def_id`, `type`, `link_id`) values('114','2','1','3');
insert into `itsm_cmdb_model_def_link` (`id`, `model_def_id`, `type`, `link_id`) values('115','1','1','1');
insert into `itsm_cmdb_model_def_link` (`id`, `model_def_id`, `type`, `link_id`) values('116','1','1','2');
insert into `itsm_cmdb_model_def_link` (`id`, `model_def_id`, `type`, `link_id`) values('117','1','1','3');
insert into `itsm_cmdb_model_def_link` (`id`, `model_def_id`, `type`, `link_id`) values('118','3','1','1');
insert into `itsm_cmdb_model_def_link` (`id`, `model_def_id`, `type`, `link_id`) values('119','3','1','2');
insert into `itsm_cmdb_model_def_link` (`id`, `model_def_id`, `type`, `link_id`) values('120','3','1','3');
insert into `itsm_cmdb_model_def_link` (`id`, `model_def_id`, `type`, `link_id`) values('121','4','1','1');
insert into `itsm_cmdb_model_def_link` (`id`, `model_def_id`, `type`, `link_id`) values('122','4','1','2');
insert into `itsm_cmdb_model_def_link` (`id`, `model_def_id`, `type`, `link_id`) values('123','4','1','3');
insert into `itsm_cmdb_model_def_link` (`id`, `model_def_id`, `type`, `link_id`) values('124','5','0','6');
insert into `itsm_cmdb_model_def_link` (`id`, `model_def_id`, `type`, `link_id`) values('125','5','0','29');
insert into `itsm_cmdb_model_def_link` (`id`, `model_def_id`, `type`, `link_id`) values('126','5','0','30');
insert into `itsm_cmdb_model_def_link` (`id`, `model_def_id`, `type`, `link_id`) values('127','5','0','31');
insert into `itsm_cmdb_model_def_link` (`id`, `model_def_id`, `type`, `link_id`) values('128','5','1','1');
insert into `itsm_cmdb_model_def_link` (`id`, `model_def_id`, `type`, `link_id`) values('129','5','1','2');
insert into `itsm_cmdb_model_def_link` (`id`, `model_def_id`, `type`, `link_id`) values('130','5','1','3');
insert into `itsm_cmdb_model_def_link` (`id`, `model_def_id`, `type`, `link_id`) values('131','6','0','29');
insert into `itsm_cmdb_model_def_link` (`id`, `model_def_id`, `type`, `link_id`) values('132','6','0','30');
insert into `itsm_cmdb_model_def_link` (`id`, `model_def_id`, `type`, `link_id`) values('133','6','1','1');
insert into `itsm_cmdb_model_def_link` (`id`, `model_def_id`, `type`, `link_id`) values('134','6','1','2');
insert into `itsm_cmdb_model_def_link` (`id`, `model_def_id`, `type`, `link_id`) values('135','6','1','3');
insert into `itsm_cmdb_model_def_link` (`id`, `model_def_id`, `type`, `link_id`) values('136','7','0','6');
insert into `itsm_cmdb_model_def_link` (`id`, `model_def_id`, `type`, `link_id`) values('137','7','0','29');
insert into `itsm_cmdb_model_def_link` (`id`, `model_def_id`, `type`, `link_id`) values('138','7','0','30');
insert into `itsm_cmdb_model_def_link` (`id`, `model_def_id`, `type`, `link_id`) values('139','7','0','31');
insert into `itsm_cmdb_model_def_link` (`id`, `model_def_id`, `type`, `link_id`) values('140','7','1','1');
insert into `itsm_cmdb_model_def_link` (`id`, `model_def_id`, `type`, `link_id`) values('141','7','1','2');
insert into `itsm_cmdb_model_def_link` (`id`, `model_def_id`, `type`, `link_id`) values('142','7','1','3');
insert into `itsm_cmdb_model_def_link` (`id`, `model_def_id`, `type`, `link_id`) values('143','8','0','6');
insert into `itsm_cmdb_model_def_link` (`id`, `model_def_id`, `type`, `link_id`) values('144','8','0','29');
insert into `itsm_cmdb_model_def_link` (`id`, `model_def_id`, `type`, `link_id`) values('145','8','0','30');
insert into `itsm_cmdb_model_def_link` (`id`, `model_def_id`, `type`, `link_id`) values('146','8','0','31');
insert into `itsm_cmdb_model_def_link` (`id`, `model_def_id`, `type`, `link_id`) values('147','8','1','1');
insert into `itsm_cmdb_model_def_link` (`id`, `model_def_id`, `type`, `link_id`) values('148','8','1','2');
insert into `itsm_cmdb_model_def_link` (`id`, `model_def_id`, `type`, `link_id`) values('149','8','1','3');
insert into `itsm_cmdb_model_def_link` (`id`, `model_def_id`, `type`, `link_id`) values('150','10','0','6');
insert into `itsm_cmdb_model_def_link` (`id`, `model_def_id`, `type`, `link_id`) values('151','10','0','29');
insert into `itsm_cmdb_model_def_link` (`id`, `model_def_id`, `type`, `link_id`) values('152','10','0','30');
insert into `itsm_cmdb_model_def_link` (`id`, `model_def_id`, `type`, `link_id`) values('153','10','0','31');
insert into `itsm_cmdb_model_def_link` (`id`, `model_def_id`, `type`, `link_id`) values('154','10','1','1');
insert into `itsm_cmdb_model_def_link` (`id`, `model_def_id`, `type`, `link_id`) values('155','10','1','2');
insert into `itsm_cmdb_model_def_link` (`id`, `model_def_id`, `type`, `link_id`) values('156','10','1','3');
insert into `itsm_cmdb_model_def_link` (`id`, `model_def_id`, `type`, `link_id`) values('157','11','1','1');
insert into `itsm_cmdb_model_def_link` (`id`, `model_def_id`, `type`, `link_id`) values('158','11','1','2');
insert into `itsm_cmdb_model_def_link` (`id`, `model_def_id`, `type`, `link_id`) values('159','11','1','3');
insert into `itsm_cmdb_model_def_link` (`id`, `model_def_id`, `type`, `link_id`) values('160','12','1','1');
insert into `itsm_cmdb_model_def_link` (`id`, `model_def_id`, `type`, `link_id`) values('161','12','1','2');
insert into `itsm_cmdb_model_def_link` (`id`, `model_def_id`, `type`, `link_id`) values('162','12','1','3');
insert into `itsm_cmdb_model_def_link` (`id`, `model_def_id`, `type`, `link_id`) values('163','13','1','1');
insert into `itsm_cmdb_model_def_link` (`id`, `model_def_id`, `type`, `link_id`) values('164','13','1','2');
insert into `itsm_cmdb_model_def_link` (`id`, `model_def_id`, `type`, `link_id`) values('165','13','1','3');
insert into `itsm_cmdb_model_def_link` (`id`, `model_def_id`, `type`, `link_id`) values('166','22','0','6');
insert into `itsm_cmdb_model_def_link` (`id`, `model_def_id`, `type`, `link_id`) values('167','22','1','1');
insert into `itsm_cmdb_model_def_link` (`id`, `model_def_id`, `type`, `link_id`) values('168','22','1','2');
insert into `itsm_cmdb_model_def_link` (`id`, `model_def_id`, `type`, `link_id`) values('169','22','1','3');
insert into `itsm_cmdb_model_def_link` (`id`, `model_def_id`, `type`, `link_id`) values('170','28','1','1');
insert into `itsm_cmdb_model_def_link` (`id`, `model_def_id`, `type`, `link_id`) values('171','28','1','2');
insert into `itsm_cmdb_model_def_link` (`id`, `model_def_id`, `type`, `link_id`) values('172','28','1','3');
insert into `itsm_cmdb_model_def_link` (`id`, `model_def_id`, `type`, `link_id`) values('173','27','1','1');
insert into `itsm_cmdb_model_def_link` (`id`, `model_def_id`, `type`, `link_id`) values('174','27','1','2');
insert into `itsm_cmdb_model_def_link` (`id`, `model_def_id`, `type`, `link_id`) values('175','27','1','3');
insert into `itsm_cmdb_model_def_link` (`id`, `model_def_id`, `type`, `link_id`) values('176','26','1','2');
insert into `itsm_cmdb_model_def_link` (`id`, `model_def_id`, `type`, `link_id`) values('177','25','1','1');
insert into `itsm_cmdb_model_def_link` (`id`, `model_def_id`, `type`, `link_id`) values('178','25','1','2');
insert into `itsm_cmdb_model_def_link` (`id`, `model_def_id`, `type`, `link_id`) values('179','25','1','3');
insert into `itsm_cmdb_model_def_link` (`id`, `model_def_id`, `type`, `link_id`) values('180','24','0','6');
insert into `itsm_cmdb_model_def_link` (`id`, `model_def_id`, `type`, `link_id`) values('181','24','1','1');
insert into `itsm_cmdb_model_def_link` (`id`, `model_def_id`, `type`, `link_id`) values('182','24','1','2');
insert into `itsm_cmdb_model_def_link` (`id`, `model_def_id`, `type`, `link_id`) values('183','24','1','3');
insert into `itsm_cmdb_model_def_link` (`id`, `model_def_id`, `type`, `link_id`) values('184','23','1','1');
insert into `itsm_cmdb_model_def_link` (`id`, `model_def_id`, `type`, `link_id`) values('185','23','1','2');
insert into `itsm_cmdb_model_def_link` (`id`, `model_def_id`, `type`, `link_id`) values('186','23','1','3');
insert into `itsm_cmdb_model_def_link` (`id`, `model_def_id`, `type`, `link_id`) values('187','14','1','1');
insert into `itsm_cmdb_model_def_link` (`id`, `model_def_id`, `type`, `link_id`) values('188','14','1','2');
insert into `itsm_cmdb_model_def_link` (`id`, `model_def_id`, `type`, `link_id`) values('189','14','1','3');
insert into `itsm_cmdb_model_def_link` (`id`, `model_def_id`, `type`, `link_id`) values('190','15','1','1');
insert into `itsm_cmdb_model_def_link` (`id`, `model_def_id`, `type`, `link_id`) values('191','15','1','2');
insert into `itsm_cmdb_model_def_link` (`id`, `model_def_id`, `type`, `link_id`) values('192','15','1','3');
insert into `itsm_cmdb_model_def_link` (`id`, `model_def_id`, `type`, `link_id`) values('193','16','1','1');
insert into `itsm_cmdb_model_def_link` (`id`, `model_def_id`, `type`, `link_id`) values('194','16','1','2');
insert into `itsm_cmdb_model_def_link` (`id`, `model_def_id`, `type`, `link_id`) values('195','16','1','3');
insert into `itsm_cmdb_model_def_link` (`id`, `model_def_id`, `type`, `link_id`) values('196','17','1','1');
insert into `itsm_cmdb_model_def_link` (`id`, `model_def_id`, `type`, `link_id`) values('197','17','1','2');
insert into `itsm_cmdb_model_def_link` (`id`, `model_def_id`, `type`, `link_id`) values('198','17','1','3');
insert into `itsm_cmdb_model_def_link` (`id`, `model_def_id`, `type`, `link_id`) values('199','18','1','1');
insert into `itsm_cmdb_model_def_link` (`id`, `model_def_id`, `type`, `link_id`) values('200','18','1','2');
insert into `itsm_cmdb_model_def_link` (`id`, `model_def_id`, `type`, `link_id`) values('201','18','1','3');
insert into `itsm_cmdb_model_def_link` (`id`, `model_def_id`, `type`, `link_id`) values('202','19','1','1');
insert into `itsm_cmdb_model_def_link` (`id`, `model_def_id`, `type`, `link_id`) values('203','19','1','2');
insert into `itsm_cmdb_model_def_link` (`id`, `model_def_id`, `type`, `link_id`) values('204','19','1','3');
insert into `itsm_cmdb_model_def_link` (`id`, `model_def_id`, `type`, `link_id`) values('205','20','1','1');
insert into `itsm_cmdb_model_def_link` (`id`, `model_def_id`, `type`, `link_id`) values('206','20','1','2');
insert into `itsm_cmdb_model_def_link` (`id`, `model_def_id`, `type`, `link_id`) values('207','20','1','3');
insert into `itsm_cmdb_model_def_link` (`id`, `model_def_id`, `type`, `link_id`) values('208','21','1','1');
insert into `itsm_cmdb_model_def_link` (`id`, `model_def_id`, `type`, `link_id`) values('209','21','1','2');
insert into `itsm_cmdb_model_def_link` (`id`, `model_def_id`, `type`, `link_id`) values('210','21','1','3');



INSERT INTO `itsm_audit_function_model` VALUES ('0', 'WorkB', '工作台', '0');
INSERT INTO `itsm_audit_function_model` VALUES ('1', 'SVR', '服务台', '0');
INSERT INTO `itsm_audit_function_model` VALUES ('2', 'SP', '服务流程', '0');
INSERT INTO `itsm_audit_function_model` VALUES ('3', 'OMC', '运维中心', '0');
INSERT INTO `itsm_audit_function_model` VALUES ('4', 'PM', '巡检管理', '0');
INSERT INTO `itsm_audit_function_model` VALUES ('5', 'AA', '资产配置', '0');
INSERT INTO `itsm_audit_function_model` VALUES ('6', 'SA', '统计分析', '0');
INSERT INTO `itsm_audit_function_model` VALUES ('7', 'SM', '系统管理', '0');
INSERT INTO `itsm_audit_function_model` VALUES ('8', 'Login', '登陆', '0');
INSERT INTO `itsm_audit_function_model` VALUES ('9', 'SVR-WA', '待分派', '1');
INSERT INTO `itsm_audit_function_model` VALUES ('10', 'SVR-AW', '全部工单', '1');
INSERT INTO `itsm_audit_function_model` VALUES ('11', 'SVR-MA', '监控告警', '1');
INSERT INTO `itsm_audit_function_model` VALUES ('12', 'SVR-MR', '我的请求', '1');
INSERT INTO `itsm_audit_function_model` VALUES ('13', 'SVR-ME', '我的事件', '1');
INSERT INTO `itsm_audit_function_model` VALUES ('14', 'SVR-MP', '我的问题', '1');
INSERT INTO `itsm_audit_function_model` VALUES ('15', 'SVR-MC', '我的变更', '1');
INSERT INTO `itsm_audit_function_model` VALUES ('16', 'SVR-KnB', '知识库', '1');
INSERT INTO `itsm_audit_function_model` VALUES ('17', 'SVR-MKn', '我的知识', '1');
INSERT INTO `itsm_audit_function_model` VALUES ('18', 'SVR-MBOD', '我的值班', '1');
INSERT INTO `itsm_audit_function_model` VALUES ('19', 'SVR-MLe', '我的请假', '1');
INSERT INTO `itsm_audit_function_model` VALUES ('20', 'SVR-MCS', '我的换班', '1');
INSERT INTO `itsm_audit_function_model` VALUES ('21', 'SP-SR', '提交请求', '2');
INSERT INTO `itsm_audit_function_model` VALUES ('22', 'SP-MR', '我的请求', '2');
INSERT INTO `itsm_audit_function_model` VALUES ('23', 'SP-WHR', '待办请求', '2');
INSERT INTO `itsm_audit_function_model` VALUES ('24', 'SP-RQ', '请求查询', '2');
INSERT INTO `itsm_audit_function_model` VALUES ('25', 'SP-SE', '提交事件', '2');
INSERT INTO `itsm_audit_function_model` VALUES ('26', 'SP-MS', '我的提交', '2');
INSERT INTO `itsm_audit_function_model` VALUES ('27', 'SP-WHE', '待办事件', '2');
INSERT INTO `itsm_audit_function_model` VALUES ('28', 'SP-EQ', '事件查询', '2');
INSERT INTO `itsm_audit_function_model` VALUES ('29', 'SP-NAQ', '新增查询', '2');
INSERT INTO `itsm_audit_function_model` VALUES ('30', 'SP-MNAP', '我的新增', '2');
INSERT INTO `itsm_audit_function_model` VALUES ('31', 'SP-WHP', '待办问题', '2');
INSERT INTO `itsm_audit_function_model` VALUES ('32', 'SP-PQ', '问题查询', '2');
INSERT INTO `itsm_audit_function_model` VALUES ('33', 'SP-NC', '新增变更', '2');
INSERT INTO `itsm_audit_function_model` VALUES ('34', 'SP-MNAC', '我的新增', '2');
INSERT INTO `itsm_audit_function_model` VALUES ('35', 'SP-CC', '变更日历', '2');
INSERT INTO `itsm_audit_function_model` VALUES ('36', 'SP-CQ', '变更查询', '2');
INSERT INTO `itsm_audit_function_model` VALUES ('37', 'SP-WHC', '待办变更', '2');
INSERT INTO `itsm_audit_function_model` VALUES ('38', 'OMC-KD', '知识审核', '3');
INSERT INTO `itsm_audit_function_model` VALUES ('39', 'OMC-LD', '请假审核', '3');
INSERT INTO `itsm_audit_function_model` VALUES ('40', 'OMC-SD', '换班审核', '3');
INSERT INTO `itsm_audit_function_model` VALUES ('41', 'OMC-DiM', '目录管理', '3');
INSERT INTO `itsm_audit_function_model` VALUES ('42', 'OMC-SLAM', 'SLA管理', '3');
INSERT INTO `itsm_audit_function_model` VALUES ('43', 'OMC-DuM', '值班管理', '3');
INSERT INTO `itsm_audit_function_model` VALUES ('44', 'OMC-SCM', '班次管理', '3');
INSERT INTO `itsm_audit_function_model` VALUES ('45', 'OMC-ODC', '值班情况', '3');
INSERT INTO `itsm_audit_function_model` VALUES ('46', 'OMC-KnB', '知识库', '3');
INSERT INTO `itsm_audit_function_model` VALUES ('47', 'OMC-NM', '通告管路', '3');
INSERT INTO `itsm_audit_function_model` VALUES ('48', 'PM-WHI', '待办巡检', '4');
INSERT INTO `itsm_audit_function_model` VALUES ('49', 'PM-AI', '全部巡检', '4');
INSERT INTO `itsm_audit_function_model` VALUES ('50', 'PM-IT', '巡检任务', '4');
INSERT INTO `itsm_audit_function_model` VALUES ('51', 'PM-IPl', '巡检计划', '4');
INSERT INTO `itsm_audit_function_model` VALUES ('52', 'AA-AM', '资产管理', '5');
INSERT INTO `itsm_audit_function_model` VALUES ('53', 'AA-AS', '资产统计', '5');
INSERT INTO `itsm_audit_function_model` VALUES ('54', 'AA-Ovv', '概览', '5');
INSERT INTO `itsm_audit_function_model` VALUES ('55', 'AA-Op', '位置', '5');
INSERT INTO `itsm_audit_function_model` VALUES ('56', 'AA-File', '文档', '5');
INSERT INTO `itsm_audit_function_model` VALUES ('57', 'AA-Contacts', '联系人', '5');
INSERT INTO `itsm_audit_function_model` VALUES ('58', 'AA-SD', '软件目录', '5');
INSERT INTO `itsm_audit_function_model` VALUES ('59', 'AA-ContractM', '合同管理', '5');
INSERT INTO `itsm_audit_function_model` VALUES ('60', 'AA-SupplierM', '供应商管理', '5');
INSERT INTO `itsm_audit_function_model` VALUES ('61', 'AA-TypeConfig', '类型配置', '5');
INSERT INTO `itsm_audit_function_model` VALUES ('62', 'AA-CIM', 'CI建模', '5');
INSERT INTO `itsm_audit_function_model` VALUES ('63', 'AA-AttrM', '属性管理', '5');
INSERT INTO `itsm_audit_function_model` VALUES ('64', 'SA-CurrentS', '当前状态', '6');
INSERT INTO `itsm_audit_function_model` VALUES ('65', 'SA-ServiceD', '服务目录', '6');
INSERT INTO `itsm_audit_function_model` VALUES ('66', 'SA-ProcessingD', '处理数据', '6');
INSERT INTO `itsm_audit_function_model` VALUES ('67', 'SA-UserS', '用户满意度', '6');
INSERT INTO `itsm_audit_function_model` VALUES ('68', 'SA-AssetT', '资产类型', '6');
INSERT INTO `itsm_audit_function_model` VALUES ('69', 'SA-AssetD', '资产分布', '6');
INSERT INTO `itsm_audit_function_model` VALUES ('70', 'SA-AssetS', '资产状态', '6');
INSERT INTO `itsm_audit_function_model` VALUES ('71', 'SA-WorkloadS', '工作量统计', '6');
INSERT INTO `itsm_audit_function_model` VALUES ('72', 'SA-SatisfactionS', '满意度统计', '6');
INSERT INTO `itsm_audit_function_model` VALUES ('73', 'SA-DutyS', '值班统计', '6');
INSERT INTO `itsm_audit_function_model` VALUES ('74', 'SA-KnowledgeCS', '知识贡献统计', '6');
INSERT INTO `itsm_audit_function_model` VALUES ('75', 'SA-KnowledgeS', '知识统计', '6');
INSERT INTO `itsm_audit_function_model` VALUES ('76', 'SM-UserM', '用户管理', '7');
INSERT INTO `itsm_audit_function_model` VALUES ('77', 'SM-RoleM', '角色管理', '7');
INSERT INTO `itsm_audit_function_model` VALUES ('78', 'SM-CorporateN', '公司名称', '7');
INSERT INTO `itsm_audit_function_model` VALUES ('79', 'SM-OrgS', '组织架构', '7');
INSERT INTO `itsm_audit_function_model` VALUES ('80', 'SM-ApplicantM', '申请人管理', '7');
INSERT INTO `itsm_audit_function_model` VALUES ('81', 'SM-PictureS', '图片设置', '7');
INSERT INTO `itsm_audit_function_model` VALUES ('82', 'SM-ProcessM', '流程管理', '7');
INSERT INTO `itsm_audit_function_model` VALUES ('83', 'SM-SatisfactionM', '满意度管理', '7');
INSERT INTO `itsm_audit_function_model` VALUES ('84', 'SM-AuditL', '审计日志', '7');

INSERT INTO `itsm_ves_group` (`id`, `name`, `create_date`, `remarks`, `group_type`, `catalogue_id`, `catalogue_name`, `group_status`) VALUES('110001','问题方案审核组','2019-10-14 17:10:55','','1',NULL,NULL,'0');
INSERT INTO `itsm_ves_group` (`id`, `name`, `create_date`, `remarks`, `group_type`, `catalogue_id`, `catalogue_name`, `group_status`) VALUES('110002','问题实施组','2019-10-14 17:11:10','','1',NULL,NULL,'0');
INSERT INTO `itsm_ves_group` (`id`, `name`, `create_date`, `remarks`, `group_type`, `catalogue_id`, `catalogue_name`, `group_status`) VALUES('110003','变更审核组','2019-10-14 17:11:23','','1',NULL,NULL,'0');
INSERT INTO `itsm_ves_group` (`id`, `name`, `create_date`, `remarks`, `group_type`, `catalogue_id`, `catalogue_name`, `group_status`) VALUES('110004','变更实施组','2019-10-14 17:11:30','','1',NULL,NULL,'0');
INSERT INTO `itsm_ves_group` (`id`, `name`, `create_date`, `remarks`, `group_type`, `catalogue_id`, `catalogue_name`, `group_status`) VALUES('110005','请求审批组','2019-10-14 17:11:38','','1',NULL,NULL,'0');
INSERT INTO `itsm_ves_group` (`id`, `name`, `create_date`, `remarks`, `group_type`, `catalogue_id`, `catalogue_name`, `group_status`) VALUES('110006','请求处理组','2019-10-14 17:11:45','','1',NULL,NULL,'0');


INSERT INTO `itsm_service_level` VALUES ('1', '2', '1', '1', '1', null, null, null, null);
INSERT INTO `itsm_service_level` VALUES ('2', '2', '2', '1', '1', null, null, null, null);
INSERT INTO `itsm_service_level` VALUES ('3', '2', '3', '2', '2', null, null, null, null);
INSERT INTO `itsm_service_level` VALUES ('4', '2', '4', '2', '2', null, null, null, null);
INSERT INTO `itsm_service_level` VALUES ('5', '2', '5', '3', '3', null, null, null, null);
INSERT INTO `itsm_service_level` VALUES ('6', '2', '6', '3', '3', null, null, null, null);
INSERT INTO `itsm_service_level` VALUES ('7', '3', '1', '1', '1', null, null, null, null);
INSERT INTO `itsm_service_level` VALUES ('8', '3', '2', '1', '1', null, null, null, null);
INSERT INTO `itsm_service_level` VALUES ('9', '3', '3', '2', '2', null, null, null, null);
INSERT INTO `itsm_service_level` VALUES ('10', '3', '4', '2', '2', null, null, null, null);
INSERT INTO `itsm_service_level` VALUES ('11', '3', '5', '2', '2', null, null, null, null);
INSERT INTO `itsm_service_level` VALUES ('12', '3', '6', '3', '3', null, null, null, null);
INSERT INTO `itsm_service_level` VALUES ('13', '3', '7', '3', '3', null, null, null, null);
INSERT INTO `itsm_service_level` VALUES ('14', '4', '1', '1', '1', null, null, null, null);
INSERT INTO `itsm_service_level` VALUES ('15', '4', '2', '1', '1', null, null, null, null);
INSERT INTO `itsm_service_level` VALUES ('16', '4', '3', '2', '2', null, null, null, null);
INSERT INTO `itsm_service_level` VALUES ('17', '4', '4', '2', '2', null, null, null, null);
INSERT INTO `itsm_service_level` VALUES ('18', '4', '5', '2', '2', null, null, null, null);
INSERT INTO `itsm_service_level` VALUES ('19', '4', '6', '3', '3', null, null, null, null);
INSERT INTO `itsm_service_level` VALUES ('20', '4', '7', '3', '3', null, null, null, null);
INSERT INTO `itsm_service_level` VALUES ('21', '4', '8', '3', '3', null, null, null, null);
INSERT INTO `itsm_service_level` VALUES ('22', '5', '1', '1', '1', null, null, null, null);
INSERT INTO `itsm_service_level` VALUES ('23', '5', '2', '1', '1', null, null, null, null);
INSERT INTO `itsm_service_level` VALUES ('24', '5', '3', '1', '1', null, null, null, null);
INSERT INTO `itsm_service_level` VALUES ('25', '5', '4', '2', '2', null, null, null, null);
INSERT INTO `itsm_service_level` VALUES ('26', '5', '5', '2', '2', null, null, null, null);
INSERT INTO `itsm_service_level` VALUES ('27', '5', '6', '2', '2', null, null, null, null);
INSERT INTO `itsm_service_level` VALUES ('28', '5', '7', '3', '3', null, null, null, null);
INSERT INTO `itsm_service_level` VALUES ('29', '5', '8', '3', '3', null, null, null, null);
INSERT INTO `itsm_service_level` VALUES ('30', '5', '9', '3', '3', null, null, null, null);
